{"id": 0, "metrics": {"accuracy": 0.7434634331186055, "0.0": {"precision": 0.0, "recall": 0.0, "f1": 0.0, "support": 1354}, "1.0": {"precision": 0.7434634331186055, "recall": 1.0, "f1": 0.8528580743316669, "support": 3924}, "macro_avg": {"precision": 0.37173171655930276, "recall": 0.5, "f1": 0.42642903716583347, "support": 5278}, "macro_auc": 0.5804449044398972, "macro_aupoc": 0.7999796309097911, "doa": 0.5077506361482339, "doa_know_support": 256, "doa_z_support": 6664}}
{"id": 1, "metrics": {"accuracy": 0.7637172516065249, "0.0": {"precision": 0.0, "recall": 0.0, "f1": 0.0, "support": 478}, "1.0": {"precision": 0.7637172516065249, "recall": 1.0, "f1": 0.8660313901345291, "support": 1545}, "macro_avg": {"precision": 0.38185862580326246, "recall": 0.5, "f1": 0.43301569506726456, "support": 2023}, "macro_auc": 0.6149964116938159, "macro_aupoc": 0.8291924896620287, "doa": 0.4987134124709556, "doa_know_support": 164, "doa_z_support": 1290}}
{"id": 2, "metrics": {"accuracy": 0.731948565776459, "0.0": {"precision": 0.0, "recall": 0.0, "f1": 0.0, "support": 271}, "1.0": {"precision": 0.731948565776459, "recall": 1.0, "f1": 0.845231296402056, "support": 740}, "macro_avg": {"precision": 0.3659742828882295, "recall": 0.5, "f1": 0.422615648201028, "support": 1011}, "macro_auc": 0.6329759648947841, "macro_aupoc": 0.8089185892695623, "doa": 0.5329889107275061, "doa_know_support": 98, "doa_z_support": 494}}
{"id": 3, "metrics": {"accuracy": 0.7248062015503876, "0.0": {"precision": 0.0, "recall": 0.0, "f1": 0.0, "support": 142}, "1.0": {"precision": 0.7248062015503876, "recall": 1.0, "f1": 0.8404494382022472, "support": 374}, "macro_avg": {"precision": 0.3624031007751938, "recall": 0.5, "f1": 0.4202247191011236, "support": 516}, "macro_auc": 0.726029976651352, "macro_aupoc": 0.8640643957901111, "doa": 0.5061735012954526, "doa_know_support": 41, "doa_z_support": 157}}
{"id": 4, "metrics": {"accuracy": 0.7652811735941321, "0.0": {"precision": 0.0, "recall": 0.0, "f1": 0.0, "support": 96}, "1.0": {"precision": 0.7652811735941321, "recall": 1.0, "f1": 0.8670360110803325, "support": 313}, "macro_avg": {"precision": 0.38264058679706603, "recall": 0.5, "f1": 0.43351800554016623, "support": 409}, "macro_auc": 0.6608426517571885, "macro_aupoc": 0.857841488632784, "doa": 0.5232772435897435, "doa_know_support": 32, "doa_z_support": 108}}
{"id": 5, "metrics": {"accuracy": 0.746031746031746, "0.0": {"precision": 0.0, "recall": 0.0, "f1": 0.0, "support": 48}, "1.0": {"precision": 0.746031746031746, "recall": 1.0, "f1": 0.8545454545454546, "support": 141}, "macro_avg": {"precision": 0.373015873015873, "recall": 0.5, "f1": 0.4272727272727273, "support": 189}, "macro_auc": 0.7047872340425531, "macro_aupoc": 0.8577343984364992, "doa": 0.5348484848484848, "doa_know_support": 11, "doa_z_support": 22}}
{"id": 6, "metrics": {"accuracy": 0.7183098591549296, "0.0": {"precision": 0.0, "recall": 0.0, "f1": 0.0, "support": 40}, "1.0": {"precision": 0.7183098591549296, "recall": 1.0, "f1": 0.8360655737704918, "support": 102}, "macro_avg": {"precision": 0.3591549295774648, "recall": 0.5, "f1": 0.4180327868852459, "support": 142}, "macro_auc": 0.7191176470588235, "macro_aupoc": 0.8514395440119122, "doa": 0.5, "doa_know_support": 7, "doa_z_support": 17}}
{"id": 7, "metrics": {"accuracy": 0.7159090909090909, "0.0": {"precision": 0.0, "recall": 0.0, "f1": 0.0, "support": 25}, "1.0": {"precision": 0.7159090909090909, "recall": 1.0, "f1": 0.8344370860927153, "support": 63}, "macro_avg": {"precision": 0.35795454545454547, "recall": 0.5, "f1": 0.41721854304635764, "support": 88}, "macro_auc": 0.6596825396825396, "macro_aupoc": 0.8431295307514588, "doa": 0.4090909090909091, "doa_know_support": 11, "doa_z_support": 20}}
{"id": 8, "metrics": {"accuracy": 0.5857142857142857, "0.0": {"precision": 0.0, "recall": 0.0, "f1": 0.0, "support": 29}, "1.0": {"precision": 0.5857142857142857, "recall": 1.0, "f1": 0.7387387387387387, "support": 41}, "macro_avg": {"precision": 0.29285714285714287, "recall": 0.5, "f1": 0.36936936936936937, "support": 70}, "macro_auc": 0.6837678721614803, "macro_aupoc": 0.7366764934503283, "doa": 0.18181818181818182, "doa_know_support": 11, "doa_z_support": 12}}
{"id": 9, "metrics": {"accuracy": 0.6111111111111112, "0.0": {"precision": 0.0, "recall": 0.0, "f1": 0.0, "support": 14}, "1.0": {"precision": 0.6111111111111112, "recall": 1.0, "f1": 0.7586206896551725, "support": 22}, "macro_avg": {"precision": 0.3055555555555556, "recall": 0.5, "f1": 0.37931034482758624, "support": 36}, "macro_auc": 0.7305194805194806, "macro_aupoc": 0.8062671992128017, "doa": 0.6875, "doa_know_support": 4, "doa_z_support": 7}}
{"id": 10, "metrics": {"accuracy": 0.6607142857142857, "0.0": {"precision": 0.0, "recall": 0.0, "f1": 0.0, "support": 19}, "1.0": {"precision": 0.6607142857142857, "recall": 1.0, "f1": 0.7956989247311829, "support": 37}, "macro_avg": {"precision": 0.33035714285714285, "recall": 0.5, "f1": 0.39784946236559143, "support": 56}, "macro_auc": 0.7581792318634425, "macro_aupoc": 0.847480054497745, "doa": 0.7962962962962963, "doa_know_support": 9, "doa_z_support": 56}}
{"id": 11, "metrics": {"accuracy": 0.75, "0.0": {"precision": 0.0, "recall": 0.0, "f1": 0.0, "support": 8}, "1.0": {"precision": 0.75, "recall": 1.0, "f1": 0.8571428571428571, "support": 24}, "macro_avg": {"precision": 0.375, "recall": 0.5, "f1": 0.42857142857142855, "support": 32}, "macro_auc": 0.65625, "macro_aupoc": 0.867025746276411, "doa": 0.5, "doa_know_support": 1, "doa_z_support": 2}}
{"id": 12, "metrics": {"accuracy": 0.5454545454545454, "0.0": {"precision": 0.0, "recall": 0.0, "f1": 0.0, "support": 10}, "1.0": {"precision": 0.5454545454545454, "recall": 1.0, "f1": 0.7058823529411764, "support": 12}, "macro_avg": {"precision": 0.2727272727272727, "recall": 0.5, "f1": 0.3529411764705882, "support": 22}, "macro_auc": 0.5583333333333333, "macro_aupoc": 0.6359126984126985, "doa": 0.0, "doa_know_support": 1, "doa_z_support": 1}}
{"id": 13, "metrics": {"accuracy": 0.6111111111111112, "0.0": {"precision": 0.0, "recall": 0.0, "f1": 0.0, "support": 7}, "1.0": {"precision": 0.6111111111111112, "recall": 1.0, "f1": 0.7586206896551725, "support": 11}, "macro_avg": {"precision": 0.3055555555555556, "recall": 0.5, "f1": 0.37931034482758624, "support": 18}, "macro_auc": 0.8701298701298701, "macro_aupoc": 0.9066738816738817, "doa": NaN, "doa_know_support": 0, "doa_z_support": 0}}
{"id": 14, "metrics": {"accuracy": 0.7058823529411765, "0.0": {"precision": 0.0, "recall": 0.0, "f1": 0.0, "support": 5}, "1.0": {"precision": 0.7058823529411765, "recall": 1.0, "f1": 0.8275862068965517, "support": 12}, "macro_avg": {"precision": 0.35294117647058826, "recall": 0.5, "f1": 0.41379310344827586, "support": 17}, "macro_auc": 0.5333333333333333, "macro_aupoc": 0.8150112074744428, "doa": 0.3333333333333333, "doa_know_support": 3, "doa_z_support": 3}}
{"id": 15, "metrics": {"accuracy": 0.5555555555555556, "0.0": {"precision": 0.0, "recall": 0.0, "f1": 0.0, "support": 8}, "1.0": {"precision": 0.5555555555555556, "recall": 1.0, "f1": 0.7142857142857143, "support": 10}, "macro_avg": {"precision": 0.2777777777777778, "recall": 0.5, "f1": 0.35714285714285715, "support": 18}, "macro_auc": 0.6749999999999999, "macro_aupoc": 0.7505207211089564, "doa": 0.7625, "doa_know_support": 5, "doa_z_support": 50}}
{"id": 16, "metrics": {"accuracy": 0.6666666666666666, "0.0": {"precision": 0.0, "recall": 0.0, "f1": 0.0, "support": 2}, "1.0": {"precision": 0.6666666666666666, "recall": 1.0, "f1": 0.8, "support": 4}, "macro_avg": {"precision": 0.3333333333333333, "recall": 0.5, "f1": 0.4, "support": 6}, "macro_auc": 0.375, "macro_aupoc": 0.6458333333333333, "doa": 1.0, "doa_know_support": 3, "doa_z_support": 3}}
{"id": 17, "metrics": {"accuracy": 0.55, "0.0": {"precision": 0.0, "recall": 0.0, "f1": 0.0, "support": 9}, "1.0": {"precision": 0.55, "recall": 1.0, "f1": 0.7096774193548387, "support": 11}, "macro_avg": {"precision": 0.275, "recall": 0.5,