{"id": 0, "metrics": {"accuracy": 0.7245187756390028, "0.0": {"precision": 0.0, "recall": 0.0, "f1": 0.0, "support": 873}, "1.0": {"precision": 0.7245187756390028, "recall": 1.0, "f1": 0.840256175663312, "support": 2296}, "macro_avg": {"precision": 0.3622593878195014, "recall": 0.5, "f1": 0.420128087831656, "support": 3169}, "macro_auc": 0.559782489393377, "macro_aupoc": 0.7651824518656942, "doa": 0.5083600278918055, "doa_know_support": 218, "doa_z_support": 2452}}
{"id": 1, "metrics": {"accuracy": 0.7436140018921475, "0.0": {"precision": 0.0, "recall": 0.0, "f1": 0.0, "support": 271}, "1.0": {"precision": 0.7436140018921475, "recall": 1.0, "f1": 0.8529571351058057, "support": 786}, "macro_avg": {"precision": 0.3718070009460738, "recall": 0.5, "f1": 0.42647856755290287, "support": 1057}, "macro_auc": 0.5926570143564031, "macro_aupoc": 0.8006049551152377, "doa": 0.5038928892889288, "doa_know_support": 101, "doa_z_support": 284}}
{"id": 2, "metrics": {"accuracy": 0.7871900826446281, "0.0": {"precision": 0.0, "recall": 0.0, "f1": 0.0, "support": 103}, "1.0": {"precision": 0.7871900826446281, "recall": 1.0, "f1": 0.8809248554913295, "support": 381}, "macro_avg": {"precision": 0.39359504132231404, "recall": 0.5, "f1": 0.44046242774566474, "support": 484}, "macro_auc": 0.6439619804805953, "macro_aupoc": 0.8576074444097652, "doa": 0.5256410256410257, "doa_know_support": 52, "doa_z_support": 83}}
{"id": 3, "metrics": {"accuracy": 0.8177339901477833, "0.0": {"precision": 0.0, "recall": 0.0, "f1": 0.0, "support": 37}, "1.0": {"precision": 0.8177339901477833, "recall": 1.0, "f1": 0.8997289972899728, "support": 166}, "macro_avg": {"precision": 0.4088669950738916, "recall": 0.5, "f1": 0.4498644986449864, "support": 203}, "macro_auc": 0.6563822859003581, "macro_aupoc": 0.8841698761431671, "doa": 0.48717948717948717, "doa_know_support": 13, "doa_z_support": 18}}
{"id": 4, "metrics": {"accuracy": 0.7669172932330827, "0.0": {"precision": 0.0, "recall": 0.0, "f1": 0.0, "support": 31}, "1.0": {"precision": 0.7669172932330827, "recall": 1.0, "f1": 0.8680851063829788, "support": 102}, "macro_avg": {"precision": 0.38345864661654133, "recall": 0.5, "f1": 0.4340425531914894, "support": 133}, "macro_auc": 0.7137887413029728, "macro_aupoc": 0.8863896623700055, "doa": 0.4166666666666667, "doa_know_support": 6, "doa_z_support": 7}}
{"id": 5, "metrics": {"accuracy": 0.71875, "0.0": {"precision": 0.0, "recall": 0.0, "f1": 0.0, "support": 18}, "1.0": {"precision": 0.71875, "recall": 1.0, "f1": 0.8363636363636363, "support": 46}, "macro_avg": {"precision": 0.359375, "recall": 0.5, "f1": 0.41818181818181815, "support": 64}, "macro_auc": 0.6896135265700484, "macro_aupoc": 0.8149663368439988, "doa": 0.0, "doa_know_support": 1, "doa_z_support": 2}}
{"id": 6, "metrics": {"accuracy": 0.7407407407407407, "0.0": {"precision": 0.0, "recall": 0.0, "f1": 0.0, "support": 14}, "1.0": {"precision": 0.7407407407407407, "recall": 1.0, "f1": 0.851063829787234, "support": 40}, "macro_avg": {"precision": 0.37037037037037035, "recall": 0.5, "f1": 0.425531914893617, "support": 54}, "macro_auc": 0.7178571428571429, "macro_aupoc": 0.8897292141937753, "doa": NaN, "doa_know_support": 0, "doa_z_support": 0}}
{"id": 7, "metrics": {"accuracy": 0.7, "0.0": {"precision": 0.0, "recall": 0.0, "f1": 0.0, "support": 6}, "1.0": {"precision": 0.7, "recall": 1.0, "f1": 0.8235294117647058, "support": 14}, "macro_avg": {"precision": 0.35, "recall": 0.5, "f1": 0.4117647058823529, "support": 20}, "macro_auc": 0.7976190476190477, "macro_aupoc": 0.9317693744164331, "doa": NaN, "doa_know_support": 0, "doa_z_support": 0}}
{"id": 8, "metrics": {"accuracy": 0.5555555555555556, "0.0": {"precision": 0.0, "recall": 0.0, "f1": 0.0, "support": 8}, "1.0": {"precision": 0.5555555555555556, "recall": 1.0, "f1": 0.7142857142857143, "support": 10}, "macro_avg": {"precision": 0.2777777777777778, "recall": 0.5, "f1": 0.35714285714285715, "support": 18}, "macro_auc": 0.4, "macro_aupoc": 0.5849402884697003, "doa": NaN, "doa_know_support": 0, "doa_z_support": 0}}
{"id": 9, "metrics": {"accuracy": 0.875, "0.0": {"precision": 0.0, "recall": 0.0, "f1": 0.0, "support": 1}, "1.0": {"precision": 0.875, "recall": 1.0, "f1": 0.9333333333333333, "support": 7}, "macro_avg": {"precision": 0.4375, "recall": 0.5, "f1": 0.4666666666666667, "support": 8}, "macro_auc": 1.0, "macro_aupoc": 0.9999999999999998, "doa": NaN, "doa_know_support": 0, "doa_z_support": 0}}
{"id": 10, "metrics": {"doa": NaN, "doa_know_support": 0, "doa_z_support": 0}}
{"id": 11, "metrics": {"accuracy": 0.8888888888888888, "0.0": {"precision": 0.0, "recall": 0.0, "f1": 0.0, "support": 1}, "1.0": {"precision": 0.8888888888888888, "recall": 1.0, "f1": 0.9411764705882353, "support": 8}, "macro_avg": {"precision": 0.4444444444444444, "recall": 0.5, "f1": 0.47058823529411764, "support": 9}, "macro_auc": 1.0, "macro_aupoc": 1.0, "doa": NaN, "doa_know_support": 0, "doa_z_support": 0}}
{"id": 12, "metrics": {"accuracy": 0.5, "0.0": {"precision": 0.0, "recall": 0.0, "f1": 0.0, "support": 2}, "1.0": {"precision": 0.5, "recall": 1.0, "f1": 0.6666666666666666, "support": 2}, "macro_avg": {"precision": 0.25, "recall": 0.5, "f1": 0.3333333333333333, "support": 4}, "macro_auc": 1.0, "macro_aupoc": 1.0, "doa": NaN, "doa_know_support": 0, "doa_z_support": 0}}
{"id": 13, "metrics": {"accuracy": 0.75, "0.0": {"precision": 0.0, "recall": 0.0, "f1": 0.0, "support": 1}, "1.0": {"precision": 0.75, "recall": 1.0, "f1": 0.8571428571428571, "support": 3}, "macro_avg": {"precision": 0.375, "recall": 0.5, "f1": 0.42857142857142855, "support": 4}, "macro_auc": 1.0, "macro_aupoc": 1.0, "doa": NaN, "doa_know_support": 0, "doa_z_support": 0}}
{"id": 14, "metrics": {"doa": NaN, "doa_know_support": 0, "doa_z_support": 0}}
{"id": 15, "metrics": {"accuracy": 0.6666666666666666, "0.0": {"precision": 0.0, "recall": 0.0, "f1": 0.0, "support": 1}, "1.0": {"precision": 0.6666666666666666, "recall": 1.0, "f1": 0.8, "support": 2}, "macro_avg": {"precision": 0.3333333333333333, "recall": 0.5, "f1": 0.4, "support": 3}, "macro_auc": 0.5, "macro_aupoc": 0.8333333333333333, "doa": NaN, "doa_know_support": 0, "doa_z_support": 0}}
{"id": 17, "metrics": {"doa": NaN, "doa_know_support": 0, "doa_z_support": 0}}
{"id": 19, "metrics": {"doa": NaN, "doa_know_support": 0, "doa_z_support": 0}}
{"id": 22, "metrics": {"doa": NaN, "doa_know_support": 0, "doa_z_support": 0}}
{"id": 25, "metrics": {"accuracy": 0.6666666666666666, "0.0": {"precision": 0.0, "recall": 0.0, "f1": 0.0, "support": 1}, "1.0": {"precision": 0.6666666666666666, "recall": 1.0, "f1": 0.8, "support": 2}, "macro_avg": {"precision": 0.3333333333333333, "recall": 0.5, "f1": 0.4, "support": 3}, "macro_auc": 0.5, "macro_aupoc": 0.8333333333333333, "doa": NaN, "doa_know_support": 0, "doa_z_support": 0}}
{"id": 29, "metrics": {"accuracy": 0.7485790071996968, "0.0": {"precision": 0.675, "recall": 0.09663564781675017, "f1": 0.16906700062617408, "support": 1397}, "1.0": {"precision": 0.7514769594328475, "recall": 0.9832517392424632, "f1": 0.8518807902667708, "support": 3881}, "macro_avg": {"precision": 0.7132384797164237, "recall": 0.5399436935296067, "f1": 0.5104738954464725, "support": 5278}, "macro_auc": 0.7376360652091195, "macro_aupoc": 0.8790467237933199, "doa": 0.5027774654512269, "doa_know_support": 269, "doa_z_support": 6590}}
{"id": 34, "metrics": {"accuracy": 0.7663887836301629, "0.0": {"precision": 0.6646942800788954, "recall": 0.24071428571428571, "f1": 0.35343471421080225, "support": 1400}, "1.0": {"precision": 0.7771955564871096, "recall": 0.9561629706034038, "f1": 0.8574401664932362, "support": 3878}, "macro_avg": {"precision": 0.7209449182830026, "recall": 0.5984386281588447, "f1": 0.6054374403520192, "support": 5278}, "macro_auc": 0.7492293523907758, "macro_aupoc": 0.8821145505095207, "doa": 0.5110694805046168, "doa_know_support": 268, "doa_z_support": 6644}}
{"id": 47, "metrics": {"accuracy": 0.7656309208033346, "0.0": {"precision": 0.7448275862068966,