{"id": 48, "metrics": {"theta": {"delta": 5313.91650390625, "delta_ave": 0.5405265688896179, "support": 3277}, "a": {"delta": 51.8577880859375, "delta_ave": 0.0157287809997797, "support": 1099}, "b": {"delta": 488.6698913574219, "delta_ave": 0.4446495771408081, "support": 1099}, "user": {"delta": 5313.91650390625, "delta_ave": 0.5405265688896179, "support": 3277}, "item": {"delta": 540.5276794433594, "delta_ave": 0.1229589800350368, "support": 1099}, "macro_ave": 0.33174277446232736, "micro_ave": 0.4356575606283783}}
