{"id": 48, "metrics": {"accuracy": 0.777919863597613, "0.0": {"precision": 0.6956521739130435, "recall": 0.3052464228934817, "f1": 0.4243093922651934, "support": 1258}, "1.0": {"precision": 0.7888888888888889, "recall": 0.9510774606872452, "f1": 0.8624240823871137, "support": 3434}, "macro_avg": {"precision": 0.7422705314009661, "recall": 0.6281619417903634, "f1": 0.6433667373261536, "support": 4692}, "macro_auc": 0.7742103421040691, "macro_aupoc": 0.8911529531805287, "doa": 0.5278742762613731, "doa_know_support": 3, "doa_z_support": 170}}
