{"id": 48, "metrics": {"theta": {"delta": 6502.6884765625, "delta_ave": 0.45729172229766846, "support": 4740}, "a": {"delta": 53.43534469604492, "delta_ave": 0.015488505363464355, "support": 1150}, "b": {"delta": 410.02337646484375, "delta_ave": 0.35654208064079285, "support": 1150}, "user": {"delta": 6502.6884765625, "delta_ave": 0.45729172229766846, "support": 4740}, "item": {"delta": 463.4587211608887, "delta_ave": 0.10075189918279648, "support": 1150}, "macro_ave": 0.27902181074023247, "micro_ave": 0.3876786838287206}}
