{"id": 48, "metrics": {"accuracy": 0.7022355814390381, "0.0": {"precision": 0.5859154929577465, "recall": 0.4548933843630399, "f1": 0.5121575869498307, "support": 1829}, "1.0": {"precision": 0.7445554701511657, "recall": 0.8317115054378935, "f1": 0.7857239421387049, "support": 3494}, "macro_avg": {"precision": 0.6652354815544561, "recall": 0.6433024449004667, "f1": 0.6489407645442677, "support": 5323}, "macro_auc": 0.684986024624577, "macro_aupoc": 0.7689226624000006, "doa": 0.7227859429419035, "doa_know_support": 57, "doa_z_support": 639}}
