{"id": 48, "metrics": {"theta": {"delta": 10770.0849609375, "delta_ave": 0.035123009234666824, "support": 2493}, "a": {"delta": 18868.232421875, "delta_ave": 0.008711963891983032, "support": 17608}, "b": {"delta": 21750.92578125, "delta_ave": 0.010042980313301086, "support": 17608}, "user": {"delta": 10770.0849609375, "delta_ave": 0.035123009234666824, "support": 2493}, "item": {"delta": 40619.158203125, "delta_ave": 0.00937747210264206, "support": 17608}, "macro_ave": 0.022250240668654442, "micro_ave": 0.012570528371988746}}
