{"id": 0, "metrics": {"accuracy": 0.655516724912631, "0.0": {"precision": 0.0, "recall": 0.0, "f1": 0.0, "support": 690}, "1.0": {"precision": 0.655516724912631, "recall": 1.0, "f1": 0.7919179734620024, "support": 1313}, "macro_avg": {"precision": 0.3277583624563155, "recall": 0.5, "f1": 0.3959589867310012, "support": 2003}, "macro_auc": 0.5, "macro_aupoc": 0.655516724912631, "doa": 0.5483288875244028, "doa_know_support": 52, "doa_z_support": 420}}
