{"id": 0, "metrics": {"accuracy": 0.4867698452321518, "0.0": {"precision": 0.34205607476635513, "recall": 0.5304347826086957, "f1": 0.4159090909090909, "support": 690}, "1.0": {"precision": 0.6527331189710611, "recall": 0.4638233054074638, "f1": 0.5422974176313445, "support": 1313}, "macro_avg": {"precision": 0.4973945968687081, "recall": 0.4971290440080798, "f1": 0.4791032542702177, "support": 2003}, "macro_auc": 0.5141417486230229, "macro_aupoc": 0.6629711704996701, "doa": 0.38113377977622576, "doa_know_support": 52, "doa_z_support": 420}}
{"id": 1, "metrics": {"accuracy": 0.4911550468262227, "0.0": {"precision": 0.35902255639097747, "recall": 0.5634218289085545, "f1": 0.43857634902411025, "support": 339}, "1.0": {"precision": 0.655011655011655, "recall": 0.4517684887459807, "f1": 0.5347288296860133, "support": 622}, "macro_avg": {"precision": 0.5070171057013162, "recall": 0.5075951588272676, "f1": 0.4866525893550618, "support": 961}, "macro_auc": 0.5011500630756243, "macro_aupoc": 0.6516850023713487, "doa": 0.5558949888495341, "doa_know_support": 44, "doa_z_support": 173}}
{"id": 2, "metrics": {"accuracy": 0.4919786096256685, "0.0": {"precision": 0.35962145110410093, "recall": 0.5816326530612245, "f1": 0.4444444444444444, "support": 196}, "1.0": {"precision": 0.6639344262295082, "recall": 0.4438356164383562, "f1": 0.5320197044334976, "support": 365}, "macro_avg": {"precision": 0.5117779386668045, "recall": 0.5127341347497903, "f1": 0.488232074438971, "support": 561}, "macro_auc": 0.5211979312272854, "macro_aupoc": 0.6665860390409744, "doa": 0.6178571428571428, "doa_know_support": 28, "doa_z_support": 58}}
{"id": 3, "metrics": {"accuracy": 0.49560117302052786, "0.0": {"precision": 0.3005464480874317, "recall": 0.5555555555555556, "f1": 0.3900709219858156, "support": 99}, "1.0": {"precision": 0.7215189873417721, "recall": 0.47107438016528924, "f1": 0.5700000000000001, "support": 242}, "macro_avg": {"precision": 0.5110327177146019, "recall": 0.5133149678604224, "f1": 0.48003546099290784, "support": 341}, "macro_auc": 0.534748309541698, "macro_aupoc": 0.7392810248893029, "doa": 0.38666666666666666, "doa_know_support": 15, "doa_z_support": 21}}
{"id": 4, "metrics": {"accuracy": 0.5177865612648221, "0.0": {"precision": 0.3333333333333333, "recall": 0.525, "f1": 0.40776699029126207, "support": 80}, "1.0": {"precision": 0.7007874015748031, "recall": 0.5144508670520231, "f1": 0.5933333333333333, "support": 173}, "macro_avg": {"precision": 0.5170603674540682, "recall": 0.5197254335260115, "f1": 0.5005501618122976, "support": 253}, "macro_auc": 0.5038656069364161, "macro_aupoc": 0.7095970785891955, "doa": 0.4090909090909091, "doa_know_support": 11, "doa_z_support": 12}}
{"id": 5, "metrics": {"accuracy": 0.55, "0.0": {"precision": 0.4111111111111111, "recall": 0.5692307692307692, "f1": 0.4774193548387097, "support": 65}, "1.0": {"precision": 0.6888888888888889, "recall": 0.5391304347826087, "f1": 0.6048780487804878, "support": 115}, "macro_avg": {"precision": 0.55, "recall": 0.554180602006689, "f1": 0.5411487018095987, "support": 180}, "macro_auc": 0.5440133779264213, "macro_aupoc": 0.6591206836609868, "doa": 0.9166666666666666, "doa_know_support": 6, "doa_z_support": 10}}
{"id": 6, "metrics": {"accuracy": 0.4112903225806452, "0.0": {"precision": 0.24285714285714285, "recall": 0.4594594594594595, "f1": 0.31775700934579443, "support": 37}, "1.0": {"precision": 0.6296296296296297, "recall": 0.39080459770114945, "f1": 0.4822695035460993, "support": 87}, "macro_avg": {"precision": 0.43624338624338627, "recall": 0.42513202858030447, "f1": 0.4000132564459469, "support": 124}, "macro_auc": 0.4349176762969866, "macro_aupoc": 0.6974567021953755, "doa": 0.16666666666666666, "doa_know_support": 6, "doa_z_support": 10}}
{"id": 7, "metrics": {"accuracy": 0.42105263157894735, "0.0": {"precision": 0.2857142857142857, "recall": 0.5161290322580645, "f1": 0.367816091954023, "support": 31}, "1.0": {"precision": 0.6153846153846154, "recall": 0.375, "f1": 0.46601941747572817, "support": 64}, "macro_avg": {"precision": 0.45054945054945056, "recall": 0.44556451612903225, "f1": 0.4169177547148756, "support": 95}, "macro_auc": 0.41910282258064513, "macro_aupoc": 0.627151957593588, "doa": 0.125, "doa_know_support": 4, "doa_z_support": 6}}
{"id": 8, "metrics": {"accuracy": 0.5645161290322581, "0.0": {"precision": 0.37037037037037035, "recall": 0.5, "f1": 0.425531914893617, "support": 20}, "1.0": {"precision": 0.7142857142857143, "recall": 0.5952380952380952, "f1": 0.6493506493506493, "support": 42}, "macro_avg": {"precision": 0.5423280423280423, "recall": 0.5476190476190477, "f1": 0.5374412821221332, "support": 62}, "macro_auc": 0.5380952380952381, "macro_aupoc": 0.7053285977118041, "doa": 0.8333333333333334, "doa_know_support": 3, "doa_z_support": 5}}
{"id": 9, "metrics": {"accuracy": 0.5, "0.0": {"precision": 0.3870967741935484, "recall": 0.631578947368421, "f1": 0.48000000000000004, "support": 19}, "1.0": {"precision": 0.6666666666666666, "recall": 0.42424242424242425, "f1": 0.5185185185185185, "support": 33}, "macro_avg": {"precision": 0.5268817204301075, "recall": 0.5279106858054227, "f1": 0.4992592592592593, "support": 52}, "macro_auc": 0.5007974481658692, "macro_aupoc": 0.6648967214447122, "doa": NaN, "doa_know_support": 0, "doa_z_support": 0}}
{"id": 10, "metrics": {"accuracy": 0.5625, "0.0": {"precision": 0.32, "recall": 0.6666666666666666, "f1": 0.43243243243243246, "support": 12}, "1.0": {"precision": 0.8260869565217391, "recall": 0.5277777777777778, "f1": 0.6440677966101694, "support": 36}, "macro_avg": {"precision": 0.5730434782608695, "recall": 0.5972222222222222, "f1": 0.538250114521301, "support": 48}, "macro_auc": 0.5104166666666667, "macro_aupoc": 0.7746443225889643, "doa": 0.3333333333333333, "doa_know_support": 3, "doa_z_support": 5}}
{"id": 11, "metrics": {"accuracy": 0.5757575757575758, "0.0": {"precision": 0.35714285714285715, "recall": 0.5, "f1": 0.41666666666666663, "support": 10}, "1.0": {"precision": 0.7368421052631579, "recall": 0.6086956521739131, "f1": 0.6666666666666666, "support": 23}, "macro_avg": {"precision": 0.5469924812030075, "recall": 0.5543478260869565, "f1": 0.5416666666666666, "support": 33}, "macro_auc": 0.5239130434782608, "macro_aupoc": 0.7050246384805345, "doa": 1.0, "doa_know_support": 2, "doa_z_support": 2}}
{"id": 12, "metrics": {"accuracy": 0.5151515151515151, "0.0": {"precision": 0.4, "recall": 0.46153846153846156, "f1": 0.42857142857142855, "support": 13}, "1.0": {"precision": 0.6111111111111112, "recall": 0.55, "f1": 0.5789473684210527, "support": 20}, "macro_avg": {"precision": 0.5055555555555555, "recall": 0.5057692307692307, "f1": 0.5037593984962406, "support": 33}, "macro_auc": 0.5576923076923077, "macro_aupoc": 0.6701756605902065, "doa": 1.0, "doa_know_support": 1, "doa_z_support": 2}}
{"id": 13, "metrics": {"accuracy": 0.48148148148148145, "0.0": {"precision": 0.3333333333333333, "recall": 0.75, "f1": 0.46153846153846156, "support": 8}, "1.0": {"precision": 0.7777777777777778, "recall": 0.3684210526315789, "f1": 0.5, "support": 19}, "macro_avg": {"precision": 0.5555555555555556, "recall": 0.5592105263157895, "f1": 0.4807692307692308, "support": 27}, "macro_auc": 0.4407894736842105, "macro_aupoc": 0.6899849060335879, "doa": NaN, "doa_know_support": 0, "doa_z_support": 0}}
{"id": 14, "metrics": {"accuracy": 0.46153846153846156, "0.0": {"precision": 0.5, "recall": 0.7142857142857143, "f1": 0.588235294117647, "support": 14}, "1.0": {"precision": 0.3333333333333333, "recall": 0.16666666666666666, "f1": 0.2222222222222222, "support": 12}, "macro_avg": {"precision": 0.41666666666666663, "recall": 0.44047619047619047, "f1": 0.4052287581699346, "support": 26}, "macro_auc": 0.30357142857142855, "macro_aupoc": 0.3937139086403792, "doa": 0.5, "doa_know_support": 1, "doa_z_support": 2}}
{"id": 15, "metrics": {"accuracy": 0.3333333333333333, "0.0": {"precision": 0.26666666666666666, "recall": 0.5714285714285714, "f1": 0.36363636363636365,