{"id": 48, "metrics": {"accuracy": 0.7023699802501646, "0.0": {"precision": 0.42863246458737303, "recall": 0.38262604333220873, "f1": 0.40432474326680873, "support": 68171}, "1.0": {"precision": 0.7867673881322957, "recall": 0.8170568086752008, "f1": 0.8016260792132874, "support": 190059}, "macro_avg": {"precision": 0.6076999263598344, "recall": 0.5998414260037048, "f1": 0.602975411240048, "support": 258230}, "macro_auc": 0.5993854265063543, "macro_aupoc": 0.7923559697065043, "doa": 0.5439309545108328, "doa_know_support": 360, "doa_z_support": 15597251}}
