{"id": 48, "metrics": {"theta": {"delta": 33940.5546875, "delta_ave": 0.020839441567659378, "support": 3277}, "a": {"delta": 1008.01171875, "delta_ave": 0.0018454891396686435, "support": 1099}, "b": {"delta": 38.44697189331055, "delta_ave": 0.034983593970537186, "support": 1099}, "user": {"delta": 33940.5546875, "delta_ave": 0.020839441567659378, "support": 3277}, "item": {"delta": 1046.4586906433105, "delta_ave": 0.0019120315188470944, "support": 1099}, "macro_ave": 0.011375736543253237, "micro_ave": 0.0160859626728594}}
