{"id": 48, "metrics": {"accuracy": 0.6971537001897533, "0.0": {"precision": 0.420032310177706, "recall": 0.3719599427753934, "f1": 0.3945371775417299, "support": 1398}, "1.0": {"precision": 0.7822420634920635, "recall": 0.8145661157024794, "f1": 0.798076923076923, "support": 3872}, "macro_avg": {"precision": 0.6011371868348847, "recall": 0.5932630292389364, "f1": 0.5963070503093264, "support": 5270}, "macro_auc": 0.5879066279750292, "macro_aupoc": 0.7828070712733737, "doa": 0.5642392209904185, "doa_know_support": 268, "doa_z_support": 6410}}
