{"id": 48, "metrics": {"theta": {"delta": 50110.296875, "delta_ave": 0.014785973355174065, "support": 6819}, "a": {"delta": 1030.8709716796875, "delta_ave": 0.001757785677909851, "support": 1180}, "b": {"delta": 39.91947937011719, "delta_ave": 0.03383006528019905, "support": 1180}, "user": {"delta": 50110.296875, "delta_ave": 0.014785973355174065, "support": 6819}, "item": {"delta": 1070.7904510498047, "delta_ave": 0.0018221878457859338, "support": 1180}, "macro_ave": 0.00830408060048, "micro_ave": 0.012873575942862777}}
