{"id": 1, "metrics": {"theta": {"delta": 519700.03125, "delta_ave": 0.31298238039016724, "support": 3341}, "a": {"delta": 104571.4609375, "delta_ave": 0.19356518983840942, "support": 1087}, "b": {"delta": 125954.7734375, "delta_ave": 0.23314638435840607, "support": 1087}, "user": {"delta": 519700.03125, "delta_ave": 0.31298238039016724, "support": 3341}, "item": {"delta": 230526.234375, "delta_ave": 0.21335578709840775, "support": 1087}, "macro_ave": 0.2631690837442875, "micro_ave": 0.28852571668010796}}
{"id": 2, "metrics": {"theta": {"delta": 370982.0, "delta_ave": 0.15854771435260773, "support": 4708}, "a": {"delta": 58619.46484375, "delta_ave": 0.10159053653478622, "support": 1161}, "b": {"delta": 64952.82421875, "delta_ave": 0.11256656795740128, "support": 1161}, "user": {"delta": 370982.0, "delta_ave": 0.15854771435260773, "support": 4708}, "item": {"delta": 123572.2890625, "delta_ave": 0.10707855224609375, "support": 1161}, "macro_ave": 0.13281313329935074, "micro_ave": 0.14836613363942613}}
{"id": 3, "metrics": {"theta": {"delta": 261109.078125, "delta_ave": 0.096433624625206, "support": 5448}, "a": {"delta": 43412.1875, "delta_ave": 0.07377403974533081, "support": 1184}, "b": {"delta": 54031.63671875, "delta_ave": 0.09182058274745941, "support": 1184}, "user": {"delta": 261109.078125, "delta_ave": 0.096433624625206, "support": 5448}, "item": {"delta": 97443.82421875, "delta_ave": 0.08279731124639511, "support": 1184}, "macro_ave": 0.08961546793580055, "micro_ave": 0.09399915613296955}}
{"id": 4, "metrics": {"theta": {"delta": 388898.65625, "delta_ave": 0.13403430581092834, "support": 5838}, "a": {"delta": 31669.060546875, "delta_ave": 0.053546592593193054, "support": 1190}, "b": {"delta": 43765.62109375, "delta_ave": 0.07399966567754745, "support": 1190}, "user": {"delta": 388898.65625, "delta_ave": 0.13403430581092834, "support": 5838}, "item": {"delta": 75434.681640625, "delta_ave": 0.06377312913537025, "support": 1190}, "macro_ave": 0.0989037174731493, "micro_ave": 0.12213749302721831}}
{"id": 5, "metrics": {"theta": {"delta": 187871.671875, "delta_ave": 0.0615052729845047, "support": 6146}, "a": {"delta": 36114.72265625, "delta_ave": 0.06090983748435974, "support": 1193}, "b": {"delta": 42060.7109375, "delta_ave": 0.07093814015388489, "support": 1193}, "user": {"delta": 187871.671875, "delta_ave": 0.0615052729845047, "support": 6146}, "item": {"delta": 78175.43359375, "delta_ave": 0.06592398881912231, "support": 1193}, "macro_ave": 0.06371463090181351, "micro_ave": 0.06222356266848056}}
{"id": 6, "metrics": {"theta": {"delta": 92057.59375, "delta_ave": 0.02937772311270237, "support": 6305}, "a": {"delta": 7347.76220703125, "delta_ave": 0.012382102198898792, "support": 1194}, "b": {"delta": 14900.6240234375, "delta_ave": 0.025109827518463135, "support": 1194}, "user": {"delta": 92057.59375, "delta_ave": 0.02937772311270237, "support": 6305}, "item": {"delta": 22248.38623046875, "delta_ave": 0.018745964858680964, "support": 1194}, "macro_ave": 0.024061843985691667, "micro_ave": 0.027684921491779372}}
{"id": 7, "metrics": {"theta": {"delta": 74449.8359375, "delta_ave": 0.023325826972723007, "support": 6422}, "a": {"delta": 7499.1171875, "delta_ave": 0.01261602621525526, "support": 1196}, "b": {"delta": 18385.775390625, "delta_ave": 0.030931029468774796, "support": 1196}, "user": {"delta": 74449.8359375, "delta_ave": 0.023325826972723007, "support": 6422}, "item": {"delta": 25884.892578125, "delta_ave": 0.021773527842015028, "support": 1196}, "macro_ave": 0.022549677407369018, "micro_ave": 0.023082121307151107}}
{"id": 8, "metrics": {"theta": {"delta": 104482.0546875, "delta_ave": 0.03239221125841141, "support": 6490}, "a": {"delta": 8235.4169921875, "delta_ave": 0.013854729011654854, "support": 1196}, "b": {"delta": 26299.044921875, "delta_ave": 0.04424379765987396, "support": 1196}, "user": {"delta": 104482.0546875, "delta_ave": 0.03239221125841141, "support": 6490}, "item": {"delta": 34534.4619140625, "delta_ave": 0.029049263335764408, "support": 1196}, "macro_ave": 0.030720737297087908, "micro_ave": 0.0318720231611585}}
{"id": 9, "metrics": {"theta": {"delta": 179239.0, "delta_ave": 0.055043019354343414, "support": 6552}, "a": {"delta": 6210.025390625, "delta_ave": 0.010447341948747635, "support": 1196}, "b": {"delta": 19332.32421875, "delta_ave": 0.032523442059755325, "support": 1196}, "user": {"delta": 179239.0, "delta_ave": 0.055043019354343414, "support": 6552}, "item": {"delta": 25542.349609375, "delta_ave": 0.02148539200425148, "support": 1196}, "macro_ave": 0.03826420567929745, "micro_ave": 0.04986298291775204}}
{"id": 10, "metrics": {"theta": {"delta": 156123.359375, "delta_ave": 0.047725845128297806, "support": 6582}, "a": {"delta": 6111.74072265625, "delta_ave": 0.010281994007527828, "support": 1196}, "b": {"delta": 19240.220703125, "delta_ave": 0.0323684923350811, "support": 1196}, "user": {"delta": 156123.359375, "delta_ave": 0.047725845128297806, "support": 6582}, "item": {"delta": 25351.96142578125, "delta_ave": 0.021325243171304464, "support": 1196}, "macro_ave": 0.034525544149801135, "micro_ave": 0.04366630283714789}}
{"id": 11, "metrics": {"theta": {"delta": 158073.765625, "delta_ave": 0.04797222837805748, "support": 6630}, "a": {"delta": 2961.140625, "delta_ave": 0.004981630016118288, "support": 1196}, "b": {"delta": 12684.0771484375, "delta_ave": 0.021338865160942078, "support": 1196}, "user": {"delta": 158073.765625, "delta_ave": 0.04797222837805748, "support": 6630}, "item": {"delta": 15645.2177734375, "delta_ave": 0.013160247588530183, "support": 1196}, "macro_ave": 0.03056623798329383, "micro_ave": 0.04265212500158487}}
{"id": 12, "metrics": {"theta": {"delta": 146506.25, "delta_ave": 0.04427473619580269, "support": 6658}, "a": {"delta": 3583.318115234375, "delta_ave": 0.0060283406637609005, "support": 1196}, "b": {"delta": 14577.9052734375, "delta_ave": 0.02452491782605648, "support": 1196}, "user": {"delta": 146506.25, "delta_ave": 0.04427473619580269, "support": 6658}, "item": {"delta": 18161.223388671875, "delta_ave": 0.01527662924490869, "support": 1196}, "macro_ave": 0.02977568272035569, "micro_ave": 0.03985893075739306}}
{"id": 13, "metrics": {"theta": {"delta": 150793.734375, "delta_ave": 0.045433949679136276, "support": 6678}, "a": {"delta": 3962.228515625, "delta_ave": 0.006665795110166073, "support": 1196}, "b": {"delta": 18759.623046875, "delta_ave": 0.03155996650457382, "support": 1196}, "user": {"delta": 150793.734375, "delta_ave": 0.045433949679136276, "support": 6678}, "item": {"delta": 22721.8515625, "delta_ave": 0.019112880807369947, "support": 1196}, "macro_ave": 0.03227341524325311, "micro_ave": 0.04143598189013037}}
{"id": 14, "metrics": {"theta": {"delta": 224758.171875, "delta_ave": 0.06753729283809662, "support": 6696}, "a": {"delta": 11072.701171875, "delta_ave": 0.018627990037202835, "support": 1196}, "b": {"delta": 28919.88671875, "delta_ave": 0.04865293204784393, "support": 1196}, "user": {"delta": 224758.171875, "delta_ave": 0.06753729283809662, "support": 6696}, "item": {"delta": 39992.587890625, "delta_ave": 0.033640461042523384, "support": 1196}, "macro_ave": 0.05058887694031, "micro_ave": 0.06240036799933514}}
{"id": 15, "metrics": {"theta": {"delta": 0.0, "delta_ave": 0.0, "support": 6711}, "a": {"delta": 0.0, "delta_ave": 0.0, "support": 1196}, "b": {"delta": 0.0, "delta_ave": 0.0, "support": 1196}, "user": {"delta": 0.0, "delta_ave": 0.0, "support": 6711}, "item": {"delta": 0.0, "delta_ave": 0.0, "support": 1196}, "macro_ave": 0.0, "micro_ave": 0.0}}
{"id": 16, "metrics": {"theta": {"delta": 0.0, "delta_ave": 0.0, "support": 6729}, "a": {"delta": 0.0, "delta_ave": 0.0, "support": 1196}, "b": {"delta": 0.0, "delta_ave": 0.0, "support": 1196}, "user": {"delta": 0.0, "delta_ave": 0.0, "support": 6729}, "item": {"delta": 0.0, "delta_ave": 0.0, "support": 1196}, "macro_ave": 0.0, "micro_ave": 0.0}}
{"id": 17, "metrics": {"theta": {"delta": 0.0, "delta_ave": 0.0, "support": 6735},