{"id": 0, "metrics": {"accuracy": 0.7245187756390028, "0.0": {"precision": 0.0, "recall": 0.0, "f1": 0.0, "support": 873}, "1.0": {"precision": 0.7245187756390028, "recall": 1.0, "f1": 0.840256175663312, "support": 2296}, "macro_avg": {"precision": 0.3622593878195014, "recall": 0.5, "f1": 0.420128087831656, "support": 3169}, "macro_auc": 0.5, "macro_aupoc": 0.7245187756390028, "doa": 0.4986807330870293, "doa_know_support": 218, "doa_z_support": 2439}}
{"id": 1, "metrics": {"accuracy": 0.7298444130127298, "0.0": {"precision": 0.0, "recall": 0.0, "f1": 0.0, "support": 1146}, "1.0": {"precision": 0.7298444130127298, "recall": 1.0, "f1": 0.8438266557645135, "support": 3096}, "macro_avg": {"precision": 0.3649222065063649, "recall": 0.5, "f1": 0.4219133278822568, "support": 4242}, "macro_auc": 0.6602911317198119, "macro_aupoc": 0.8372579808377015, "doa": 0.49229189746330654, "doa_know_support": 243, "doa_z_support": 4394}}
{"id": 2, "metrics": {"accuracy": 0.7412234601639689, "0.0": {"precision": 0.0, "recall": 0.0, "f1": 0.0, "support": 1231}, "1.0": {"precision": 0.7412234601639689, "recall": 1.0, "f1": 0.8513823493903175, "support": 3526}, "macro_avg": {"precision": 0.37061173008198445, "recall": 0.5, "f1": 0.42569117469515877, "support": 4757}, "macro_auc": 0.7183282317775853, "macro_aupoc": 0.8631743108163715, "doa": 0.5147393563895696, "doa_know_support": 270, "doa_z_support": 5425}}
{"id": 3, "metrics": {"accuracy": 0.7448119991781385, "0.0": {"precision": 0.0, "recall": 0.0, "f1": 0.0, "support": 1242}, "1.0": {"precision": 0.7448119991781385, "recall": 1.0, "f1": 0.85374470089496, "support": 3625}, "macro_avg": {"precision": 0.3724059995890692, "recall": 0.5, "f1": 0.42687235044748, "support": 4867}, "macro_auc": 0.7279300349825087, "macro_aupoc": 0.8604900014867105, "doa": 0.5339116997364973, "doa_know_support": 258, "doa_z_support": 5788}}
{"id": 4, "metrics": {"accuracy": 0.737814465408805, "0.0": {"precision": 0.6923076923076923, "recall": 0.026587887740029542, "f1": 0.05120910384068279, "support": 1354}, "1.0": {"precision": 0.7382843526608419, "recall": 0.9957150508837708, "f1": 0.8478905359179019, "support": 3734}, "macro_avg": {"precision": 0.715296022484267, "recall": 0.5111514693119001, "f1": 0.4495498198792923, "support": 5088}, "macro_auc": 0.7352453679272826, "macro_aupoc": 0.8650390843549606, "doa": 0.5213830550446037, "doa_know_support": 272, "doa_z_support": 6101}}
{"id": 5, "metrics": {"accuracy": 0.7477108903175531, "0.0": {"precision": 0.5026385224274407, "recall": 0.29330254041570436, "f1": 0.37044239183276617, "support": 1299}, "1.0": {"precision": 0.7901714285714285, "recall": 0.9016692749087115, "f1": 0.8422463150201, "support": 3834}, "macro_avg": {"precision": 0.6464049754994345, "recall": 0.5974859076622079, "f1": 0.606344353426433, "support": 5133}, "macro_auc": 0.726505441567949, "macro_aupoc": 0.868372962733949, "doa": 0.533546487030277, "doa_know_support": 267, "doa_z_support": 6785}}
{"id": 6, "metrics": {"accuracy": 0.7645472061657033, "0.0": {"precision": 0.6062246278755075, "recall": 0.3248730964467005, "f1": 0.4230406043437205, "support": 1379}, "1.0": {"precision": 0.7908335205571781, "recall": 0.9236420886906324, "f1": 0.8520939239893488, "support": 3811}, "macro_avg": {"precision": 0.6985290742163428, "recall": 0.6242575925686664, "f1": 0.6375672641665346, "support": 5190}, "macro_auc": 0.7456859832297219, "macro_aupoc": 0.8662287644236644, "doa": 0.5400961398482789, "doa_know_support": 256, "doa_z_support": 6969}}
{"id": 7, "metrics": {"accuracy": 0.7684331797235023, "0.0": {"precision": 0.6005888125613347, "recall": 0.43373493975903615, "f1": 0.5037037037037037, "support": 1411}, "1.0": {"precision": 0.8092623537837192, "recall": 0.8928101132473005, "f1": 0.8489857250187829, "support": 3797}, "macro_avg": {"precision": 0.704925583172527, "recall": 0.6632725265031684, "f1": 0.6763447143612433, "support": 5208}, "macro_auc": 0.7627535969218863, "macro_aupoc": 0.8763578767365869, "doa": 0.5732282835818382, "doa_know_support": 281, "doa_z_support": 6679}}
{"id": 8, "metrics": {"accuracy": 0.7645936665394888, "0.0": {"precision": 0.5851293103448276, "recall": 0.3900862068965517, "f1": 0.4681034482758621, "support": 1392}, "1.0": {"precision": 0.8031988873435327, "recall": 0.9, "f1": 0.8488486036256737, "support": 3850}, "macro_avg": {"precision": 0.6941640988441802, "recall": 0.6450431034482759, "f1": 0.6584760259507679, "support": 5242}, "macro_auc": 0.7502854903716973, "macro_aupoc": 0.8733936596999297, "doa": 0.5400952633718584, "doa_know_support": 277, "doa_z_support": 6807}}
{"id": 9, "metrics": {"accuracy": 0.7680965147453083, "0.0": {"precision": 0.5810502283105022, "recall": 0.3762010347376201, "f1": 0.4567070435172723, "support": 1353}, "1.0": {"precision": 0.805798435342844, "recall": 0.905143447919359, "f1": 0.8525867315885575, "support": 3869}, "macro_avg": {"precision": 0.6934243318266731, "recall": 0.6406722413284895, "f1": 0.6546468875529149, "support": 5222}, "macro_auc": 0.7425529016915207, "macro_aupoc": 0.8703235697318475, "doa": 0.5384073764267936, "doa_know_support": 281, "doa_z_support": 6752}}
{"id": 10, "metrics": {"accuracy": 0.7622950819672131, "0.0": {"precision": 0.5531011045029737, "recall": 0.4744897959183674, "f1": 0.5107885445272655, "support": 1372}, "1.0": {"precision": 0.8228065863848611, "recall": 0.8642230252968508, "f1": 0.8430064207478283, "support": 3874}, "macro_avg": {"precision": 0.6879538454439174, "recall": 0.6693564106076091, "f1": 0.6768974826375469, "support": 5246}, "macro_auc": 0.7500896497694882, "macro_aupoc": 0.8780713059481746, "doa": 0.5349941599931114, "doa_know_support": 272, "doa_z_support": 6854}}
{"id": 11, "metrics": {"accuracy": 0.7713089802130898, "0.0": {"precision": 0.5911431513903193, "recall": 0.41624365482233505, "f1": 0.48851063829787233, "support": 1379}, "1.0": {"precision": 0.8121353558926487, "recall": 0.8976012380706732, "f1": 0.8527321734868905, "support": 3877}, "macro_avg": {"precision": 0.7016392536414839, "recall": 0.6569224464465041, "f1": 0.6706214058923814, "support": 5256}, "macro_auc": 0.7631307932858533, "macro_aupoc": 0.8841360056446972, "doa": 0.5444518076257248, "doa_know_support": 266, "doa_z_support": 6666}}
{"id": 12, "metrics": {"accuracy": 0.75893536121673, "0.0": {"precision": 0.5608365019011406, "recall": 0.42263610315186245, "f1": 0.4820261437908496, "support": 1396}, "1.0": {"precision": 0.8084600760456274, "recall": 0.8804347826086957, "f1": 0.8429137760158574, "support": 3864}, "macro_avg": {"precision": 0.684648288973384, "recall": 0.6515354428802791, "f1": 0.6624699599033534, "support": 5260}, "macro_auc": 0.7559043659197826, "macro_aupoc": 0.8765351250736431, "doa": 0.5852129962086421, "doa_know_support": 263, "doa_z_support": 6694}}
{"id": 13, "metrics": {"accuracy": 0.7758981182284737, "0.0": {"precision": 0.6219081272084805, "recall": 0.38095238095238093, "f1": 0.47248322147651006, "support": 1386}, "1.0": {"precision": 0.8055303717135086, "recall": 0.9171612903225806, "f1": 0.8577289730903825, "support": 3875}, "macro_avg": {"precision": 0.7137192494609945, "recall": 0.6490568356374808, "f1": 0.6651060972834463, "support": 5261}, "macro_auc": 0.7762073267234558, "macro_aupoc": 0.8867920511734051, "doa": 0.5841514272341767, "doa_know_support": 266, "doa_z_support": 6722}}
{"id": 14, "metrics": {"accuracy": 0.7798479087452471, "0.0": {"precision": 0.609895337773549, "recall": 0.4614830813534917, "f1": 0.5254098360655737, "support": 1389}, "1.0": {"precision": 0.8222855785222143, "recall": 0.894084215964867, "f1": 0.8566831683168317, "support": 3871}, "macro_avg": {"precision": 0.7160904581478816, "recall": 0.6777836486591793, "f1": 0.6910465021912027, "support": 5260}, "macro_auc": 0.766120637499607, "macro_aupoc": 0.8814825444932927, "doa": 0.5933722770669685, "doa_know_support": 264, "doa_z_support": 7315}}
{"id": 15, "metrics": {"accuracy": 0.7756069802731411, "0.0": {"precision": 0.6017021276595744,