{"id": 1, "metrics": {"theta": {"delta": 359622.1875, "delta_ave": 0.21880431473255157, "support": 3307}, "a": {"delta": 105639.6875, "delta_ave": 0.19554249942302704, "support": 1087}, "b": {"delta": 110425.078125, "delta_ave": 0.2044004201889038, "support": 1087}, "user": {"delta": 359622.1875, "delta_ave": 0.21880431473255157, "support": 3307}, "item": {"delta": 216064.765625, "delta_ave": 0.19997145980596542, "support": 1087}, "macro_ave": 0.2093878872692585, "micro_ave": 0.214145390448255}}
{"id": 2, "metrics": {"theta": {"delta": 255311.96875, "delta_ave": 0.15510451793670654, "support": 3312}, "a": {"delta": 57396.93359375, "delta_ave": 0.10556378960609436, "support": 1094}, "b": {"delta": 83430.328125, "delta_ave": 0.1534441113471985, "support": 1094}, "user": {"delta": 255311.96875, "delta_ave": 0.15510451793670654, "support": 3312}, "item": {"delta": 140827.26171875, "delta_ave": 0.12950395047664642, "support": 1094}, "macro_ave": 0.14230423420667648, "micro_ave": 0.14874795397817142}}
{"id": 3, "metrics": {"theta": {"delta": 256267.0625, "delta_ave": 0.15535640716552734, "support": 3319}, "a": {"delta": 45108.36328125, "delta_ave": 0.08342030644416809, "support": 1088}, "b": {"delta": 64942.91796875, "delta_ave": 0.1201009675860405, "support": 1088}, "user": {"delta": 256267.0625, "delta_ave": 0.15535640716552734, "support": 3319}, "item": {"delta": 110051.28125, "delta_ave": 0.1017606370151043, "support": 1088}, "macro_ave": 0.12855852209031582, "micro_ave": 0.14212468537663234}}
{"id": 4, "metrics": {"theta": {"delta": 237594.375, "delta_ave": 0.14308802783489227, "support": 3341}, "a": {"delta": 36396.35546875, "delta_ave": 0.0670623630285263, "support": 1092}, "b": {"delta": 60107.48046875, "delta_ave": 0.11075147241353989, "support": 1092}, "user": {"delta": 237594.375, "delta_ave": 0.14308802783489227, "support": 3341}, "item": {"delta": 96503.8359375, "delta_ave": 0.0889069177210331, "support": 1092}, "macro_ave": 0.11599747277796268, "micro_ave": 0.12974136141388298}}
{"id": 5, "metrics": {"theta": {"delta": 106257.5, "delta_ave": 0.06363029032945633, "support": 3360}, "a": {"delta": 46591.5625, "delta_ave": 0.0861632376909256, "support": 1088}, "b": {"delta": 61061.2890625, "delta_ave": 0.1129225492477417, "support": 1088}, "user": {"delta": 106257.5, "delta_ave": 0.06363029032945633, "support": 3360}, "item": {"delta": 107652.8515625, "delta_ave": 0.09954289346933365, "support": 1088}, "macro_ave": 0.08158659189939499, "micro_ave": 0.07241466807590115}}
{"id": 6, "metrics": {"theta": {"delta": 95769.3203125, "delta_ave": 0.05711168050765991, "support": 3374}, "a": {"delta": 34875.9765625, "delta_ave": 0.06479500234127045, "support": 1083}, "b": {"delta": 40443.046875, "delta_ave": 0.07513789087533951, "support": 1083}, "user": {"delta": 95769.3203125, "delta_ave": 0.05711168050765991, "support": 3374}, "item": {"delta": 75319.0234375, "delta_ave": 0.06996644660830498, "support": 1083}, "macro_ave": 0.06353906355798244, "micro_ave": 0.06023524157721311}}
{"id": 7, "metrics": {"theta": {"delta": 84071.6796875, "delta_ave": 0.05046489089727402, "support": 3352}, "a": {"delta": 24739.16015625, "delta_ave": 0.04591972380876541, "support": 1084}, "b": {"delta": 35124.2421875, "delta_ave": 0.06519605219364166, "support": 1084}, "user": {"delta": 84071.6796875, "delta_ave": 0.05046489089727402, "support": 3352}, "item": {"delta": 59863.40234375, "delta_ave": 0.05555788800120354, "support": 1084}, "macro_ave": 0.05301138944923878, "micro_ave": 0.0517094375295237}}
{"id": 8, "metrics": {"theta": {"delta": 91602.2578125, "delta_ave": 0.05521580949425697, "support": 3338}, "a": {"delta": 7698.90576171875, "delta_ave": 0.014383246190845966, "support": 1077}, "b": {"delta": 20034.8984375, "delta_ave": 0.03742958977818489, "support": 1077}, "user": {"delta": 91602.2578125, "delta_ave": 0.05521580949425697, "support": 3338}, "item": {"delta": 27733.80419921875, "delta_ave": 0.02590641798451543, "support": 1077}, "macro_ave": 0.0405611137393862, "micro_ave": 0.048066044000261134}}
{"id": 9, "metrics": {"theta": {"delta": 107825.1640625, "delta_ave": 0.06572312861680984, "support": 3301}, "a": {"delta": 7188.83203125, "delta_ave": 0.013430316001176834, "support": 1077}, "b": {"delta": 17215.193359375, "delta_ave": 0.032161761075258255, "support": 1077}, "user": {"delta": 107825.1640625, "delta_ave": 0.06572312861680984, "support": 3301}, "item": {"delta": 24404.025390625, "delta_ave": 0.022796038538217545, "support": 1077}, "macro_ave": 0.044259583577513695, "micro_ave": 0.05516294679528314}}
{"id": 10, "metrics": {"theta": {"delta": 97965.265625, "delta_ave": 0.05878711864352226, "support": 3353}, "a": {"delta": 7296.2216796875, "delta_ave": 0.013732952997088432, "support": 1069}, "b": {"delta": 18054.62109375, "delta_ave": 0.03398241847753525, "support": 1069}, "user": {"delta": 97965.265625, "delta_ave": 0.05878711864352226, "support": 3353}, "item": {"delta": 25350.8427734375, "delta_ave": 0.02385768573731184, "support": 1069}, "macro_ave": 0.04132240219041705, "micro_ave": 0.0503430743701756}}
{"id": 11, "metrics": {"theta": {"delta": 96349.25, "delta_ave": 0.057817377150058746, "support": 3353}, "a": {"delta": 12523.3056640625, "delta_ave": 0.022948814556002617, "support": 1098}, "b": {"delta": 26645.59765625, "delta_ave": 0.048827752470970154, "support": 1098}, "user": {"delta": 96349.25, "delta_ave": 0.057817377150058746, "support": 3353}, "item": {"delta": 39168.9033203125, "delta_ave": 0.035888283513486385, "support": 1098}, "macro_ave": 0.046852830331772566, "micro_ave": 0.05240777373218491}}
{"id": 12, "metrics": {"theta": {"delta": 137314.828125, "delta_ave": 0.08324416726827621, "support": 3319}, "a": {"delta": 14175.830078125, "delta_ave": 0.0261197779327631, "support": 1092}, "b": {"delta": 32218.353515625, "delta_ave": 0.059364158660173416, "support": 1092}, "user": {"delta": 137314.828125, "delta_ave": 0.08324416726827621, "support": 3319}, "item": {"delta": 46394.18359375, "delta_ave": 0.04274196829646826, "support": 1092}, "macro_ave": 0.06299306778237224, "micro_ave": 0.07321732499277989}}
{"id": 13, "metrics": {"theta": {"delta": 90678.9375, "delta_ave": 0.054757680743932724, "support": 3332}, "a": {"delta": 15139.3212890625, "delta_ave": 0.02776792272925377, "support": 1097}, "b": {"delta": 26611.7265625, "delta_ave": 0.048810139298439026, "support": 1097}, "user": {"delta": 90678.9375, "delta_ave": 0.054757680743932724, "support": 3332}, "item": {"delta": 41751.0478515625, "delta_ave": 0.0382890310138464, "support": 1097}, "macro_ave": 0.04652335587888956, "micro_ave": 0.05067863157845413}}
{"id": 14, "metrics": {"theta": {"delta": 103768.5625, "delta_ave": 0.061246659606695175, "support": 3409}, "a": {"delta": 16404.458984375, "delta_ave": 0.02992471493780613, "support": 1103}, "b": {"delta": 29209.140625, "delta_ave": 0.05328277871012688, "support": 1103}, "user": {"delta": 103768.5625, "delta_ave": 0.061246659606695175, "support": 3409}, "item": {"delta": 45613.599609375, "delta_ave": 0.0416037468239665, "support": 1103}, "macro_ave": 0.05142520321533084, "micro_ave": 0.05644476847208752}}
{"id": 15, "metrics": {"theta": {"delta": 107057.453125, "delta_ave": 0.0635794997215271, "support": 3388}, "a": {"delta": 11547.3994140625, "delta_ave": 0.021374613046646118, "support": 1087}, "b": {"delta": 21270.21484375, "delta_ave": 0.03937185928225517, "support": 1087}, "user": {"delta": 107057.453125, "delta_ave": 0.0635794997215271, "support": 3388}, "item": {"delta": 32817.6142578125, "delta_ave": 0.030373236164450645, "support": 1087}, "macro_ave": 0.04697636794298887, "micro_ave": 0.055513531344646184}}
{"id": 16, "metrics": {"theta": {"delta": 0.0, "delta_ave": 0.0, "support": 3365}, "a": {"delta": 0.0, "delta_ave": 0.0, "support": 1094}, "b": {"delta": 0.0, "delta_ave": 0.0, "support": 1094}, "user": {"delta": 0.0, "delta_ave": 0.0, "support": 3365}, "item": {"delta": 0.0, "delta_ave": 0.0, "support": 1094},