{"id": 0, "metrics": {"accuracy": 0.7359263050153532, "0.0": {"precision": 0.0, "recall": 0.0, "f1": 0.0, "support": 258}, "1.0": {"precision": 0.7359263050153532, "recall": 1.0, "f1": 0.8478773584905661, "support": 719}, "macro_avg": {"precision": 0.3679631525076766, "recall": 0.5, "f1": 0.42393867924528306, "support": 977}, "macro_auc": 0.5, "macro_aupoc": 0.7359263050153532, "doa": 0.45158893444291787, "doa_know_support": 106, "doa_z_support": 577}}
{"id": 1, "metrics": {"accuracy": 0.7851239669421488, "0.0": {"precision": 0.0, "recall": 0.0, "f1": 0.0, "support": 26}, "1.0": {"precision": 0.7851239669421488, "recall": 1.0, "f1": 0.8796296296296297, "support": 95}, "macro_avg": {"precision": 0.3925619834710744, "recall": 0.5, "f1": 0.4398148148148148, "support": 121}, "macro_auc": 0.682995951417004, "macro_aupoc": 0.8755110422200856, "doa": 0.625, "doa_know_support": 8, "doa_z_support": 11}}
{"id": 2, "metrics": {"accuracy": 0.6578947368421053, "0.0": {"precision": 0.0, "recall": 0.0, "f1": 0.0, "support": 26}, "1.0": {"precision": 0.6578947368421053, "recall": 1.0, "f1": 0.7936507936507937, "support": 50}, "macro_avg": {"precision": 0.32894736842105265, "recall": 0.5, "f1": 0.39682539682539686, "support": 76}, "macro_auc": 0.8103846153846154, "macro_aupoc": 0.8960672914596923, "doa": 0.0, "doa_know_support": 2, "doa_z_support": 2}}
{"id": 3, "metrics": {"accuracy": 0.7037037037037037, "0.0": {"precision": 0.0, "recall": 0.0, "f1": 0.0, "support": 8}, "1.0": {"precision": 0.7037037037037037, "recall": 1.0, "f1": 0.8260869565217391, "support": 19}, "macro_avg": {"precision": 0.35185185185185186, "recall": 0.5, "f1": 0.41304347826086957, "support": 27}, "macro_auc": 0.888157894736842, "macro_aupoc": 0.9562506868776217, "doa": NaN, "doa_know_support": 0, "doa_z_support": 0}}
{"id": 4, "metrics": {"accuracy": 0.375, "0.0": {"precision": 0.0, "recall": 0.0, "f1": 0.0, "support": 5}, "1.0": {"precision": 0.375, "recall": 1.0, "f1": 0.5454545454545454, "support": 3}, "macro_avg": {"precision": 0.1875, "recall": 0.5, "f1": 0.2727272727272727, "support": 8}, "macro_auc": 1.0, "macro_aupoc": 1.0, "doa": NaN, "doa_know_support": 0, "doa_z_support": 0}}
{"id": 5, "metrics": {"doa": NaN, "doa_know_support": 0, "doa_z_support": 0}}
{"id": 6, "metrics": {"accuracy": 0.45454545454545453, "0.0": {"precision": 0.0, "recall": 0.0, "f1": 0.0, "support": 4}, "1.0": {"precision": 0.5555555555555556, "recall": 0.7142857142857143, "f1": 0.6250000000000001, "support": 7}, "macro_avg": {"precision": 0.2777777777777778, "recall": 0.35714285714285715, "f1": 0.31250000000000006, "support": 11}, "macro_auc": 0.6071428571428571, "macro_aupoc": 0.8028138528138526, "doa": NaN, "doa_know_support": 0, "doa_z_support": 0}}
{"id": 7, "metrics": {"accuracy": 0.8357711254262978, "0.0": {"precision": 0.7369996258885148, "recall": 0.5736750145602796, "f1": 0.6451612903225807, "support": 6868}, "1.0": {"precision": 0.8608629538110625, "recall": 0.9279786907079193, "f1": 0.8931617610807079, "support": 19522}, "macro_avg": {"precision": 0.7989312898497887, "recall": 0.7508268526340994, "f1": 0.7691615257016443, "support": 26390}, "macro_auc": 0.8733995215707835, "macro_aupoc": 0.9413878510364264, "doa": 0.812108020505775, "doa_know_support": 345, "doa_z_support": 168433}}
{"id": 8, "metrics": {"accuracy": 0.8287230011367942, "0.0": {"precision": 0.7307389937106918, "recall": 0.5413511939429237, "f1": 0.6219471395115423, "support": 6868}, "1.0": {"precision": 0.8521265608863018, "recall": 0.9298227640610593, "f1": 0.8892808152067413, "support": 19522}, "macro_avg": {"precision": 0.7914327772984968, "recall": 0.7355869790019915, "f1": 0.7556139773591418, "support": 26390}, "macro_auc": 0.8706567824231515, "macro_aupoc": 0.9418139719026238, "doa": 0.8069888949509447, "doa_know_support": 345, "doa_z_support": 168489}}
{"id": 9, "metrics": {"accuracy": 0.8327775672603259, "0.0": {"precision": 0.7482305358948432, "recall": 0.5387303436225975, "f1": 0.626428510962499, "support": 6868}, "1.0": {"precision": 0.8522732571695034, "recall": 0.93622579653724, "f1": 0.8922791515121928, "support": 19522}, "macro_avg": {"precision": 0.8002518965321733, "recall": 0.7374780700799188, "f1": 0.7593538312373459, "support": 26390}, "macro_auc": 0.8660305112813602, "macro_aupoc": 0.9367874355555457, "doa": 0.7943773673218295, "doa_know_support": 345, "doa_z_support": 168496}}
{"id": 10, "metrics": {"accuracy": 0.8264115195149678, "0.0": {"precision": 0.6870603631604777, "recall": 0.6115317414094351, "f1": 0.6470996071180957, "support": 6868}, "1.0": {"precision": 0.8684223504463184, "recall": 0.9020079909845303, "f1": 0.8848966054423478, "support": 19522}, "macro_avg": {"precision": 0.7777413568033981, "recall": 0.7567698661969827, "f1": 0.7659981062802217, "support": 26390}, "macro_auc": 0.861622241579576, "macro_aupoc": 0.9354448742631605, "doa": 0.7835892719537948, "doa_know_support": 345, "doa_z_support": 168525}}
{"id": 11, "metrics": {"accuracy": 0.8266388783630163, "0.0": {"precision": 0.7140190405077469, "recall": 0.556930693069307, "f1": 0.6257668711656442, "support": 6868}, "1.0": {"precision": 0.8553225883136024, "recall": 0.9215244339719291, "f1": 0.8871902354826778, "support": 19522}, "macro_avg": {"precision": 0.7846708144106747, "recall": 0.739227563520618, "f1": 0.756478553324161, "support": 26390}, "macro_auc": 0.855448774785516, "macro_aupoc": 0.9305467633368592, "doa": 0.782303871928852, "doa_know_support": 345, "doa_z_support": 168514}}
{"id": 12, "metrics": {"accuracy": 0.8241000378931413, "0.0": {"precision": 0.7059585492227979, "recall": 0.5554746651135701, "f1": 0.6217405475880051, "support": 6868}, "1.0": {"precision": 0.8545220623272658, "recall": 0.9186046511627907, "f1": 0.8854053520292288, "support": 19522}, "macro_avg": {"precision": 0.7802403057750318, "recall": 0.7370396581381804, "f1": 0.753572949808617, "support": 26390}, "macro_auc": 0.8483506795224741, "macro_aupoc": 0.9275155436157272, "doa": 0.7818109121571237, "doa_know_support": 345, "doa_z_support": 168495}}
{"id": 13, "metrics": {"accuracy": 0.8224706328154604, "0.0": {"precision": 0.7418568579658763, "recall": 0.48747815958066393, "f1": 0.5883490027238379, "support": 6868}, "1.0": {"precision": 0.8391004251039905, "recall": 0.9403237373219957, "f1": 0.8868330152902245, "support": 19522}, "macro_avg": {"precision": 0.7904786415349334, "recall": 0.7139009484513298, "f1": 0.7375910090070312, "support": 26390}, "macro_auc": 0.8550742402714331, "macro_aupoc": 0.9306693073140622, "doa": 0.7792500657902667, "doa_know_support": 345, "doa_z_support": 168481}}
{"id": 14, "metrics": {"accuracy": 0.8253884046987495, "0.0": {"precision": 0.7052306574645841, "recall": 0.56537565521258, "f1": 0.6276062712138355, "support": 6868}, "1.0": {"precision": 0.857067611568665, "recall": 0.9168630263292695, "f1": 0.8859575310597436, "support": 19522}, "macro_avg": {"precision": 0.7811491345166246, "recall": 0.7411193407709248, "f1": 0.7567819011367896, "support": 26390}, "macro_auc": 0.8538253319567721, "macro_aupoc": 0.9302657329263799, "doa": 0.7721805450897321, "doa_know_support": 345, "doa_z_support": 168527}}
{"id": 15, "metrics": {"accuracy": 0.8225085259568018, "0.0": {"precision": 0.6834677419354839, "recall": 0.5923121723937099, "f1": 0.6346333853354134, "support": 6868}, "1.0": {"precision": 0.8630002935707994, "recall": 0.9034934945190042, "f1": 0.8827827827827827, "support": 19522}, "macro_avg": {"precision": 0.7732340177531416, "recall": 0.7479028334563571, "f1": 0.7587080840590981, "support": 26390}, "macro_auc": 0.8566615173407395, "macro_aupoc": 0.9330742120496759, "doa": 0.7650018157285485, "doa_know_support": 345, "doa_z_support": 168523}}
{"id": 16, "metrics": {"accuracy": 0.819439181508147, "0.0": {"precision": 0.6586690810321413, "recall": 0.6355562026790914, "f1": 0.6469062615783624, "support": 6868}, "1.0": {"precision": 0.8733491878763345, "recall": 0.8841307243110337, "f1": 0.8787068855797378, "support": 19522},