{"id": 0, "metrics": {"accuracy": 0.7245187756390028, "0.0": {"precision": 0.0, "recall": 0.0, "f1": 0.0, "support": 873}, "1.0": {"precision": 0.7245187756390028, "recall": 1.0, "f1": 0.840256175663312, "support": 2296}, "macro_avg": {"precision": 0.3622593878195014, "recall": 0.5, "f1": 0.420128087831656, "support": 3169}, "macro_auc": 0.6876815997541419, "macro_aupoc": 0.8358778854119837, "doa": 0.5054013959399759, "doa_know_support": 218, "doa_z_support": 2440}}
{"id": 1, "metrics": {"accuracy": 0.7436140018921475, "0.0": {"precision": 0.0, "recall": 0.0, "f1": 0.0, "support": 271}, "1.0": {"precision": 0.7436140018921475, "recall": 1.0, "f1": 0.8529571351058057, "support": 786}, "macro_avg": {"precision": 0.3718070009460738, "recall": 0.5, "f1": 0.42647856755290287, "support": 1057}, "macro_auc": 0.7251767555843496, "macro_aupoc": 0.8708409981477607, "doa": 0.5754103981826754, "doa_know_support": 101, "doa_z_support": 282}}
{"id": 2, "metrics": {"accuracy": 0.7871900826446281, "0.0": {"precision": 0.0, "recall": 0.0, "f1": 0.0, "support": 103}, "1.0": {"precision": 0.7871900826446281, "recall": 1.0, "f1": 0.8809248554913295, "support": 381}, "macro_avg": {"precision": 0.39359504132231404, "recall": 0.5, "f1": 0.44046242774566474, "support": 484}, "macro_auc": 0.713872537777438, "macro_aupoc": 0.8807471241758884, "doa": 0.43429487179487175, "doa_know_support": 52, "doa_z_support": 82}}
{"id": 3, "metrics": {"accuracy": 0.8177339901477833, "0.0": {"precision": 0.0, "recall": 0.0, "f1": 0.0, "support": 37}, "1.0": {"precision": 0.8177339901477833, "recall": 1.0, "f1": 0.8997289972899728, "support": 166}, "macro_avg": {"precision": 0.4088669950738916, "recall": 0.5, "f1": 0.4498644986449864, "support": 203}, "macro_auc": 0.6396125040703354, "macro_aupoc": 0.8565983430850692, "doa": 0.7307692307692307, "doa_know_support": 13, "doa_z_support": 18}}
{"id": 4, "metrics": {"accuracy": 0.8270676691729323, "0.0": {"precision": 0.75, "recall": 0.3870967741935484, "f1": 0.5106382978723403, "support": 31}, "1.0": {"precision": 0.8376068376068376, "recall": 0.9607843137254902, "f1": 0.8949771689497716, "support": 102}, "macro_avg": {"precision": 0.7938034188034189, "recall": 0.6739405439595193, "f1": 0.702807733411056, "support": 133}, "macro_auc": 0.8149905123339659, "macro_aupoc": 0.931259949206686, "doa": 0.9166666666666666, "doa_know_support": 6, "doa_z_support": 7}}
{"id": 5, "metrics": {"accuracy": 0.6875, "0.0": {"precision": 0.375, "recall": 0.16666666666666666, "f1": 0.23076923076923078, "support": 18}, "1.0": {"precision": 0.7321428571428571, "recall": 0.8913043478260869, "f1": 0.8039215686274508, "support": 46}, "macro_avg": {"precision": 0.5535714285714286, "recall": 0.5289855072463768, "f1": 0.5173453996983408, "support": 64}, "macro_auc": 0.7342995169082126, "macro_aupoc": 0.8834859167683706, "doa": 0.0, "doa_know_support": 1, "doa_z_support": 2}}
{"id": 6, "metrics": {"accuracy": 0.7962962962962963, "0.0": {"precision": 0.6363636363636364, "recall": 0.5, "f1": 0.56, "support": 14}, "1.0": {"precision": 0.8372093023255814, "recall": 0.9, "f1": 0.8674698795180723, "support": 40}, "macro_avg": {"precision": 0.7367864693446089, "recall": 0.7, "f1": 0.7137349397590362, "support": 54}, "macro_auc": 0.7982142857142857, "macro_aupoc": 0.9204956874481579, "doa": NaN, "doa_know_support": 0, "doa_z_support": 0}}
{"id": 7, "metrics": {"accuracy": 0.65, "0.0": {"precision": 0.0, "recall": 0.0, "f1": 0.0, "support": 6}, "1.0": {"precision": 0.6842105263157895, "recall": 0.9285714285714286, "f1": 0.7878787878787878, "support": 14}, "macro_avg": {"precision": 0.34210526315789475, "recall": 0.4642857142857143, "f1": 0.3939393939393939, "support": 20}, "macro_auc": 0.7261904761904763, "macro_aupoc": 0.8504072141677184, "doa": NaN, "doa_know_support": 0, "doa_z_support": 0}}
{"id": 8, "metrics": {"accuracy": 0.6666666666666666, "0.0": {"precision": 0.75, "recall": 0.375, "f1": 0.5, "support": 8}, "1.0": {"precision": 0.6428571428571429, "recall": 0.9, "f1": 0.75, "support": 10}, "macro_avg": {"precision": 0.6964285714285714, "recall": 0.6375, "f1": 0.625, "support": 18}, "macro_auc": 0.8125, "macro_aupoc": 0.8363339438339438, "doa": NaN, "doa_know_support": 0, "doa_z_support": 0}}
{"id": 9, "metrics": {"accuracy": 0.625, "0.0": {"precision": 0.0, "recall": 0.0, "f1": 0.0, "support": 1}, "1.0": {"precision": 0.8333333333333334, "recall": 0.7142857142857143, "f1": 0.7692307692307692, "support": 7}, "macro_avg": {"precision": 0.4166666666666667, "recall": 0.35714285714285715, "f1": 0.3846153846153846, "support": 8}, "macro_auc": 0.14285714285714285, "macro_aupoc": 0.8260204081632654, "doa": NaN, "doa_know_support": 0, "doa_z_support": 0}}
{"id": 10, "metrics": {"doa": NaN, "doa_know_support": 0, "doa_z_support": 0}}
{"id": 11, "metrics": {"accuracy": 0.7777777777777778, "0.0": {"precision": 0.0, "recall": 0.0, "f1": 0.0, "support": 1}, "1.0": {"precision": 0.875, "recall": 0.875, "f1": 0.875, "support": 8}, "macro_avg": {"precision": 0.4375, "recall": 0.4375, "f1": 0.4375, "support": 9}, "macro_auc": 0.625, "macro_aupoc": 0.9526289682539683, "doa": NaN, "doa_know_support": 0, "doa_z_support": 0}}
{"id": 12, "metrics": {"accuracy": 0.75, "0.0": {"precision": 0.6666666666666666, "recall": 1.0, "f1": 0.8, "support": 2}, "1.0": {"precision": 1.0, "recall": 0.5, "f1": 0.6666666666666666, "support": 2}, "macro_avg": {"precision": 0.8333333333333333, "recall": 0.75, "f1": 0.7333333333333334, "support": 4}, "macro_auc": 0.75, "macro_aupoc": 0.8333333333333333, "doa": NaN, "doa_know_support": 0, "doa_z_support": 0}}
{"id": 13, "metrics": {"accuracy": 0.75, "0.0": {"precision": 0.0, "recall": 0.0, "f1": 0.0, "support": 1}, "1.0": {"precision": 0.75, "recall": 1.0, "f1": 0.8571428571428571, "support": 3}, "macro_avg": {"precision": 0.375, "recall": 0.5, "f1": 0.42857142857142855, "support": 4}, "macro_auc": 0.6666666666666666, "macro_aupoc": 0.9166666666666665, "doa": NaN, "doa_know_support": 0, "doa_z_support": 0}}
{"id": 14, "metrics": {"doa": NaN, "doa_know_support": 0, "doa_z_support": 0}}
{"id": 15, "metrics": {"accuracy": 0.3333333333333333, "0.0": {"precision": 0.0, "recall": 0.0, "f1": 0.0, "support": 1}, "1.0": {"precision": 0.5, "recall": 0.5, "f1": 0.5, "support": 2}, "macro_avg": {"precision": 0.25, "recall": 0.25, "f1": 0.25, "support": 3}, "macro_auc": 0.0, "macro_aupoc": 0.5833333333333333, "doa": NaN, "doa_know_support": 0, "doa_z_support": 0}}
{"id": 16, "metrics": {"doa": NaN, "doa_know_support": 0, "doa_z_support": 0}}
{"id": 17, "metrics": {"doa": NaN, "doa_know_support": 0, "doa_z_support": 0}}
{"id": 18, "metrics": {"doa": NaN, "doa_know_support": 0, "doa_z_support": 0}}
{"id": 19, "metrics": {"doa": NaN, "doa_know_support": 0, "doa_z_support": 0}}
{"id": 20, "metrics": {"doa": NaN, "doa_know_support": 0, "doa_z_support": 0}}
{"id": 21, "metrics": {"doa": NaN, "doa_know_support": 0, "doa_z_support": 0}}
{"id": 22, "metrics": {"doa": NaN, "doa_know_support": 0, "doa_z_support": 0}}
{"id": 23, "metrics": {"doa": NaN, "doa_know_support": 0, "doa_z_support": 0}}
{"id": 24, "metrics": {"doa": NaN, "doa_know_support": 0, "doa_z_support": 0}}
