{"id": 0, "metrics": {"accuracy": 0.7245187756390028, "0.0": {"precision": 0.0, "recall": 0.0, "f1": 0.0, "support": 873}, "1.0": {"precision": 0.7245187756390028, "recall": 1.0, "f1": 0.840256175663312, "support": 2296}, "macro_avg": {"precision": 0.3622593878195014, "recall": 0.5, "f1": 0.420128087831656, "support": 3169}, "macro_auc": 0.6876815997541419, "macro_aupoc": 0.8358778854119837, "doa": 0.5054013959399759, "doa_know_support": 218, "doa_z_support": 2440}}
{"id": 1, "metrics": {"accuracy": 0.6813186813186813, "0.0": {"precision": 0.0, "recall": 0.0, "f1": 0.0, "support": 29}, "1.0": {"precision": 0.6813186813186813, "recall": 1.0, "f1": 0.8104575163398693, "support": 62}, "macro_avg": {"precision": 0.34065934065934067, "recall": 0.5, "f1": 0.40522875816993464, "support": 91}, "macro_auc": 0.6398776418242491, "macro_aupoc": 0.7820643152222533, "doa": 0.5403846153846155, "doa_know_support": 13, "doa_z_support": 43}}
{"id": 2, "metrics": {"accuracy": 0.5, "0.0": {"precision": 0.0, "recall": 0.0, "f1": 0.0, "support": 12}, "1.0": {"precision": 0.5, "recall": 1.0, "f1": 0.6666666666666666, "support": 12}, "macro_avg": {"precision": 0.25, "recall": 0.5, "f1": 0.3333333333333333, "support": 24}, "macro_auc": 0.6944444444444444, "macro_aupoc": 0.6944423417140135, "doa": 0.5, "doa_know_support": 4, "doa_z_support": 7}}
{"id": 3, "metrics": {"accuracy": 0.7, "0.0": {"precision": 0.0, "recall": 0.0, "f1": 0.0, "support": 3}, "1.0": {"precision": 0.7, "recall": 1.0, "f1": 0.8235294117647058, "support": 7}, "macro_avg": {"precision": 0.35, "recall": 0.5, "f1": 0.4117647058823529, "support": 10}, "macro_auc": 0.7142857142857143, "macro_aupoc": 0.859750566893424, "doa": 0.4, "doa_know_support": 5, "doa_z_support": 5}}
{"id": 4, "metrics": {"doa": NaN, "doa_know_support": 0, "doa_z_support": 0}}
{"id": 5, "metrics": {"doa": NaN, "doa_know_support": 0, "doa_z_support": 0}}
{"id": 6, "metrics": {"accuracy": 0.25, "0.0": {"precision": 0.0, "recall": 0.0, "f1": 0.0, "support": 3}, "1.0": {"precision": 0.25, "recall": 1.0, "f1": 0.4, "support": 1}, "macro_avg": {"precision": 0.125, "recall": 0.5, "f1": 0.2, "support": 4}, "macro_auc": 1.0, "macro_aupoc": 1.0, "doa": 1.0, "doa_know_support": 1, "doa_z_support": 1}}
{"id": 7, "metrics": {"accuracy": 0.7647849462365591, "0.0": {"precision": 0.5997854077253219, "recall": 0.39617292700212614, "f1": 0.4771660264618011, "support": 1411}, "1.0": {"precision": 0.8007483629560337, "recall": 0.9017645509612853, "f1": 0.8482596308683266, "support": 3797}, "macro_avg": {"precision": 0.7002668853406777, "recall": 0.6489687389817057, "f1": 0.6627128286650639, "support": 5208}, "macro_auc": 0.7624972305525998, "macro_aupoc": 0.8780777681497943, "doa": 0.5723103201778552, "doa_know_support": 281, "doa_z_support": 6683}}
{"id": 8, "metrics": {"accuracy": 0.7701259061426936, "0.0": {"precision": 0.6044692737430167, "recall": 0.3886494252873563, "f1": 0.4731088762571053, "support": 1392}, "1.0": {"precision": 0.8042328042328042, "recall": 0.908051948051948, "f1": 0.8529949981700622, "support": 3850}, "macro_avg": {"precision": 0.7043510389879104, "recall": 0.6483506866696521, "f1": 0.6630519372135837, "support": 5242}, "macro_auc": 0.7444495447081654, "macro_aupoc": 0.8682877665940587, "doa": 0.544858123593804, "doa_know_support": 277, "doa_z_support": 6800}}
{"id": 9, "metrics": {"accuracy": 0.7613941018766756, "0.0": {"precision": 0.5468886941279579, "recall": 0.4611973392461197, "f1": 0.5004009623095429, "support": 1353}, "1.0": {"precision": 0.8213673119333497, "recall": 0.8663737399844921, "f1": 0.8432704402515724, "support": 3869}, "macro_avg": {"precision": 0.6841280030306538, "recall": 0.6637855396153058, "f1": 0.6718357012805576, "support": 5222}, "macro_auc": 0.7473250429771622, "macro_aupoc": 0.8744347511314561, "doa": 0.5406029018888662, "doa_know_support": 281, "doa_z_support": 6760}}
{"id": 10, "metrics": {"accuracy": 0.7687762104460542, "0.0": {"precision": 0.57801766437684, "recall": 0.4293002915451895, "f1": 0.4926808866583019, "support": 1372}, "1.0": {"precision": 0.8147622427253371, "recall": 0.8890036138358286, "f1": 0.8502653993334156, "support": 3874}, "macro_avg": {"precision": 0.6963899535510886, "recall": 0.6591519526905091, "f1": 0.6714731429958587, "support": 5246}, "macro_auc": 0.7475371242235371, "macro_aupoc": 0.8739561459460551, "doa": 0.5421174421583294, "doa_know_support": 272, "doa_z_support": 6851}}
{"id": 11, "metrics": {"accuracy": 0.7625570776255708, "0.0": {"precision": 0.5654345654345654, "recall": 0.41044234952864395, "f1": 0.4756302521008403, "support": 1379}, "1.0": {"precision": 0.808930669800235, "recall": 0.8877998452411658, "f1": 0.8465322183964584, "support": 3877}, "macro_avg": {"precision": 0.6871826176174002, "recall": 0.6491210973849049, "f1": 0.6610812352486494, "support": 5256}, "macro_auc": 0.7610638818805162, "macro_aupoc": 0.8852914769066618, "doa": 0.5481004470264612, "doa_know_support": 266, "doa_z_support": 6663}}
{"id": 12, "metrics": {"accuracy": 0.7731939163498099, "0.0": {"precision": 0.6236297198538368, "recall": 0.3667621776504298, "f1": 0.46188543076229144, "support": 1396}, "1.0": {"precision": 0.800856048659608, "recall": 0.9200310559006211, "f1": 0.8563169938576417, "support": 3864}, "macro_avg": {"precision": 0.7122428842567223, "recall": 0.6433966167755254, "f1": 0.6591012123099665, "support": 5260}, "macro_auc": 0.7564616369158852, "macro_aupoc": 0.8737027774120629, "doa": 0.5774329135799955, "doa_know_support": 263, "doa_z_support": 6691}}
{"id": 13, "metrics": {"accuracy": 0.7798897547994678, "0.0": {"precision": 0.6043956043956044, "recall": 0.47619047619047616, "f1": 0.5326876513317191, "support": 1386}, "1.0": {"precision": 0.8258575197889182, "recall": 0.8885161290322581, "f1": 0.8560417702635505, "support": 3875}, "macro_avg": {"precision": 0.7151265620922613, "recall": 0.6823533026113671, "f1": 0.6943647107976348, "support": 5261}, "macro_auc": 0.7769903644742355, "macro_aupoc": 0.8880425340768048, "doa": 0.5913785470730544, "doa_know_support": 266, "doa_z_support": 6723}}
{"id": 14, "metrics": {"accuracy": 0.7756653992395437, "0.0": {"precision": 0.5922330097087378, "recall": 0.48308135349172066, "f1": 0.5321173671689136, "support": 1389}, "1.0": {"precision": 0.8260237460625152, "recall": 0.8806509945750453, "f1": 0.8524631157789447, "support": 3871}, "macro_avg": {"precision": 0.7091283778856265, "recall": 0.6818661740333829, "f1": 0.6922902414739291, "support": 5260}, "macro_auc": 0.7672801520750466, "macro_aupoc": 0.8836920304318061, "doa": 0.5848295522167026, "doa_know_support": 264, "doa_z_support": 7315}}
{"id": 15, "metrics": {"accuracy": 0.7721927162367223, "0.0": {"precision": 0.5824011931394482, "recall": 0.5492264416315049, "f1": 0.5653275425262396, "support": 1422}, "1.0": {"precision": 0.8369371661154923, "recall": 0.8545454545454545, "f1": 0.8456496594268088, "support": 3850}, "macro_avg": {"precision": 0.7096691796274702, "recall": 0.7018859480884797, "f1": 0.7054886009765242, "support": 5272}, "macro_auc": 0.7780331342356659, "macro_aupoc": 0.8875965339591976, "doa": 0.597909520373302, "doa_know_support": 265, "doa_z_support": 7055}}
{"id": 16, "metrics": {"accuracy": 0.7630277672118676, "0.0": {"precision": 0.5609243697478992, "recall": 0.5640845070422535, "f1": 0.5625, "support": 1420}, "1.0": {"precision": 0.8383812010443864, "recall": 0.8366336633663366, "f1": 0.8375065206051122, "support": 3838}, "macro_avg": {"precision": 0.6996527853961427, "recall": 0.7003590852042951, "f1": 0.7000032603025561, "support": 5258}, "macro_auc": 0.7787714955706097, "macro_aupoc": 0.8904749600444026, "doa": 0.5832201418364046, "doa_know_support": 268, "doa_z_support": 7346}}
{"id": 17, "metrics": {"accuracy": 0.772865275142315, "0.0": {"precision": 0.5565836298932384, "recall": 0.5766961651917404, "f1": 0.566461427019196, "support": 1356}, "1.0": {"precision": 0.8514877102199224, "recall": 0.8408277976494635, "f1": 0.8461241804859236,