{"id": 1, "metrics": {"theta": {"delta": 347880.0625, "delta_ave": 0.209506094455719, "support": 3341}, "a": {"delta": 115754.25, "delta_ave": 0.2142648845911026, "support": 1087}, "b": {"delta": 105998.65625, "delta_ave": 0.1962069720029831, "support": 1087}, "user": {"delta": 347880.0625, "delta_ave": 0.209506094455719, "support": 3341}, "item": {"delta": 221752.90625, "delta_ave": 0.20523592829704285, "support": 1087}, "macro_ave": 0.20737101137638092, "micro_ave": 0.20845784002607107}}
{"id": 2, "metrics": {"theta": {"delta": 329375.34375, "delta_ave": 0.14076615869998932, "support": 4708}, "a": {"delta": 64278.234375, "delta_ave": 0.11139746755361557, "support": 1161}, "b": {"delta": 77223.5234375, "delta_ave": 0.13383232057094574, "support": 1161}, "user": {"delta": 329375.34375, "delta_ave": 0.14076615869998932, "support": 4708}, "item": {"delta": 141501.7578125, "delta_ave": 0.12261489406228065, "support": 1161}, "macro_ave": 0.131690526381135, "micro_ave": 0.13717549278682187}}
{"id": 3, "metrics": {"theta": {"delta": 376116.9375, "delta_ave": 0.13890868425369263, "support": 5448}, "a": {"delta": 43637.765625, "delta_ave": 0.07415738701820374, "support": 1184}, "b": {"delta": 52471.01953125, "delta_ave": 0.0891684889793396, "support": 1184}, "user": {"delta": 376116.9375, "delta_ave": 0.13890868425369263, "support": 5448}, "item": {"delta": 96108.78515625, "delta_ave": 0.08166293799877167, "support": 1184}, "macro_ave": 0.11028581112623215, "micro_ave": 0.12868869577874895}}
{"id": 4, "metrics": {"theta": {"delta": 375093.34375, "delta_ave": 0.12927629053592682, "support": 5838}, "a": {"delta": 36093.41015625, "delta_ave": 0.06102735921740532, "support": 1190}, "b": {"delta": 51705.953125, "delta_ave": 0.08742531388998032, "support": 1190}, "user": {"delta": 375093.34375, "delta_ave": 0.12927629053592682, "support": 5838}, "item": {"delta": 87799.36328125, "delta_ave": 0.07422633655369282, "support": 1190}, "macro_ave": 0.10175131354480982, "micro_ave": 0.11995508318833739}}
{"id": 5, "metrics": {"theta": {"delta": 172672.28125, "delta_ave": 0.05652930960059166, "support": 6146}, "a": {"delta": 55125.1796875, "delta_ave": 0.09297221899032593, "support": 1193}, "b": {"delta": 63606.859375, "delta_ave": 0.10727712512016296, "support": 1193}, "user": {"delta": 172672.28125, "delta_ave": 0.05652930960059166, "support": 6146}, "item": {"delta": 118732.0390625, "delta_ave": 0.10012467205524445, "support": 1193}, "macro_ave": 0.07832699082791805, "micro_ave": 0.06361600634516187}}
{"id": 6, "metrics": {"theta": {"delta": 152162.609375, "delta_ave": 0.04855863377451897, "support": 6305}, "a": {"delta": 45459.66796875, "delta_ave": 0.07660648971796036, "support": 1194}, "b": {"delta": 48288.671875, "delta_ave": 0.08137378841638565, "support": 1194}, "user": {"delta": 152162.609375, "delta_ave": 0.04855863377451897, "support": 6305}, "item": {"delta": 93748.33984375, "delta_ave": 0.078990139067173, "support": 1194}, "macro_ave": 0.06377438642084599, "micro_ave": 0.05340397546266791}}
{"id": 7, "metrics": {"theta": {"delta": 143974.40625, "delta_ave": 0.04510852321982384, "support": 6422}, "a": {"delta": 30091.1953125, "delta_ave": 0.050623465329408646, "support": 1196}, "b": {"delta": 40246.22265625, "delta_ave": 0.0677076205611229, "support": 1196}, "user": {"delta": 143974.40625, "delta_ave": 0.04510852321982384, "support": 6422}, "item": {"delta": 70337.41796875, "delta_ave": 0.05916554294526577, "support": 1196}, "macro_ave": 0.052137033082544804, "micro_ave": 0.047315427340541685}}
{"id": 8, "metrics": {"theta": {"delta": 170834.125, "delta_ave": 0.05296311900019646, "support": 6490}, "a": {"delta": 6839.57763671875, "delta_ave": 0.011506459675729275, "support": 1196}, "b": {"delta": 19406.94140625, "delta_ave": 0.032648973166942596, "support": 1196}, "user": {"delta": 170834.125, "delta_ave": 0.05296311900019646, "support": 6490}, "item": {"delta": 26246.51904296875, "delta_ave": 0.022077716421335936, "support": 1196}, "macro_ave": 0.037520417710766196, "micro_ave": 0.04815711568451637}}
{"id": 9, "metrics": {"theta": {"delta": 232696.703125, "delta_ave": 0.07145949453115463, "support": 6552}, "a": {"delta": 6451.21044921875, "delta_ave": 0.010853095911443233, "support": 1196}, "b": {"delta": 16485.52734375, "delta_ave": 0.02773417718708515, "support": 1196}, "user": {"delta": 232696.703125, "delta_ave": 0.07145949453115463, "support": 6552}, "item": {"delta": 22936.73779296875, "delta_ave": 0.019293636549264193, "support": 1196}, "macro_ave": 0.04537656554020941, "micro_ave": 0.06340704665475544}}
{"id": 10, "metrics": {"theta": {"delta": 210598.09375, "delta_ave": 0.06437839567661285, "support": 6582}, "a": {"delta": 6033.53173828125, "delta_ave": 0.010150420479476452, "support": 1196}, "b": {"delta": 17968.27734375, "delta_ave": 0.03022865764796734, "support": 1196}, "user": {"delta": 210598.09375, "delta_ave": 0.06437839567661285, "support": 6582}, "item": {"delta": 24001.80908203125, "delta_ave": 0.020189539063721895, "support": 1196}, "macro_ave": 0.042283967370167375, "micro_ave": 0.05758360620515263}}
{"id": 11, "metrics": {"theta": {"delta": 198656.546875, "delta_ave": 0.06028829142451286, "support": 6630}, "a": {"delta": 10039.505859375, "delta_ave": 0.01688981056213379, "support": 1196}, "b": {"delta": 27327.33984375, "delta_ave": 0.04597373679280281, "support": 1196}, "user": {"delta": 198656.546875, "delta_ave": 0.06028829142451286, "support": 6630}, "item": {"delta": 37366.845703125, "delta_ave": 0.0314317736774683, "support": 1196}, "macro_ave": 0.04586003255099058, "micro_ave": 0.055878325257190435}}
{"id": 12, "metrics": {"theta": {"delta": 332254.625, "delta_ave": 0.10040858387947083, "support": 6658}, "a": {"delta": 11592.0908203125, "delta_ave": 0.01950177736580372, "support": 1196}, "b": {"delta": 33107.96875, "delta_ave": 0.055698689073324203, "support": 1196}, "user": {"delta": 332254.625, "delta_ave": 0.10040858387947083, "support": 6658}, "item": {"delta": 44700.0595703125, "delta_ave": 0.03760023321956396, "support": 1196}, "macro_ave": 0.0690044085495174, "micro_ave": 0.09084418517954103}}
{"id": 13, "metrics": {"theta": {"delta": 185366.875, "delta_ave": 0.055850788950920105, "support": 6678}, "a": {"delta": 11958.5947265625, "delta_ave": 0.020118359476327896, "support": 1196}, "b": {"delta": 26692.208984375, "delta_ave": 0.04490523412823677, "support": 1196}, "user": {"delta": 185366.875, "delta_ave": 0.055850788950920105, "support": 6678}, "item": {"delta": 38650.8037109375, "delta_ave": 0.03251179680228233, "support": 1196}, "macro_ave": 0.04418129287660122, "micro_ave": 0.05230577566545264}}
{"id": 14, "metrics": {"theta": {"delta": 212493.1875, "delta_ave": 0.06385180354118347, "support": 6696}, "a": {"delta": 11005.0400390625, "delta_ave": 0.018514161929488182, "support": 1196}, "b": {"delta": 28971.73046875, "delta_ave": 0.04874015226960182, "support": 1196}, "user": {"delta": 212493.1875, "delta_ave": 0.06385180354118347, "support": 6696}, "item": {"delta": 39976.7705078125, "delta_ave": 0.033627157099545, "support": 1196}, "macro_ave": 0.04873948032036424, "micro_ave": 0.05927138322387485}}
{"id": 15, "metrics": {"theta": {"delta": 254375.4375, "delta_ave": 0.0762661024928093, "support": 6711}, "a": {"delta": 8545.09765625, "delta_ave": 0.014375715516507626, "support": 1196}, "b": {"delta": 20597.71875, "delta_ave": 0.034652259200811386, "support": 1196}, "user": {"delta": 254375.4375, "delta_ave": 0.0762661024928093, "support": 6711}, "item": {"delta": 29142.81640625, "delta_ave": 0.024513987358659506, "support": 1196}, "macro_ave": 0.0503900449257344, "micro_ave": 0.06843816146581509}}
{"id": 16, "metrics": {"theta": {"delta": 0.0, "delta_ave": 0.0, "support": 6729}, "a": {"delta": 0.0, "delta_ave": 0.0, "support": 1196}, "b": {"delta": 0.0, "delta_ave": 0.0, "support": 1196}, "user": {"delta": 0.0, "delta_ave": 0.0, "support": 6729}, "item": {"delta": 0.0, "delta_ave": 0.0, "support": 1196},