{"id": 0, "metrics": {"accuracy": 0.7389162561576355, "0.0": {"precision": 0.2692307692307692, "recall": 0.0103397341211226, "f1": 0.01991465149359886, "support": 1354}, "1.0": {"precision": 0.7435897435897436, "recall": 0.990316004077472, "f1": 0.849398907103825, "support": 3924}, "macro_avg": {"precision": 0.5064102564102564, "recall": 0.5003278690992973, "f1": 0.43465677929871194, "support": 5278}, "macro_auc": 0.528755832757398, "macro_aupoc": 0.7633423958515383, "doa": 0.5351800802863906, "doa_know_support": 256, "doa_z_support": 6664}}
{"id": 1, "metrics": {"accuracy": 0.7612456747404844, "0.0": {"precision": 0.3076923076923077, "recall": 0.008368200836820083, "f1": 0.016293279022403254, "support": 478}, "1.0": {"precision": 0.764179104477612, "recall": 0.9941747572815534, "f1": 0.8641350210970463, "support": 1545}, "macro_avg": {"precision": 0.5359357060849599, "recall": 0.5012714790591867, "f1": 0.4402141500597248, "support": 2023}, "macro_auc": 0.5458896968219793, "macro_aupoc": 0.7937593380165038, "doa": 0.4709929924699707, "doa_know_support": 164, "doa_z_support": 1290}}
{"id": 2, "metrics": {"accuracy": 0.7309594460929772, "0.0": {"precision": 0.45454545454545453, "recall": 0.01845018450184502, "f1": 0.03546099290780142, "support": 271}, "1.0": {"precision": 0.734, "recall": 0.9918918918918919, "f1": 0.8436781609195403, "support": 740}, "macro_avg": {"precision": 0.5942727272727273, "recall": 0.5051710381968685, "f1": 0.4395695769136709, "support": 1011}, "macro_auc": 0.5295751471028224, "macro_aupoc": 0.7584156404276337, "doa": 0.4711290061830278, "doa_know_support": 98, "doa_z_support": 494}}
{"id": 3, "metrics": {"accuracy": 0.7209302325581395, "0.0": {"precision": 0.25, "recall": 0.007042253521126761, "f1": 0.013698630136986302, "support": 142}, "1.0": {"precision": 0.724609375, "recall": 0.9919786096256684, "f1": 0.837471783295711, "support": 374}, "macro_avg": {"precision": 0.4873046875, "recall": 0.4995104315733976, "f1": 0.4255852067163487, "support": 516}, "macro_auc": 0.5190366799728855, "macro_aupoc": 0.7517504756760623, "doa": 0.5585991244527829, "doa_know_support": 41, "doa_z_support": 157}}
{"id": 4, "metrics": {"accuracy": 0.7530562347188264, "0.0": {"precision": 0.0, "recall": 0.0, "f1": 0.0, "support": 96}, "1.0": {"precision": 0.7623762376237624, "recall": 0.9840255591054313, "f1": 0.8591352859135285, "support": 313}, "macro_avg": {"precision": 0.3811881188118812, "recall": 0.49201277955271566, "f1": 0.42956764295676425, "support": 409}, "macro_auc": 0.5821019701810436, "macro_aupoc": 0.816122407439279, "doa": 0.6200587606837606, "doa_know_support": 32, "doa_z_support": 108}}
{"id": 5, "metrics": {"accuracy": 0.746031746031746, "0.0": {"precision": 0.5, "recall": 0.020833333333333332, "f1": 0.039999999999999994, "support": 48}, "1.0": {"precision": 0.7486631016042781, "recall": 0.9929078014184397, "f1": 0.853658536585366, "support": 141}, "macro_avg": {"precision": 0.624331550802139, "recall": 0.5068705673758865, "f1": 0.446829268292683, "support": 189}, "macro_auc": 0.5830378250591017, "macro_aupoc": 0.8082552928835864, "doa": 0.603030303030303, "doa_know_support": 11, "doa_z_support": 22}}
{"id": 6, "metrics": {"accuracy": 0.7112676056338029, "0.0": {"precision": 0.0, "recall": 0.0, "f1": 0.0, "support": 40}, "1.0": {"precision": 0.7163120567375887, "recall": 0.9901960784313726, "f1": 0.831275720164609, "support": 102}, "macro_avg": {"precision": 0.35815602836879434, "recall": 0.4950980392156863, "f1": 0.4156378600823045, "support": 142}, "macro_auc": 0.6276960784313725, "macro_aupoc": 0.8239234033846146, "doa": 0.5428571428571428, "doa_know_support": 7, "doa_z_support": 17}}
{"id": 7, "metrics": {"accuracy": 0.7159090909090909, "0.0": {"precision": 0.0, "recall": 0.0, "f1": 0.0, "support": 25}, "1.0": {"precision": 0.7159090909090909, "recall": 1.0, "f1": 0.8344370860927153, "support": 63}, "macro_avg": {"precision": 0.35795454545454547, "recall": 0.5, "f1": 0.41721854304635764, "support": 88}, "macro_auc": 0.5949206349206348, "macro_aupoc": 0.8173602828510278, "doa": 0.36363636363636365, "doa_know_support": 11, "doa_z_support": 20}}
{"id": 8, "metrics": {"accuracy": 0.5857142857142857, "0.0": {"precision": 0.0, "recall": 0.0, "f1": 0.0, "support": 29}, "1.0": {"precision": 0.5857142857142857, "recall": 1.0, "f1": 0.7387387387387387, "support": 41}, "macro_avg": {"precision": 0.29285714285714287, "recall": 0.5, "f1": 0.36936936936936937, "support": 70}, "macro_auc": 0.6787216148023549, "macro_aupoc": 0.7815496507821424, "doa": 0.9090909090909091, "doa_know_support": 11, "doa_z_support": 12}}
{"id": 9, "metrics": {"accuracy": 0.6111111111111112, "0.0": {"precision": 0.0, "recall": 0.0, "f1": 0.0, "support": 14}, "1.0": {"precision": 0.6111111111111112, "recall": 1.0, "f1": 0.7586206896551725, "support": 22}, "macro_avg": {"precision": 0.3055555555555556, "recall": 0.5, "f1": 0.37931034482758624, "support": 36}, "macro_auc": 0.5746753246753247, "macro_aupoc": 0.712179278899839, "doa": 0.8125, "doa_know_support": 4, "doa_z_support": 7}}
{"id": 10, "metrics": {"accuracy": 0.6607142857142857, "0.0": {"precision": 0.0, "recall": 0.0, "f1": 0.0, "support": 19}, "1.0": {"precision": 0.6607142857142857, "recall": 1.0, "f1": 0.7956989247311829, "support": 37}, "macro_avg": {"precision": 0.33035714285714285, "recall": 0.5, "f1": 0.39784946236559143, "support": 56}, "macro_auc": 0.5889046941678522, "macro_aupoc": 0.7519143597652432, "doa": 0.3310185185185185, "doa_know_support": 9, "doa_z_support": 56}}
{"id": 11, "metrics": {"accuracy": 0.75, "0.0": {"precision": 0.0, "recall": 0.0, "f1": 0.0, "support": 8}, "1.0": {"precision": 0.75, "recall": 1.0, "f1": 0.8571428571428571, "support": 24}, "macro_avg": {"precision": 0.375, "recall": 0.5, "f1": 0.42857142857142855, "support": 32}, "macro_auc": 0.3541666666666667, "macro_aupoc": 0.686420201613805, "doa": 0.0, "doa_know_support": 1, "doa_z_support": 2}}
{"id": 12, "metrics": {"accuracy": 0.5454545454545454, "0.0": {"precision": 0.0, "recall": 0.0, "f1": 0.0, "support": 10}, "1.0": {"precision": 0.5454545454545454, "recall": 1.0, "f1": 0.7058823529411764, "support": 12}, "macro_avg": {"precision": 0.2727272727272727, "recall": 0.5, "f1": 0.3529411764705882, "support": 22}, "macro_auc": 0.65, "macro_aupoc": 0.6849821746880571, "doa": 1.0, "doa_know_support": 1, "doa_z_support": 1}}
{"id": 13, "metrics": {"accuracy": 0.6111111111111112, "0.0": {"precision": 0.0, "recall": 0.0, "f1": 0.0, "support": 7}, "1.0": {"precision": 0.6111111111111112, "recall": 1.0, "f1": 0.7586206896551725, "support": 11}, "macro_avg": {"precision": 0.3055555555555556, "recall": 0.5, "f1": 0.37931034482758624, "support": 18}, "macro_auc": 0.7662337662337663, "macro_aupoc": 0.863647842056933, "doa": NaN, "doa_know_support": 0, "doa_z_support": 0}}
{"id": 14, "metrics": {"accuracy": 0.7058823529411765, "0.0": {"precision": 0.0, "recall": 0.0, "f1": 0.0, "support": 5}, "1.0": {"precision": 0.7058823529411765, "recall": 1.0, "f1": 0.8275862068965517, "support": 12}, "macro_avg": {"precision": 0.35294117647058826, "recall": 0.5, "f1": 0.41379310344827586, "support": 17}, "macro_auc": 0.3, "macro_aupoc": 0.699458935672171, "doa": 0.0, "doa_know_support": 3, "doa_z_support": 3}}
{"id": 15, "metrics": {"accuracy": 0.5555555555555556, "0.0": {"precision": 0.0, "recall": 0.0, "f1": 0.0, "support": 8}, "1.0": {"precision": 0.5555555555555556, "recall": 1.0, "f1": 0.7142857142857143, "support": 10}, "macro_avg": {"precision": 0.2777777777777778, "recall": 0.5, "f1": 0.35714285714285715, "support": 18}, "macro_auc": 0.3375, "macro_aupoc": 0.5634384569678688, "doa": 0.1125, "doa_know_support": 5, "doa_z_support": 50}}
{"id": 16, "metrics": {"accuracy": 0.6666666666666666, "0.0": {"precision": 0.0, "recall": 0.0, "f1": 0.0, "support": 2}, "1.0": {"precision": 0.6666666666666666, "recall": 1.0, "f1": 0.8, "support": 4}, "macro_avg": {"precision": 0.3333333333333333, "recall": 0.5, "f1": 0.4, "support": 6},