{"id": 0, "metrics": {"accuracy": 0.715367623856106, "0.0": {"precision": 0.16279069767441862, "recall": 0.008018327605956471, "f1": 0.015283842794759823, "support": 873}, "1.0": {"precision": 0.7229686500319897, "recall": 0.9843205574912892, "f1": 0.8336407229804501, "support": 2296}, "macro_avg": {"precision": 0.44287967385320415, "recall": 0.49616944254862283, "f1": 0.42446228288760496, "support": 3169}, "macro_auc": 0.5043661270559686, "macro_aupoc": 0.7327274248132278, "doa": 0.506343375389033, "doa_know_support": 218, "doa_z_support": 2452}}
{"id": 1, "metrics": {"accuracy": 0.7426679280983917, "0.0": {"precision": 0.4444444444444444, "recall": 0.014760147601476014, "f1": 0.02857142857142857, "support": 271}, "1.0": {"precision": 0.7452290076335878, "recall": 0.9936386768447837, "f1": 0.8516902944383861, "support": 786}, "macro_avg": {"precision": 0.5948367260390162, "recall": 0.5041994122231298, "f1": 0.4401308615049073, "support": 1057}, "macro_auc": 0.5432523027520351, "macro_aupoc": 0.7618861981685889, "doa": 0.48690904804766194, "doa_know_support": 101, "doa_z_support": 284}}
{"id": 2, "metrics": {"accuracy": 0.78099173553719, "0.0": {"precision": 0.2, "recall": 0.009708737864077669, "f1": 0.018518518518518517, "support": 103}, "1.0": {"precision": 0.7870563674321504, "recall": 0.989501312335958, "f1": 0.8767441860465115, "support": 381}, "macro_avg": {"precision": 0.4935281837160752, "recall": 0.4996050251000178, "f1": 0.447631352282515, "support": 484}, "macro_auc": 0.5347705323242361, "macro_aupoc": 0.8028571924367707, "doa": 0.6490384615384616, "doa_know_support": 52, "doa_z_support": 83}}
{"id": 3, "metrics": {"accuracy": 0.812807881773399, "0.0": {"precision": 0.3333333333333333, "recall": 0.02702702702702703, "f1": 0.05, "support": 37}, "1.0": {"precision": 0.82, "recall": 0.9879518072289156, "f1": 0.8961748633879781, "support": 166}, "macro_avg": {"precision": 0.5766666666666667, "recall": 0.5074894171279714, "f1": 0.4730874316939891, "support": 203}, "macro_auc": 0.6209703679583197, "macro_aupoc": 0.8673063268586801, "doa": 0.38461538461538464, "doa_know_support": 13, "doa_z_support": 18}}
{"id": 4, "metrics": {"accuracy": 0.7669172932330827, "0.0": {"precision": 0.0, "recall": 0.0, "f1": 0.0, "support": 31}, "1.0": {"precision": 0.7669172932330827, "recall": 1.0, "f1": 0.8680851063829788, "support": 102}, "macro_avg": {"precision": 0.38345864661654133, "recall": 0.5, "f1": 0.4340425531914894, "support": 133}, "macro_auc": 0.49462365591397855, "macro_aupoc": 0.7921597899665507, "doa": 0.5833333333333334, "doa_know_support": 6, "doa_z_support": 7}}
{"id": 5, "metrics": {"accuracy": 0.703125, "0.0": {"precision": 0.0, "recall": 0.0, "f1": 0.0, "support": 18}, "1.0": {"precision": 0.7142857142857143, "recall": 0.9782608695652174, "f1": 0.8256880733944955, "support": 46}, "macro_avg": {"precision": 0.35714285714285715, "recall": 0.4891304347826087, "f1": 0.41284403669724773, "support": 64}, "macro_auc": 0.5483091787439613, "macro_aupoc": 0.7735832506195386, "doa": 0.5, "doa_know_support": 1, "doa_z_support": 2}}
{"id": 6, "metrics": {"accuracy": 0.7407407407407407, "0.0": {"precision": 0.0, "recall": 0.0, "f1": 0.0, "support": 14}, "1.0": {"precision": 0.7407407407407407, "recall": 1.0, "f1": 0.851063829787234, "support": 40}, "macro_avg": {"precision": 0.37037037037037035, "recall": 0.5, "f1": 0.425531914893617, "support": 54}, "macro_auc": 0.6714285714285715, "macro_aupoc": 0.8322624232315529, "doa": NaN, "doa_know_support": 0, "doa_z_support": 0}}
{"id": 7, "metrics": {"accuracy": 0.7, "0.0": {"precision": 0.0, "recall": 0.0, "f1": 0.0, "support": 6}, "1.0": {"precision": 0.7, "recall": 1.0, "f1": 0.8235294117647058, "support": 14}, "macro_avg": {"precision": 0.35, "recall": 0.5, "f1": 0.4117647058823529, "support": 20}, "macro_auc": 0.6309523809523809, "macro_aupoc": 0.7937109360981542, "doa": NaN, "doa_know_support": 0, "doa_z_support": 0}}
{"id": 8, "metrics": {"accuracy": 0.5555555555555556, "0.0": {"precision": 0.0, "recall": 0.0, "f1": 0.0, "support": 8}, "1.0": {"precision": 0.5555555555555556, "recall": 1.0, "f1": 0.7142857142857143, "support": 10}, "macro_avg": {"precision": 0.2777777777777778, "recall": 0.5, "f1": 0.35714285714285715, "support": 18}, "macro_auc": 0.8, "macro_aupoc": 0.870962370962371, "doa": NaN, "doa_know_support": 0, "doa_z_support": 0}}
{"id": 9, "metrics": {"accuracy": 0.875, "0.0": {"precision": 0.0, "recall": 0.0, "f1": 0.0, "support": 1}, "1.0": {"precision": 0.875, "recall": 1.0, "f1": 0.9333333333333333, "support": 7}, "macro_avg": {"precision": 0.4375, "recall": 0.5, "f1": 0.4666666666666667, "support": 8}, "macro_auc": 0.0, "macro_aupoc": 0.754591836734694, "doa": NaN, "doa_know_support": 0, "doa_z_support": 0}}
{"id": 10, "metrics": {"doa": NaN, "doa_know_support": 0, "doa_z_support": 0}}
{"id": 11, "metrics": {"accuracy": 0.8888888888888888, "0.0": {"precision": 0.0, "recall": 0.0, "f1": 0.0, "support": 1}, "1.0": {"precision": 0.8888888888888888, "recall": 1.0, "f1": 0.9411764705882353, "support": 8}, "macro_avg": {"precision": 0.4444444444444444, "recall": 0.5, "f1": 0.47058823529411764, "support": 9}, "macro_auc": 0.75, "macro_aupoc": 0.9704861111111112, "doa": NaN, "doa_know_support": 0, "doa_z_support": 0}}
{"id": 12, "metrics": {"accuracy": 0.5, "0.0": {"precision": 0.0, "recall": 0.0, "f1": 0.0, "support": 2}, "1.0": {"precision": 0.5, "recall": 1.0, "f1": 0.6666666666666666, "support": 2}, "macro_avg": {"precision": 0.25, "recall": 0.5, "f1": 0.3333333333333333, "support": 4}, "macro_auc": 0.5, "macro_aupoc": 0.75, "doa": NaN, "doa_know_support": 0, "doa_z_support": 0}}
{"id": 13, "metrics": {"accuracy": 0.75, "0.0": {"precision": 0.0, "recall": 0.0, "f1": 0.0, "support": 1}, "1.0": {"precision": 0.75, "recall": 1.0, "f1": 0.8571428571428571, "support": 3}, "macro_avg": {"precision": 0.375, "recall": 0.5, "f1": 0.42857142857142855, "support": 4}, "macro_auc": 0.6666666666666666, "macro_aupoc": 0.9166666666666665, "doa": NaN, "doa_know_support": 0, "doa_z_support": 0}}
{"id": 14, "metrics": {"doa": NaN, "doa_know_support": 0, "doa_z_support": 0}}
{"id": 15, "metrics": {"accuracy": 0.6666666666666666, "0.0": {"precision": 0.0, "recall": 0.0, "f1": 0.0, "support": 1}, "1.0": {"precision": 0.6666666666666666, "recall": 1.0, "f1": 0.8, "support": 2}, "macro_avg": {"precision": 0.3333333333333333, "recall": 0.5, "f1": 0.4, "support": 3}, "macro_auc": 1.0, "macro_aupoc": 1.0, "doa": NaN, "doa_know_support": 0, "doa_z_support": 0}}
{"id": 17, "metrics": {"doa": NaN, "doa_know_support": 0, "doa_z_support": 0}}
{"id": 19, "metrics": {"doa": NaN, "doa_know_support": 0, "doa_z_support": 0}}
{"id": 22, "metrics": {"doa": NaN, "doa_know_support": 0, "doa_z_support": 0}}
{"id": 25, "metrics": {"accuracy": 0.6666666666666666, "0.0": {"precision": 0.0, "recall": 0.0, "f1": 0.0, "support": 1}, "1.0": {"precision": 0.6666666666666666, "recall": 1.0, "f1": 0.8, "support": 2}, "macro_avg": {"precision": 0.3333333333333333, "recall": 0.5, "f1": 0.4, "support": 3}, "macro_auc": 1.0, "macro_aupoc": 1.0, "doa": NaN, "doa_know_support": 0, "doa_z_support": 0}}
{"id": 29, "metrics": {"accuracy": 0.7336112163698371, "0.0": {"precision": 0.32, "recall": 0.00572655690765927, "f1": 0.011251758087201124, "support": 1397}, "1.0": {"precision": 0.7355796687607081, "recall": 0.9956196856480288, "f1": 0.846069629954018, "support": 3881}, "macro_avg": {"precision": 0.5277898343803541, "recall": 0.500673121277844, "f1": 0.4286606940206096, "support": 5278}, "macro_auc": 0.6613000176879931, "macro_aupoc": 0.8424478520660942, "doa": 0.5435444961835133, "doa_know_support": 269, "doa_z_support": 6590}}
{"id": 34, "metrics": {"accuracy": 0.7320954907161804, "0.0": {"precision": 0.28125, "recall": 0.0064285714285714285, "f1": 0.012569832402234636, "support": 1400}, "1.0": {"precision": 0.7348455966450629, "recall": 0.9940691077875193, "f1": 0.8450241122314774, "support": 3878}, "macro_avg": {"precision": 0.5080477983225314,