{"id": 0, "metrics": {"accuracy": 0.715367623856106, "0.0": {"precision": 0.16279069767441862, "recall": 0.008018327605956471, "f1": 0.015283842794759823, "support": 873}, "1.0": {"precision": 0.7229686500319897, "recall": 0.9843205574912892, "f1": 0.8336407229804501, "support": 2296}, "macro_avg": {"precision": 0.44287967385320415, "recall": 0.49616944254862283, "f1": 0.42446228288760496, "support": 3169}, "macro_auc": 0.5043661270559686, "macro_aupoc": 0.7327274248132278, "doa": 0.506343375389033, "doa_know_support": 218, "doa_z_support": 2452}}
{"id": 1, "metrics": {"accuracy": 0.75, "0.0": {"precision": 0.0, "recall": 0.0, "f1": 0.0, "support": 5}, "1.0": {"precision": 0.75, "recall": 1.0, "f1": 0.8571428571428571, "support": 15}, "macro_avg": {"precision": 0.375, "recall": 0.5, "f1": 0.42857142857142855, "support": 20}, "macro_auc": 0.5733333333333333, "macro_aupoc": 0.8234529196293903, "doa": NaN, "doa_know_support": 0, "doa_z_support": 0}}
{"id": 2, "metrics": {"doa": NaN, "doa_know_support": 0, "doa_z_support": 0}}
{"id": 7, "metrics": {"accuracy": 0.7, "0.0": {"precision": 0.0, "recall": 0.0, "f1": 0.0, "support": 6}, "1.0": {"precision": 0.7, "recall": 1.0, "f1": 0.8235294117647058, "support": 14}, "macro_avg": {"precision": 0.35, "recall": 0.5, "f1": 0.4117647058823529, "support": 20}, "macro_auc": 0.6309523809523809, "macro_aupoc": 0.7937109360981542, "doa": NaN, "doa_know_support": 0, "doa_z_support": 0}}
{"id": 8, "metrics": {"accuracy": 0.5555555555555556, "0.0": {"precision": 0.0, "recall": 0.0, "f1": 0.0, "support": 8}, "1.0": {"precision": 0.5555555555555556, "recall": 1.0, "f1": 0.7142857142857143, "support": 10}, "macro_avg": {"precision": 0.2777777777777778, "recall": 0.5, "f1": 0.35714285714285715, "support": 18}, "macro_auc": 0.8, "macro_aupoc": 0.870962370962371, "doa": NaN, "doa_know_support": 0, "doa_z_support": 0}}
{"id": 9, "metrics": {"accuracy": 0.875, "0.0": {"precision": 0.0, "recall": 0.0, "f1": 0.0, "support": 1}, "1.0": {"precision": 0.875, "recall": 1.0, "f1": 0.9333333333333333, "support": 7}, "macro_avg": {"precision": 0.4375, "recall": 0.5, "f1": 0.4666666666666667, "support": 8}, "macro_auc": 0.0, "macro_aupoc": 0.754591836734694, "doa": NaN, "doa_know_support": 0, "doa_z_support": 0}}
{"id": 10, "metrics": {"doa": NaN, "doa_know_support": 0, "doa_z_support": 0}}
{"id": 11, "metrics": {"accuracy": 0.8888888888888888, "0.0": {"precision": 0.0, "recall": 0.0, "f1": 0.0, "support": 1}, "1.0": {"precision": 0.8888888888888888, "recall": 1.0, "f1": 0.9411764705882353, "support": 8}, "macro_avg": {"precision": 0.4444444444444444, "recall": 0.5, "f1": 0.47058823529411764, "support": 9}, "macro_auc": 0.75, "macro_aupoc": 0.9704861111111112, "doa": NaN, "doa_know_support": 0, "doa_z_support": 0}}
{"id": 12, "metrics": {"accuracy": 0.5, "0.0": {"precision": 0.0, "recall": 0.0, "f1": 0.0, "support": 2}, "1.0": {"precision": 0.5, "recall": 1.0, "f1": 0.6666666666666666, "support": 2}, "macro_avg": {"precision": 0.25, "recall": 0.5, "f1": 0.3333333333333333, "support": 4}, "macro_auc": 0.5, "macro_aupoc": 0.75, "doa": NaN, "doa_know_support": 0, "doa_z_support": 0}}
{"id": 13, "metrics": {"accuracy": 0.75, "0.0": {"precision": 0.0, "recall": 0.0, "f1": 0.0, "support": 1}, "1.0": {"precision": 0.75, "recall": 1.0, "f1": 0.8571428571428571, "support": 3}, "macro_avg": {"precision": 0.375, "recall": 0.5, "f1": 0.42857142857142855, "support": 4}, "macro_auc": 0.6666666666666666, "macro_aupoc": 0.9166666666666665, "doa": NaN, "doa_know_support": 0, "doa_z_support": 0}}
{"id": 14, "metrics": {"doa": NaN, "doa_know_support": 0, "doa_z_support": 0}}
{"id": 15, "metrics": {"accuracy": 0.6666666666666666, "0.0": {"precision": 0.0, "recall": 0.0, "f1": 0.0, "support": 1}, "1.0": {"precision": 0.6666666666666666, "recall": 1.0, "f1": 0.8, "support": 2}, "macro_avg": {"precision": 0.3333333333333333, "recall": 0.5, "f1": 0.4, "support": 3}, "macro_auc": 1.0, "macro_aupoc": 1.0, "doa": NaN, "doa_know_support": 0, "doa_z_support": 0}}
{"id": 17, "metrics": {"doa": NaN, "doa_know_support": 0, "doa_z_support": 0}}
{"id": 19, "metrics": {"doa": NaN, "doa_know_support": 0, "doa_z_support": 0}}
{"id": 22, "metrics": {"doa": NaN, "doa_know_support": 0, "doa_z_support": 0}}
{"id": 25, "metrics": {"accuracy": 0.6666666666666666, "0.0": {"precision": 0.0, "recall": 0.0, "f1": 0.0, "support": 1}, "1.0": {"precision": 0.6666666666666666, "recall": 1.0, "f1": 0.8, "support": 2}, "macro_avg": {"precision": 0.3333333333333333, "recall": 0.5, "f1": 0.4, "support": 3}, "macro_auc": 1.0, "macro_aupoc": 1.0, "doa": NaN, "doa_know_support": 0, "doa_z_support": 0}}
{"id": 29, "metrics": {"accuracy": 0.7336112163698371, "0.0": {"precision": 0.32, "recall": 0.00572655690765927, "f1": 0.011251758087201124, "support": 1397}, "1.0": {"precision": 0.7355796687607081, "recall": 0.9956196856480288, "f1": 0.846069629954018, "support": 3881}, "macro_avg": {"precision": 0.5277898343803541, "recall": 0.500673121277844, "f1": 0.4286606940206096, "support": 5278}, "macro_auc": 0.6613000176879931, "macro_aupoc": 0.8424478520660942, "doa": 0.5435444961835133, "doa_know_support": 269, "doa_z_support": 6590}}
{"id": 34, "metrics": {"accuracy": 0.7320954907161804, "0.0": {"precision": 0.28125, "recall": 0.0064285714285714285, "f1": 0.012569832402234636, "support": 1400}, "1.0": {"precision": 0.7348455966450629, "recall": 0.9940691077875193, "f1": 0.8450241122314774, "support": 3878}, "macro_avg": {"precision": 0.5080477983225314, "recall": 0.5002488396080453, "f1": 0.42879697231685604, "support": 5278}, "macro_auc": 0.6955859058424814, "macro_aupoc": 0.8561767318910387, "doa": 0.5653599040763451, "doa_know_support": 268, "doa_z_support": 6644}}
{"id": 47, "metrics": {"accuracy": 0.7362637362637363, "0.0": {"precision": 0.25925925925925924, "recall": 0.005076142131979695, "f1": 0.009957325746799429, "support": 1379}, "1.0": {"precision": 0.7387164349647686, "recall": 0.9948704796101564, "f1": 0.8478688524590163, "support": 3899}, "macro_avg": {"precision": 0.49898784711201394, "recall": 0.49997331087106806, "f1": 0.4289130891029079, "support": 5278}, "macro_auc": 0.7253539843335742, "macro_aupoc": 0.8726443904168526, "doa": 0.5324756258701911, "doa_know_support": 281, "doa_z_support": 6529}}
