{"id": 48, "metrics": {"accuracy": 0.6740559834679692, "0.0": {"precision": 0.5206502636203867, "recall": 0.6478950246036085, "f1": 0.5773447015834348, "support": 1829}, "1.0": {"precision": 0.7886445684279619, "recall": 0.6877504293073841, "f1": 0.7347500382204557, "support": 3494}, "macro_avg": {"precision": 0.6546474160241743, "recall": 0.6678227269554963, "f1": 0.6560473699019452, "support": 5323}, "macro_auc": 0.7107117630066758, "macro_aupoc": 0.8009703432521846, "doa": 0.6429075226876887, "doa_know_support": 63, "doa_z_support": 967}}
