{"id": 48, "metrics": {"accuracy": 0.7048656772496712, "0.0": {"precision": 0.5933429811866859, "recall": 0.448332422088573, "f1": 0.5107443164123326, "support": 1829}, "1.0": {"precision": 0.7439736107586907, "recall": 0.8391528334287349, "f1": 0.7887020847343647, "support": 3494}, "macro_avg": {"precision": 0.6686582959726883, "recall": 0.643742627758654, "f1": 0.6497232005733486, "support": 5323}, "macro_auc": 0.6962065407448463, "macro_aupoc": 0.7762934873009097, "doa": 0.7382407826748301, "doa_know_support": 58, "doa_z_support": 699}}
