{"id": 48, "metrics": {"theta": {"delta": 13154.509765625, "delta_ave": 0.04289901256561279, "support": 2493}, "a": {"delta": 22789.45703125, "delta_ave": 0.010522497817873955, "support": 17608}, "b": {"delta": 52939.609375, "delta_ave": 0.024443624541163445, "support": 17608}, "user": {"delta": 13154.509765625, "delta_ave": 0.04289901256561279, "support": 2493}, "item": {"delta": 75729.06640625, "delta_ave": 0.0174830611795187, "support": 17608}, "macro_ave": 0.030191036872565746, "micro_ave": 0.020635241011643102}}
