{"id": 0, "metrics": {"accuracy": 0.6999053329125907, "0.0": {"precision": 0.44108761329305135, "recall": 0.3344788087056128, "f1": 0.3804560260586319, "support": 873}, "1.0": {"precision": 0.7682489030714, "recall": 0.8388501742160279, "f1": 0.801998750780762, "support": 2296}, "macro_avg": {"precision": 0.6046682581822257, "recall": 0.5866644914608203, "f1": 0.5912273884196969, "support": 3169}, "macro_auc": 0.6736637451057867, "macro_aupoc": 0.8366163176813015, "doa": 0.5572511645282224, "doa_know_support": 218, "doa_z_support": 2440}}
{"id": 1, "metrics": {"accuracy": 0.75, "0.0": {"precision": 0.5, "recall": 0.6, "f1": 0.5454545454545454, "support": 5}, "1.0": {"precision": 0.8571428571428571, "recall": 0.8, "f1": 0.8275862068965518, "support": 15}, "macro_avg": {"precision": 0.6785714285714286, "recall": 0.7, "f1": 0.6865203761755486, "support": 20}, "macro_auc": 0.6933333333333334, "macro_aupoc": 0.8498710548710549, "doa": NaN, "doa_know_support": 0, "doa_z_support": 0}}
{"id": 2, "metrics": {"doa": NaN, "doa_know_support": 0, "doa_z_support": 0}}
{"id": 3, "metrics": {"doa": NaN, "doa_know_support": 0, "doa_z_support": 0}}
{"id": 4, "metrics": {"doa": NaN, "doa_know_support": 0, "doa_z_support": 0}}
{"id": 5, "metrics": {"doa": NaN, "doa_know_support": 0, "doa_z_support": 0}}
{"id": 6, "metrics": {"doa": NaN, "doa_know_support": 0, "doa_z_support": 0}}
{"id": 7, "metrics": {"accuracy": 0.6, "0.0": {"precision": 0.3333333333333333, "recall": 0.3333333333333333, "f1": 0.3333333333333333, "support": 6}, "1.0": {"precision": 0.7142857142857143, "recall": 0.7142857142857143, "f1": 0.7142857142857143, "support": 14}, "macro_avg": {"precision": 0.5238095238095238, "recall": 0.5238095238095238, "f1": 0.5238095238095238, "support": 20}, "macro_auc": 0.5714285714285715, "macro_aupoc": 0.7847120666448397, "doa": NaN, "doa_know_support": 0, "doa_z_support": 0}}
{"id": 8, "metrics": {"accuracy": 0.7222222222222222, "0.0": {"precision": 0.7142857142857143, "recall": 0.625, "f1": 0.6666666666666666, "support": 8}, "1.0": {"precision": 0.7272727272727273, "recall": 0.8, "f1": 0.761904761904762, "support": 10}, "macro_avg": {"precision": 0.7207792207792207, "recall": 0.7125, "f1": 0.7142857142857143, "support": 18}, "macro_auc": 0.7875000000000001, "macro_aupoc": 0.8336111111111111, "doa": NaN, "doa_know_support": 0, "doa_z_support": 0}}
{"id": 9, "metrics": {"accuracy": 0.5, "0.0": {"precision": 0.0, "recall": 0.0, "f1": 0.0, "support": 1}, "1.0": {"precision": 0.8, "recall": 0.5714285714285714, "f1": 0.6666666666666666, "support": 7}, "macro_avg": {"precision": 0.4, "recall": 0.2857142857142857, "f1": 0.3333333333333333, "support": 8}, "macro_auc": 0.42857142857142855, "macro_aupoc": 0.9093537414965986, "doa": NaN, "doa_know_support": 0, "doa_z_support": 0}}
{"id": 10, "metrics": {"doa": NaN, "doa_know_support": 0, "doa_z_support": 0}}
{"id": 11, "metrics": {"accuracy": 0.6666666666666666, "0.0": {"precision": 0.0, "recall": 0.0, "f1": 0.0, "support": 1}, "1.0": {"precision": 0.8571428571428571, "recall": 0.75, "f1": 0.7999999999999999, "support": 8}, "macro_avg": {"precision": 0.42857142857142855, "recall": 0.375, "f1": 0.39999999999999997, "support": 9}, "macro_auc": 0.625, "macro_aupoc": 0.9526289682539683, "doa": NaN, "doa_know_support": 0, "doa_z_support": 0}}
{"id": 12, "metrics": {"accuracy": 0.25, "0.0": {"precision": 0.3333333333333333, "recall": 0.5, "f1": 0.4, "support": 2}, "1.0": {"precision": 0.0, "recall": 0.0, "f1": 0.0, "support": 2}, "macro_avg": {"precision": 0.16666666666666666, "recall": 0.25, "f1": 0.2, "support": 4}, "macro_auc": 0.5, "macro_aupoc": 0.5833333333333333, "doa": NaN, "doa_know_support": 0, "doa_z_support": 0}}
{"id": 13, "metrics": {"accuracy": 0.25, "0.0": {"precision": 0.0, "recall": 0.0, "f1": 0.0, "support": 1}, "1.0": {"precision": 0.5, "recall": 0.3333333333333333, "f1": 0.4, "support": 3}, "macro_avg": {"precision": 0.25, "recall": 0.16666666666666666, "f1": 0.2, "support": 4}, "macro_auc": 0.0, "macro_aupoc": 0.6388888888888888, "doa": NaN, "doa_know_support": 0, "doa_z_support": 0}}
{"id": 14, "metrics": {"doa": NaN, "doa_know_support": 0, "doa_z_support": 0}}
{"id": 15, "metrics": {"accuracy": 0.0, "0.0": {"precision": 0.0, "recall": 0.0, "f1": 0.0, "support": 1.0}, "1.0": {"precision": 0.0, "recall": 0.0, "f1": 0.0, "support": 2.0}, "macro_avg": {"precision": 0.0, "recall": 0.0, "f1": 0.0, "support": 3.0}, "macro_auc": 0.0, "macro_aupoc": 0.5833333333333333, "doa": NaN, "doa_know_support": 0, "doa_z_support": 0}}
{"id": 16, "metrics": {"doa": NaN, "doa_know_support": 0, "doa_z_support": 0}}
{"id": 17, "metrics": {"doa": NaN, "doa_know_support": 0, "doa_z_support": 0}}
{"id": 18, "metrics": {"doa": NaN, "doa_know_support": 0, "doa_z_support": 0}}
{"id": 19, "metrics": {"doa": NaN, "doa_know_support": 0, "doa_z_support": 0}}
{"id": 20, "metrics": {"doa": NaN, "doa_know_support": 0, "doa_z_support": 0}}
{"id": 21, "metrics": {"doa": NaN, "doa_know_support": 0, "doa_z_support": 0}}
{"id": 22, "metrics": {"doa": NaN, "doa_know_support": 0, "doa_z_support": 0}}
{"id": 23, "metrics": {"doa": NaN, "doa_know_support": 0, "doa_z_support": 0}}
{"id": 24, "metrics": {"doa": NaN, "doa_know_support": 0, "doa_z_support": 0}}
{"id": 25, "metrics": {"accuracy": 0.3333333333333333, "0.0": {"precision": 0.0, "recall": 0.0, "f1": 0.0, "support": 1}, "1.0": {"precision": 0.5, "recall": 0.5, "f1": 0.5, "support": 2}, "macro_avg": {"precision": 0.25, "recall": 0.25, "f1": 0.25, "support": 3}, "macro_auc": 0.5, "macro_aupoc": 0.8333333333333333, "doa": NaN, "doa_know_support": 0, "doa_z_support": 0}}
{"id": 26, "metrics": {"doa": NaN, "doa_know_support": 0, "doa_z_support": 0}}
{"id": 27, "metrics": {"doa": NaN, "doa_know_support": 0, "doa_z_support": 0}}
{"id": 28, "metrics": {"doa": NaN, "doa_know_support": 0, "doa_z_support": 0}}
{"id": 29, "metrics": {"accuracy": 0.7984834123222749, "0.0": {"precision": 0.697508896797153, "recall": 0.42120343839541546, "f1": 0.5252344796784278, "support": 1396}, "1.0": {"precision": 0.8176895306859205, "recall": 0.934261407579273, "f1": 0.8720972205510769, "support": 3879}, "macro_avg": {"precision": 0.7575992137415368, "recall": 0.6777324229873443, "f1": 0.6986658501147524, "support": 5275}, "macro_auc": 0.8094372127930056, "macro_aupoc": 0.9117415532795793, "doa": 0.6279637221941228, "doa_know_support": 269, "doa_z_support": 6572}}
{"id": 30, "metrics": {"doa": NaN, "doa_know_support": 0, "doa_z_support": 0}}
{"id": 31, "metrics": {"doa": NaN, "doa_know_support": 0, "doa_z_support": 0}}
{"id": 32, "metrics": {"doa": NaN, "doa_know_support": 0, "doa_z_support": 0}}
{"id": 33, "metrics": {"doa": NaN, "doa_know_support": 0, "doa_z_support": 0}}
{"id": 34, "metrics": {"accuracy": 0.8028809704321456, "0.0": {"precision": 0.7017937219730942, "recall": 0.4471428571428571, "f1": 0.5462478184991273, "support": 1400}, "1.0": {"precision": 0.8234489051094891, "recall": 0.9313725490196079, "f1": 0.87409200968523, "support": 3876}, "macro_avg": {"precision": 0.7626213135412916, "recall": 0.6892577030812325, "f1": 0.7101699140921787, "support": 5276}, "macro_auc": 0.8149568774878372, "macro_aupoc": 0.9131239007427586, "doa": 0.6466091105319766, "doa_know_support": 268, "doa_z_support": 6622}}
{"id": 35, "metrics": {"doa": NaN, "doa_know_support": 0, "doa_z_support": 0}}
{"id": 36, "metrics": {"doa": NaN, "doa_know_support": 0, "doa_z_support": 0}}
{"id": 37, "metrics": {"doa": NaN, "doa_know_support": 0, "doa_z_support": 0}}
{"id": 38, "metrics": {"doa": NaN, "doa_know_support": 0, "doa_z_support": 0}}
{"id": 39, "metrics": {"doa": NaN, "doa_know_support": 0, "doa_z_support": 0}}
{"id": 40, "metrics": {"doa": NaN, "doa_know_support": 0, "doa_z_support": 0}}
{"id": 41, "metrics": {"doa": NaN, "doa_know_support": 0, "doa_z_support": 0}}
{"id": 42, "metrics": {"doa": NaN, "doa_know_support": 0, "doa_z_support": 0}}
{"id": 43, "metrics": {"doa": NaN, "doa_know_support": 0, "doa_z_support": 0}}
{"id": 44,