{"id": 0, "metrics": {"accuracy": 0.6764072593048293, "0.0": {"precision": 0.0, "recall": 0.0, "f1": 0.0, "support": 1052}, "1.0": {"precision": 0.6764072593048293, "recall": 1.0, "f1": 0.8069724770642202, "support": 2199}, "macro_avg": {"precision": 0.33820362965241463, "recall": 0.5, "f1": 0.4034862385321101, "support": 3251}, "macro_auc": 0.587481649972248, "macro_aupoc": 0.7519943733200424, "doa": 0.5710118453428978, "doa_know_support": 193, "doa_z_support": 2340}}
{"id": 1, "metrics": {"accuracy": 0.6872447754023541, "0.0": {"precision": 0.0, "recall": 0.0, "f1": 0.0, "support": 1302}, "1.0": {"precision": 0.6872447754023541, "recall": 1.0, "f1": 0.8146355353075171, "support": 2861}, "macro_avg": {"precision": 0.34362238770117703, "recall": 0.5, "f1": 0.40731776765375854, "support": 4163}, "macro_auc": 0.7019492770780951, "macro_aupoc": 0.8185718552095649, "doa": 0.5365583883857528, "doa_know_support": 237, "doa_z_support": 2870}}
{"id": 2, "metrics": {"accuracy": 0.6939711664482306, "0.0": {"precision": 0.0, "recall": 0.0, "f1": 0.0, "support": 1401}, "1.0": {"precision": 0.6939711664482306, "recall": 1.0, "f1": 0.8193423597678917, "support": 3177}, "macro_avg": {"precision": 0.3469855832241153, "recall": 0.5, "f1": 0.40967117988394586, "support": 4578}, "macro_auc": 0.7238099635203686, "macro_aupoc": 0.8313950032567545, "doa": 0.5642574502538346, "doa_know_support": 262, "doa_z_support": 3139}}
{"id": 3, "metrics": {"accuracy": 0.700990507635163, "0.0": {"precision": 0.0, "recall": 0.0, "f1": 0.0, "support": 1449}, "1.0": {"precision": 0.700990507635163, "recall": 1.0, "f1": 0.8242144850175906, "support": 3397}, "macro_avg": {"precision": 0.3504952538175815, "recall": 0.5, "f1": 0.4121072425087953, "support": 4846}, "macro_auc": 0.7248049825963842, "macro_aupoc": 0.8425409317249049, "doa": 0.5513549179114775, "doa_know_support": 262, "doa_z_support": 3588}}
{"id": 4, "metrics": {"accuracy": 0.6976650563607085, "0.0": {"precision": 0.6585365853658537, "recall": 0.03534031413612566, "f1": 0.06708074534161491, "support": 1528}, "1.0": {"precision": 0.6983217355710193, "recall": 0.9918604651162791, "f1": 0.8196012490992074, "support": 3440}, "macro_avg": {"precision": 0.6784291604684365, "recall": 0.5136003896262024, "f1": 0.44334099722041115, "support": 4968}, "macro_auc": 0.727939699257275, "macro_aupoc": 0.8344603662419143, "doa": 0.5617717236078981, "doa_know_support": 275, "doa_z_support": 3808}}
{"id": 5, "metrics": {"accuracy": 0.7149321266968326, "0.0": {"precision": 0.7333333333333333, "recall": 0.0514018691588785, "f1": 0.0960698689956332, "support": 1498}, "1.0": {"precision": 0.7145439935717155, "recall": 0.992189679218968, "f1": 0.8307836038771458, "support": 3585}, "macro_avg": {"precision": 0.7239386634525244, "recall": 0.5217957741889232, "f1": 0.4634267364363895, "support": 5083}, "macro_auc": 0.7369979126049983, "macro_aupoc": 0.8501759122740264, "doa": 0.5462022841979923, "doa_know_support": 291, "doa_z_support": 3799}}
{"id": 6, "metrics": {"accuracy": 0.7261306532663316, "0.0": {"precision": 0.6374622356495468, "recall": 0.13992042440318303, "f1": 0.22947253942359983, "support": 1508}, "1.0": {"precision": 0.7321907908321288, "recall": 0.967266775777414, "f1": 0.8334704430602891, "support": 3666}, "macro_avg": {"precision": 0.6848265132408378, "recall": 0.5535936000902986, "f1": 0.5314714912419445, "support": 5174}, "macro_auc": 0.7458751542961994, "macro_aupoc": 0.8567626758601571, "doa": 0.587282380638203, "doa_know_support": 277, "doa_z_support": 3701}}
{"id": 7, "metrics": {"accuracy": 0.730173896426524, "0.0": {"precision": 0.6057692307692307, "recall": 0.28160919540229884, "f1": 0.38448125544899736, "support": 1566}, "1.0": {"precision": 0.7502774694783574, "recall": 0.9217343877829288, "f1": 0.8272148800783161, "support": 3667}, "macro_avg": {"precision": 0.678023350123794, "recall": 0.6016717915926139, "f1": 0.6058480677636567, "support": 5233}, "macro_auc": 0.7422884927563185, "macro_aupoc": 0.8547675839682384, "doa": 0.5215211341086441, "doa_know_support": 277, "doa_z_support": 3635}}
{"id": 8, "metrics": {"accuracy": 0.7162570888468809, "0.0": {"precision": 0.5401129943502825, "recall": 0.30407124681933845, "f1": 0.3890923890923891, "support": 1572}, "1.0": {"precision": 0.7516458569807037, "recall": 0.8905325443786982, "f1": 0.8152160531823217, "support": 3718}, "macro_avg": {"precision": 0.6458794256654932, "recall": 0.5973018955990184, "f1": 0.6021542211373554, "support": 5290}, "macro_auc": 0.7102601230243626, "macro_aupoc": 0.8394528035102307, "doa": 0.6077380558425327, "doa_know_support": 291, "doa_z_support": 4198}}
{"id": 9, "metrics": {"accuracy": 0.7371396269078575, "0.0": {"precision": 0.5863354037267081, "recall": 0.3076923076923077, "f1": 0.40359127832407016, "support": 1534}, "1.0": {"precision": 0.7641048422923146, "recall": 0.9117413199045852, "f1": 0.8314199395770393, "support": 3773}, "macro_avg": {"precision": 0.6752201230095114, "recall": 0.6097168137984464, "f1": 0.6175056089505547, "support": 5307}, "macro_auc": 0.730091596400832, "macro_aupoc": 0.8460330012239021, "doa": 0.5591953133510574, "doa_know_support": 289, "doa_z_support": 3887}}
{"id": 10, "metrics": {"accuracy": 0.7465342825028101, "0.0": {"precision": 0.6117788461538461, "recall": 0.33073424301494475, "f1": 0.4293547026571066, "support": 1539}, "1.0": {"precision": 0.771415889924545, "recall": 0.9149776256909713, "f1": 0.8370860927152317, "support": 3799}, "macro_avg": {"precision": 0.6915973680391956, "recall": 0.622855934352958, "f1": 0.6332203976861692, "support": 5338}, "macro_auc": 0.7459419145389137, "macro_aupoc": 0.8595633424139147, "doa": 0.5678633505496755, "doa_know_support": 292, "doa_z_support": 3896}}
{"id": 11, "metrics": {"accuracy": 0.7260119940029985, "0.0": {"precision": 0.561965811965812, "recall": 0.3333333333333333, "f1": 0.4184566428003182, "support": 1578}, "1.0": {"precision": 0.7609090909090909, "recall": 0.8908994145822245, "f1": 0.8207894091689139, "support": 3758}, "macro_avg": {"precision": 0.6614374514374515, "recall": 0.612116373957779, "f1": 0.619623025984616, "support": 5336}, "macro_auc": 0.7435897630471133, "macro_aupoc": 0.8589821404356826, "doa": 0.581404151139255, "doa_know_support": 287, "doa_z_support": 3905}}
{"id": 12, "metrics": {"accuracy": 0.7306472673008767, "0.0": {"precision": 0.5659875996457041, "recall": 0.4011299435028249, "f1": 0.46950771491550325, "support": 1593}, "1.0": {"precision": 0.7745746691871456, "recall": 0.8699575371549894, "f1": 0.8195000000000001, "support": 3768}, "macro_avg": {"precision": 0.6702811344164248, "recall": 0.6355437403289071, "f1": 0.6445038574577517, "support": 5361}, "macro_auc": 0.7396199435428087, "macro_aupoc": 0.8528876320781773, "doa": 0.5583899582033888, "doa_know_support": 287, "doa_z_support": 4077}}
{"id": 13, "metrics": {"accuracy": 0.717953488372093, "0.0": {"precision": 0.5388933440256616, "recall": 0.41661500309981403, "f1": 0.46993006993006997, "support": 1613}, "1.0": {"precision": 0.7720445736434108, "recall": 0.8471557682083998, "f1": 0.8078580481622306, "support": 3762}, "macro_avg": {"precision": 0.6554689588345362, "recall": 0.6318853856541069, "f1": 0.6388940590461503, "support": 5375}, "macro_auc": 0.730045421091853, "macro_aupoc": 0.8509031883629696, "doa": 0.5609915971897816, "doa_know_support": 302, "doa_z_support": 4104}}
{"id": 14, "metrics": {"accuracy": 0.7410018552875696, "0.0": {"precision": 0.5529506871463218, "recall": 0.44793713163064836, "f1": 0.4949348769898698, "support": 1527}, "1.0": {"precision": 0.7970142065976402, "recall": 0.8568470100957805, "f1": 0.8258483033932137, "support": 3863}, "macro_avg": {"precision": 0.674982446871981, "recall": 0.6523920708632144, "f1": 0.6603915901915418, "support": 5390}, "macro_auc": 0.7356464474729696, "macro_aupoc": 0.8556576904723243, "doa": 0.6086239454551322, "doa_know_support": 278, "doa_z_support": 4139}}
{"id": 15, "metrics": {"accuracy": 0.744731977818854,