{"id": 1, "metrics": {"theta": {"delta": 506690.4375, "delta_ave": 0.32686689496040344, "support": 3119}, "a": {"delta": 195392.9375, "delta_ave": 0.21877837181091309, "support": 1797}, "b": {"delta": 238067.21875, "delta_ave": 0.2665601074695587, "support": 1797}, "user": {"delta": 506690.4375, "delta_ave": 0.32686689496040344, "support": 3119}, "item": {"delta": 433460.15625, "delta_ave": 0.2426692396402359, "support": 1797}, "macro_ave": 0.28476806730031967, "micro_ave": 0.29608919223250657}}
{"id": 2, "metrics": {"theta": {"delta": 418565.53125, "delta_ave": 0.17922624945640564, "support": 4699}, "a": {"delta": 159537.09375, "delta_ave": 0.1596221774816513, "support": 2011}, "b": {"delta": 158773.40625, "delta_ave": 0.15885807573795319, "support": 2011}, "user": {"delta": 418565.53125, "delta_ave": 0.17922624945640564, "support": 4699}, "item": {"delta": 318310.5, "delta_ave": 0.15924012660980225, "support": 2011}, "macro_ave": 0.16923318803310394, "micro_ave": 0.1732363697180272}}
{"id": 3, "metrics": {"theta": {"delta": 338695.375, "delta_ave": 0.11866265535354614, "support": 5743}, "a": {"delta": 97522.671875, "delta_ave": 0.09402140974998474, "support": 2087}, "b": {"delta": 109756.28125, "delta_ave": 0.10581580549478531, "support": 2087}, "user": {"delta": 338695.375, "delta_ave": 0.11866265535354614, "support": 5743}, "item": {"delta": 207278.953125, "delta_ave": 0.09991860762238503, "support": 2087}, "macro_ave": 0.10929063148796558, "micro_ave": 0.11366663650106425}}
{"id": 4, "metrics": {"theta": {"delta": 368485.71875, "delta_ave": 0.1140119880437851, "support": 6503}, "a": {"delta": 137541.828125, "delta_ave": 0.13084828853607178, "support": 2115}, "b": {"delta": 159734.625, "delta_ave": 0.1519610583782196, "support": 2115}, "user": {"delta": 368485.71875, "delta_ave": 0.1140119880437851, "support": 6503}, "item": {"delta": 297276.453125, "delta_ave": 0.1414046734571457, "support": 2115}, "macro_ave": 0.1277083307504654, "micro_ave": 0.12073460694019467}}
{"id": 5, "metrics": {"theta": {"delta": 270365.375, "delta_ave": 0.07732689380645752, "support": 7035}, "a": {"delta": 103181.9609375, "delta_ave": 0.09710457175970078, "support": 2138}, "b": {"delta": 115966.40625, "delta_ave": 0.10913602262735367, "support": 2138}, "user": {"delta": 270365.375, "delta_ave": 0.07732689380645752, "support": 7035}, "item": {"delta": 219148.3671875, "delta_ave": 0.10312029719352722, "support": 2138}, "macro_ave": 0.09022359549999237, "micro_ave": 0.08333869980684508}}
{"id": 6, "metrics": {"theta": {"delta": 135792.90625, "delta_ave": 0.03649327531456947, "support": 7487}, "a": {"delta": 37869.2109375, "delta_ave": 0.03539042919874191, "support": 2153}, "b": {"delta": 49397.8984375, "delta_ave": 0.04616449028253555, "support": 2153}, "user": {"delta": 135792.90625, "delta_ave": 0.03649327531456947, "support": 7487}, "item": {"delta": 87267.109375, "delta_ave": 0.04077745974063873, "support": 2153}, "macro_ave": 0.0386353675276041, "micro_ave": 0.03745010613088971}}
{"id": 7, "metrics": {"theta": {"delta": 181489.53125, "delta_ave": 0.04660753905773163, "support": 7835}, "a": {"delta": 28127.291015625, "delta_ave": 0.026188869029283524, "support": 2161}, "b": {"delta": 43636.0234375, "delta_ave": 0.04062880203127861, "support": 2161}, "user": {"delta": 181489.53125, "delta_ave": 0.04660753905773163, "support": 7835}, "item": {"delta": 71763.314453125, "delta_ave": 0.03340883553028107, "support": 2161}, "macro_ave": 0.04000818729400635, "micro_ave": 0.04375415787297566}}
{"id": 8, "metrics": {"theta": {"delta": 182039.171875, "delta_ave": 0.04519693925976753, "support": 8104}, "a": {"delta": 18769.525390625, "delta_ave": 0.01741957850754261, "support": 2168}, "b": {"delta": 52363.30078125, "delta_ave": 0.04859721288084984, "support": 2168}, "user": {"delta": 182039.171875, "delta_ave": 0.04519693925976753, "support": 8104}, "item": {"delta": 71132.826171875, "delta_ave": 0.033008395694196224, "support": 2168}, "macro_ave": 0.03910266747698188, "micro_ave": 0.04262443512715863}}
{"id": 9, "metrics": {"theta": {"delta": 174930.171875, "delta_ave": 0.042253561317920685, "support": 8330}, "a": {"delta": 15299.6591796875, "delta_ave": 0.014173123054206371, "support": 2172}, "b": {"delta": 55385.94140625, "delta_ave": 0.0513077937066555, "support": 2172}, "user": {"delta": 174930.171875, "delta_ave": 0.042253561317920685, "support": 8330}, "item": {"delta": 70685.6005859375, "delta_ave": 0.03274045838043094, "support": 2172}, "macro_ave": 0.03749700984917581, "micro_ave": 0.04028608278238196}}
{"id": 10, "metrics": {"theta": {"delta": 161980.1875, "delta_ave": 0.03832500800490379, "support": 8504}, "a": {"delta": 9896.23046875, "delta_ave": 0.009150704368948936, "support": 2176}, "b": {"delta": 33096.578125, "delta_ave": 0.03060326911509037, "support": 2176}, "user": {"delta": 161980.1875, "delta_ave": 0.03832500800490379, "support": 8504}, "item": {"delta": 42992.80859375, "delta_ave": 0.019876986742019653, "support": 2176}, "macro_ave": 0.029100997373461723, "micro_ave": 0.034566310039731894}}
{"id": 11, "metrics": {"theta": {"delta": 261187.96875, "delta_ave": 0.06067764759063721, "support": 8661}, "a": {"delta": 11226.701171875, "delta_ave": 0.010342919267714024, "support": 2184}, "b": {"delta": 39074.8125, "delta_ave": 0.035998787730932236, "support": 2184}, "user": {"delta": 261187.96875, "delta_ave": 0.06067764759063721, "support": 8661}, "item": {"delta": 50301.513671875, "delta_ave": 0.02317085349932313, "support": 2184}, "macro_ave": 0.04192425054498017, "micro_ave": 0.05312441215537396}}
{"id": 12, "metrics": {"theta": {"delta": 190469.359375, "delta_ave": 0.04357454925775528, "support": 8795}, "a": {"delta": 12314.982421875, "delta_ave": 0.01133514940738678, "support": 2186}, "b": {"delta": 41657.09375, "delta_ave": 0.0383426770567894, "support": 2186}, "user": {"delta": 190469.359375, "delta_ave": 0.04357454925775528, "support": 8795}, "item": {"delta": 53972.076171875, "delta_ave": 0.02483891323208809, "support": 2186}, "macro_ave": 0.034206731244921684, "micro_ave": 0.039844825156843844}}
{"id": 13, "metrics": {"theta": {"delta": 232712.203125, "delta_ave": 0.05241618677973747, "support": 8933}, "a": {"delta": 10537.58203125, "delta_ave": 0.009685873985290527, "support": 2189}, "b": {"delta": 39105.40234375, "delta_ave": 0.035944677889347076, "support": 2189}, "user": {"delta": 232712.203125, "delta_ave": 0.05241618677973747, "support": 8933}, "item": {"delta": 49642.984375, "delta_ave": 0.022815275937318802, "support": 2189}, "macro_ave": 0.03761573135852814, "micro_ave": 0.046590220781350986}}
{"id": 14, "metrics": {"theta": {"delta": 233780.34375, "delta_ave": 0.05199900269508362, "support": 9046}, "a": {"delta": 10362.5693359375, "delta_ave": 0.009516311809420586, "support": 2191}, "b": {"delta": 38785.1796875, "delta_ave": 0.03561779484152794, "support": 2191}, "user": {"delta": 233780.34375, "delta_ave": 0.05199900269508362, "support": 9046}, "item": {"delta": 49147.7490234375, "delta_ave": 0.022567053325474262, "support": 2191}, "macro_ave": 0.03728302801027894, "micro_ave": 0.04626033569599008}}
{"id": 15, "metrics": {"theta": {"delta": 207557.375, "delta_ave": 0.04566653445363045, "support": 9145}, "a": {"delta": 8308.0166015625, "delta_ave": 0.0076225860975682735, "support": 2193}, "b": {"delta": 34353.59765625, "delta_ave": 0.03151934593915939, "support": 2193}, "user": {"delta": 207557.375, "delta_ave": 0.04566653445363045, "support": 9145}, "item": {"delta": 42661.6142578125, "delta_ave": 0.019570966018363833, "support": 2193}, "macro_ave": 0.03261875023599714, "micro_ave": 0.04061912030840733}}
{"id": 16, "metrics": {"theta": {"delta": 231102.625, "delta_ave": 0.05037868022918701, "support": 9230}, "a": {"delta": 8991.2509765625, "delta_ave": 0.008234432898461819, "support": 2197}, "b": {"delta": 37158.9296875, "delta_ave": 0.034031160175800323, "support": 2197}, "user": {"delta": 231102.625, "delta_ave": 0.05037868022918701,