{"id": 1, "metrics": {"theta": {"delta": 218470.796875, "delta_ave": 1.1277366876602173, "support": 1575}, "a": {"delta": 390.20806884765625, "delta_ave": 0.09634767472743988, "support": 4050}, "b": {"delta": 380.1561279296875, "delta_ave": 0.09386570751667023, "support": 4050}, "user": {"delta": 218470.796875, "delta_ave": 1.1277366876602173, "support": 1575}, "item": {"delta": 770.3641967773438, "delta_ave": 0.09634706204730886, "support": 4050}, "macro_ave": 0.612041874853763, "micro_ave": 0.38513615721892325}}
{"id": 2, "metrics": {"theta": {"delta": 218078.453125, "delta_ave": 1.124283790588379, "support": 1577}, "a": {"delta": 380.25872802734375, "delta_ave": 0.09352157264947891, "support": 4066}, "b": {"delta": 384.05645751953125, "delta_ave": 0.09445559233427048, "support": 4066}, "user": {"delta": 218078.453125, "delta_ave": 1.124283790588379, "support": 1577}, "item": {"delta": 764.315185546875, "delta_ave": 0.09352180230762615, "support": 4066}, "macro_ave": 0.6089027964480025, "micro_ave": 0.38157986637261765}}
{"id": 3, "metrics": {"theta": {"delta": 216142.53125, "delta_ave": 1.1264463663101196, "support": 1560}, "a": {"delta": 383.1893005371094, "delta_ave": 0.0956299677491188, "support": 4007}, "b": {"delta": 384.53350830078125, "delta_ave": 0.0959654301404953, "support": 4007}, "user": {"delta": 216142.53125, "delta_ave": 1.1264463663101196, "support": 1560}, "item": {"delta": 767.7228088378906, "delta_ave": 0.09563005144732024, "support": 4007}, "macro_ave": 0.61103820887872, "micro_ave": 0.38448822482363915}}
{"id": 4, "metrics": {"theta": {"delta": 213988.0625, "delta_ave": 1.1253172159194946, "support": 1546}, "a": {"delta": 383.2906799316406, "delta_ave": 0.09599065035581589, "support": 3993}, "b": {"delta": 385.68145751953125, "delta_ave": 0.09658939391374588, "support": 3993}, "user": {"delta": 213988.0625, "delta_ave": 1.1253172159194946, "support": 1546}, "item": {"delta": 768.9721374511719, "delta_ave": 0.0959908002665715, "support": 3993}, "macro_ave": 0.610654008093033, "micro_ave": 0.38328790057338125}}
{"id": 5, "metrics": {"theta": {"delta": 91.75816345214844, "delta_ave": 0.00046741936239413917, "support": 1596}, "a": {"delta": 6.030808448791504, "delta_ave": 0.0014792269794270396, "support": 4077}, "b": {"delta": 6.025581359863281, "delta_ave": 0.0014779448974877596, "support": 4077}, "user": {"delta": 91.75816345214844, "delta_ave": 0.00046741936239413917, "support": 1596}, "item": {"delta": 12.056389808654785, "delta_ave": 0.0014792266650371574, "support": 4077}, "macro_ave": 0.0009733230137156483, "micro_ave": 0.0011945722573131565}}
{"id": 6, "metrics": {"theta": {"delta": 93.13650512695312, "delta_ave": 0.00048260504263453186, "support": 1569}, "a": {"delta": 5.826169967651367, "delta_ave": 0.001459095859900117, "support": 3993}, "b": {"delta": 5.801733493804932, "delta_ave": 0.0014529760228469968, "support": 3993}, "user": {"delta": 93.13650512695312, "delta_ave": 0.00048260504263453186, "support": 1569}, "item": {"delta": 11.627903461456299, "delta_ave": 0.0014590943276424672, "support": 3993}, "macro_ave": 0.0009708496851384995, "micro_ave": 0.001183633758031275}}
{"id": 7, "metrics": {"theta": {"delta": 94.95516967773438, "delta_ave": 0.0004910898860543966, "support": 1572}, "a": {"delta": 5.924919605255127, "delta_ave": 0.0014525421429425478, "support": 4079}, "b": {"delta": 5.856766223907471, "delta_ave": 0.0014358338667079806, "support": 4079}, "user": {"delta": 94.95516967773438, "delta_ave": 0.0004910898860543966, "support": 1572}, "item": {"delta": 11.781685829162598, "delta_ave": 0.001452538047776804, "support": 4079}, "macro_ave": 0.0009718139669156003, "micro_ave": 0.0011850815780851344}}
{"id": 8, "metrics": {"theta": {"delta": 92.59442138671875, "delta_ave": 0.0004773621913045645, "support": 1577}, "a": {"delta": 5.855466842651367, "delta_ave": 0.0014594882959499955, "support": 4012}, "b": {"delta": 5.869593620300293, "delta_ave": 0.001463009393773973, "support": 4012}, "user": {"delta": 92.59442138671875, "delta_ave": 0.0004773621913045645, "support": 1577}, "item": {"delta": 11.72506046295166, "delta_ave": 0.0014594891733728274, "support": 4012}, "macro_ave": 0.0009684256823386959, "micro_ave": 0.001182370860486506}}
{"id": 9, "metrics": {"theta": {"delta": 94.70237731933594, "delta_ave": 0.00048515311209484935, "support": 1587}, "a": {"delta": 5.907686233520508, "delta_ave": 0.0014493833296000957, "support": 4076}, "b": {"delta": 5.932979583740234, "delta_ave": 0.0014555887319147587, "support": 4076}, "user": {"delta": 94.70237731933594, "delta_ave": 0.00048515311209484935, "support": 1587}, "item": {"delta": 11.840665817260742, "delta_ave": 0.001449384851651191, "support": 4076}, "macro_ave": 0.0009672689818730201, "micro_ave": 0.0011791683991214516}}
{"id": 10, "metrics": {"theta": {"delta": 91.03020477294922, "delta_ave": 0.0004728964704554528, "support": 1565}, "a": {"delta": 5.7794718742370605, "delta_ave": 0.0014231647364795208, "support": 4061}, "b": {"delta": 5.815919876098633, "delta_ave": 0.0014321398921310902, "support": 4061}, "user": {"delta": 91.03020477294922, "delta_ave": 0.0004728964704554528, "support": 1565}, "item": {"delta": 11.595391750335693, "delta_ave": 0.0014231669460205477, "support": 4061}, "macro_ave": 0.0009480317082380003, "micro_ave": 0.001158827576262394}}
{"id": 11, "metrics": {"theta": {"delta": 92.66435241699219, "delta_ave": 0.00047056132461875677, "support": 1601}, "a": {"delta": 5.806159496307373, "delta_ave": 0.0014432412572205067, "support": 4023}, "b": {"delta": 5.837132930755615, "delta_ave": 0.001450940384529531, "support": 4023}, "user": {"delta": 92.66435241699219, "delta_ave": 0.00047056132461875677, "support": 1601}, "item": {"delta": 11.643292427062988, "delta_ave": 0.0014432431705225218, "support": 4023}, "macro_ave": 0.0009569022475706393, "micro_ave": 0.0011663470760538291}}
{"id": 12, "metrics": {"theta": {"delta": 92.35150146484375, "delta_ave": 0.0004722171288449317, "support": 1590}, "a": {"delta": 5.901918411254883, "delta_ave": 0.0014594258973374963, "support": 4044}, "b": {"delta": 5.878302097320557, "delta_ave": 0.00145358603913337, "support": 4044}, "user": {"delta": 92.35150146484375, "delta_ave": 0.0004722171288449317, "support": 1590}, "item": {"delta": 11.78022050857544, "delta_ave": 0.0014594244536148254, "support": 4044}, "macro_ave": 0.0009658207912298785, "micro_ave": 0.0011808196175509043}}
{"id": 13, "metrics": {"theta": {"delta": 93.52220153808594, "delta_ave": 0.0004800145688932389, "support": 1584}, "a": {"delta": 5.925311088562012, "delta_ave": 0.001465210341848433, "support": 4044}, "b": {"delta": 5.911469459533691, "delta_ave": 0.0014617876149713993, "support": 4044}, "user": {"delta": 93.52220153808594, "delta_ave": 0.0004800145688932389, "support": 1584}, "item": {"delta": 11.836780548095703, "delta_ave": 0.0014652094956860407, "support": 4044}, "macro_ave": 0.0009726120322896398, "micro_ave": 0.0011879264885716486}}
