{"id": 0, "metrics": {"accuracy": 0.4867698452321518, "0.0": {"precision": 0.3507067137809187, "recall": 0.5753623188405798, "f1": 0.4357848518111965, "support": 690}, "1.0": {"precision": 0.6636050516647531, "recall": 0.44021325209444023, "f1": 0.5293040293040294, "support": 1313}, "macro_avg": {"precision": 0.507155882722836, "recall": 0.50778778546751, "f1": 0.482544440557613, "support": 2003}, "macro_auc": 0.494327074847953, "macro_aupoc": 0.6511595311585483, "doa": 0.5487623038979451, "doa_know_support": 52, "doa_z_support": 420}}
{"id": 1, "metrics": {"accuracy": 0.4885844748858447, "0.0": {"precision": 0.34946236559139787, "recall": 0.549812030075188, "f1": 0.4273192111029949, "support": 1064}, "1.0": {"precision": 0.6558908045977011, "recall": 0.45604395604395603, "f1": 0.5380082498526811, "support": 2002}, "macro_avg": {"precision": 0.5026765850945495, "recall": 0.502927993059572, "f1": 0.48266373047783806, "support": 3066}, "macro_auc": 0.5050175388521253, "macro_aupoc": 0.6571496676091064, "doa": 0.566078520751491, "doa_know_support": 51, "doa_z_support": 603}}
{"id": 2, "metrics": {"accuracy": 0.4904963041182682, "0.0": {"precision": 0.3549636803874092, "recall": 0.5507137490608565, "f1": 0.43168433451118965, "support": 1331}, "1.0": {"precision": 0.652930934416715, "recall": 0.45787545787545786, "f1": 0.5382775119617225, "support": 2457}, "macro_avg": {"precision": 0.5039473074020622, "recall": 0.5042946034681571, "f1": 0.48498092323645603, "support": 3788}, "macro_auc": 0.5051134968490341, "macro_aupoc": 0.6414914606869897, "doa": 0.4302216917881951, "doa_know_support": 57, "doa_z_support": 739}}
{"id": 3, "metrics": {"accuracy": 0.5075449101796408, "0.0": {"precision": 0.372, "recall": 0.5655405405405406, "f1": 0.44879356568364615, "support": 1480}, "1.0": {"precision": 0.665974025974026, "recall": 0.47569573283858996, "f1": 0.554978354978355, "support": 2695}, "macro_avg": {"precision": 0.518987012987013, "recall": 0.5206181366895652, "f1": 0.5018859603310006, "support": 4175}, "macro_auc": 0.5236280900566614, "macro_aupoc": 0.6653826468991604, "doa": 0.4813439287468933, "doa_know_support": 61, "doa_z_support": 847}}
{"id": 4, "metrics": {"accuracy": 0.49817351598173515, "0.0": {"precision": 0.3362949800088849, "recall": 0.5181382614647502, "f1": 0.4078663793103448, "support": 1461}, "1.0": {"precision": 0.6693283231564114, "recall": 0.4881808838643371, "f1": 0.564580031695721, "support": 2919}, "macro_avg": {"precision": 0.5028116515826482, "recall": 0.5031595726645437, "f1": 0.4862232055030329, "support": 4380}, "macro_auc": 0.5078734313810319, "macro_aupoc": 0.6777526474239517, "doa": 0.5172537648041461, "doa_know_support": 54, "doa_z_support": 719}}
{"id": 5, "metrics": {"accuracy": 0.4893013100436681, "0.0": {"precision": 0.3481781376518219, "recall": 0.5412208936438011, "f1": 0.4237496920423749, "support": 1589}, "1.0": {"precision": 0.6545023696682465, "recall": 0.46171848879973254, "f1": 0.5414624583415016, "support": 2991}, "macro_avg": {"precision": 0.5013402536600342, "recall": 0.5014696912217669, "f1": 0.48260607519193827, "support": 4580}, "macro_auc": 0.5021019635369293, "macro_aupoc": 0.657153150531697, "doa": 0.47949248907605, "doa_know_support": 62, "doa_z_support": 916}}
{"id": 6, "metrics": {"accuracy": 0.5020063357972545, "0.0": {"precision": 0.36198019801980197, "recall": 0.5502709211318483, "f1": 0.4366937410415671, "support": 1661}, "1.0": {"precision": 0.6619909502262443, "recall": 0.47592713077423554, "f1": 0.5537471612414837, "support": 3074}, "macro_avg": {"precision": 0.5119855741230231, "recall": 0.5130990259530419, "f1": 0.4952204511415254, "support": 4735}, "macro_auc": 0.5168383172924573, "macro_aupoc": 0.6690621812410692, "doa": 0.4739494581244947, "doa_know_support": 60, "doa_z_support": 813}}
{"id": 7, "metrics": {"accuracy": 0.499896458894181, "0.0": {"precision": 0.3562231759656652, "recall": 0.5441001191895113, "f1": 0.4305588304645131, "support": 1678}, "1.0": {"precision": 0.6624007060900264, "recall": 0.47635671215487146, "f1": 0.5541812811519291, "support": 3151}, "macro_avg": {"precision": 0.5093119410278458, "recall": 0.5102284156721913, "f1": 0.49237005580822113, "support": 4829}, "macro_auc": 0.513337423577433, "macro_aupoc": 0.6622715901698992, "doa": 0.49839921837736834, "doa_know_support": 64, "doa_z_support": 888}}
{"id": 8, "metrics": {"accuracy": 0.5008149959250203, "0.0": {"precision": 0.35346153846153844, "recall": 0.544431279620853, "f1": 0.4286380597014925, "support": 1688}, "1.0": {"precision": 0.6668110918544194, "recall": 0.4779503105590062, "f1": 0.5568017366136035, "support": 3220}, "macro_avg": {"precision": 0.510136315157979, "recall": 0.5111907950899296, "f1": 0.492719898157548, "support": 4908}, "macro_auc": 0.5116358438079539, "macro_aupoc": 0.660579647854449, "doa": 0.49002178293255816, "doa_know_support": 65, "doa_z_support": 839}}
{"id": 9, "metrics": {"accuracy": 0.4998996588400562, "0.0": {"precision": 0.3538055764883195, "recall": 0.5472027972027972, "f1": 0.4297482837528604, "support": 1716}, "1.0": {"precision": 0.6663804207814513, "recall": 0.47505356596265685, "f1": 0.5546819156540387, "support": 3267}, "macro_avg": {"precision": 0.5100929986348854, "recall": 0.511128181582727, "f1": 0.49221509970344957, "support": 4983}, "macro_auc": 0.5159153161907983, "macro_aupoc": 0.6681872500378352, "doa": 0.46385270185760025, "doa_know_support": 65, "doa_z_support": 829}}
{"id": 10, "metrics": {"accuracy": 0.5039007801560312, "0.0": {"precision": 0.36088257292445775, "recall": 0.5558755760368663, "f1": 0.43764172335600904, "support": 1736}, "1.0": {"precision": 0.6683870967741935, "recall": 0.4762488507508428, "f1": 0.5561918396564065, "support": 3263}, "macro_avg": {"precision": 0.5146348348493256, "recall": 0.5160622133938546, "f1": 0.49691678150620777, "support": 4999}, "macro_auc": 0.5221683277524429, "macro_aupoc": 0.6717014057170019, "doa": 0.586933178487773, "doa_know_support": 70, "doa_z_support": 953}}
{"id": 11, "metrics": {"accuracy": 0.5033824114604059, "0.0": {"precision": 0.362152133580705, "recall": 0.5567598402738163, "f1": 0.4388489208633094, "support": 1753}, "1.0": {"precision": 0.6666666666666666, "recall": 0.4747937671860678, "f1": 0.5546038543897216, "support": 3273}, "macro_avg": {"precision": 0.5144094001236859, "recall": 0.5157768037299421, "f1": 0.4967263876265155, "support": 5026}, "macro_auc": 0.5171698152998248, "macro_aupoc": 0.6626975524412628, "doa": 0.5277562293812685, "doa_know_support": 64, "doa_z_support": 892}}
{"id": 12, "metrics": {"accuracy": 0.5009869719699961, "0.0": {"precision": 0.3485798598303209, "recall": 0.5536028119507909, "f1": 0.42779538252602983, "support": 1707}, "1.0": {"precision": 0.6764331210191082, "recall": 0.47424828818100623, "f1": 0.5575778788939446, "support": 3359}, "macro_avg": {"precision": 0.5125064904247145, "recall": 0.5139255500658986, "f1": 0.4926866307099872, "support": 5066}, "macro_auc": 0.5192609176476457, "macro_aupoc": 0.6785727653498361, "doa": 0.5127842613267252, "doa_know_support": 69, "doa_z_support": 811}}
{"id": 13, "metrics": {"accuracy": 0.5099882491186839, "0.0": {"precision": 0.3584070796460177, "recall": 0.5605536332179931, "f1": 0.43724696356275305, "support": 1734}, "1.0": {"precision": 0.681704260651629, "recall": 0.48398576512455516, "f1": 0.5660770031217481, "support": 3372}, "macro_avg": {"precision": 0.5200556701488234, "recall": 0.5222696991712741, "f1": 0.5016619833422507, "support": 5106}, "macro_auc": 0.5231226081947677, "macro_aupoc": 0.6810601203289521, "doa": 0.517460170760499, "doa_know_support": 58, "doa_z_support": 913}}
