{"id": 1, "metrics": {"theta": {"delta": 215127.546875, "delta_ave": 1.1262102127075195, "support": 1553}, "a": {"delta": 385.50750732421875, "delta_ave": 0.09535184502601624, "support": 4043}, "b": {"delta": 391.1291809082031, "delta_ave": 0.09674231708049774, "support": 4043}, "user": {"delta": 215127.546875, "delta_ave": 1.1262102127075195, "support": 1553}, "item": {"delta": 776.6366882324219, "delta_ave": 0.09535218886183584, "support": 4043}, "macro_ave": 0.6107812007846777, "micro_ave": 0.38143555394981776}}
{"id": 2, "metrics": {"theta": {"delta": 275221.5, "delta_ave": 1.1272408962249756, "support": 1985}, "a": {"delta": 621.6552734375, "delta_ave": 0.09493819624185562, "support": 6548}, "b": {"delta": 622.269775390625, "delta_ave": 0.09503203630447388, "support": 6548}, "user": {"delta": 275221.5, "delta_ave": 1.1272408962249756, "support": 1985}, "item": {"delta": 1243.925048828125, "delta_ave": 0.09493821057077036, "support": 6548}, "macro_ave": 0.611089553397873, "micro_ave": 0.3350789384535311}}
{"id": 3, "metrics": {"theta": {"delta": 304642.6875, "delta_ave": 1.1288832426071167, "support": 2194}, "a": {"delta": 799.6174926757812, "delta_ave": 0.09599249809980392, "support": 8330}, "b": {"delta": 792.3240356445312, "delta_ave": 0.09511692821979523, "support": 8330}, "user": {"delta": 304642.6875, "delta_ave": 1.1288832426071167, "support": 2194}, "item": {"delta": 1591.9415283203125, "delta_ave": 0.09599239300199093, "support": 8330}, "macro_ave": 0.6124378178045539, "micro_ave": 0.3113252060040477}}
{"id": 4, "metrics": {"theta": {"delta": 319891.0625, "delta_ave": 1.127814531326294, "support": 2306}, "a": {"delta": 928.1688842773438, "delta_ave": 0.09680526703596115, "support": 9588}, "b": {"delta": 916.9736938476562, "delta_ave": 0.09563764184713364, "support": 9588}, "user": {"delta": 319891.0625, "delta_ave": 1.127814531326294, "support": 2306}, "item": {"delta": 1845.142578125, "delta_ave": 0.09680514526881245, "support": 9588}, "macro_ave": 0.6123098382975531, "micro_ave": 0.296696489160569}}
{"id": 5, "metrics": {"theta": {"delta": 90.64313507080078, "delta_ave": 0.00030989741208031774, "support": 2378}, "a": {"delta": 4.8475847244262695, "delta_ave": 0.0004591385368257761, "support": 10558}, "b": {"delta": 4.825134754180908, "delta_ave": 0.00045701221097260714, "support": 10558}, "user": {"delta": 90.64313507080078, "delta_ave": 0.00030989741208031774, "support": 2378}, "item": {"delta": 9.672719478607178, "delta_ave": 0.0004591383354500915, "support": 10558}, "macro_ave": 0.00038451787376520463, "micro_ave": 0.0004317036635442998}}
{"id": 6, "metrics": {"theta": {"delta": 92.25938415527344, "delta_ave": 0.00030994886765256524, "support": 2420}, "a": {"delta": 4.866200923919678, "delta_ave": 0.00042738456977531314, "support": 11386}, "b": {"delta": 4.849715232849121, "delta_ave": 0.0004259366833139211, "support": 11386}, "user": {"delta": 92.25938415527344, "delta_ave": 0.00030994886765256524, "support": 2420}, "item": {"delta": 9.715916156768799, "delta_ave": 0.00042738444262273024, "support": 11386}, "macro_ave": 0.0003686666551376477, "micro_ave": 0.00040679961780541897}}
{"id": 7, "metrics": {"theta": {"delta": 94.72042083740234, "delta_ave": 0.00031355241662822664, "support": 2456}, "a": {"delta": 5.1384758949279785, "delta_ave": 0.0004266419564373791, "support": 12044}, "b": {"delta": 5.073344707489014, "delta_ave": 0.0004212342028040439, "support": 12044}, "user": {"delta": 94.72042083740234, "delta_ave": 0.00031355241662822664, "support": 2456}, "item": {"delta": 10.211820602416992, "delta_ave": 0.00042664150747485246, "support": 12044}, "macro_ave": 0.00037009696205153955, "micro_ave": 0.00040748655525972745}}
{"id": 8, "metrics": {"theta": {"delta": 92.39726257324219, "delta_ave": 0.0003042516182176769, "support": 2469}, "a": {"delta": 5.205419540405273, "delta_ave": 0.00041348952800035477, "support": 12589}, "b": {"delta": 5.197608470916748, "delta_ave": 0.00041286906343884766, "support": 12589}, "user": {"delta": 92.39726257324219, "delta_ave": 0.0003042516182176769, "support": 2469}, "item": {"delta": 10.403028011322021, "delta_ave": 0.00041348947871802265, "support": 12589}, "macro_ave": 0.00035887054846784976, "micro_ave": 0.0003955781838863482}}
{"id": 9, "metrics": {"theta": {"delta": 94.62857055664062, "delta_ave": 0.0003105926443822682, "support": 2477}, "a": {"delta": 5.329123497009277, "delta_ave": 0.00040808049379847944, "support": 13059}, "b": {"delta": 5.344174861907959, "delta_ave": 0.000409233063692227, "support": 13059}, "user": {"delta": 94.62857055664062, "delta_ave": 0.0003105926443822682, "support": 2477}, "item": {"delta": 10.673298358917236, "delta_ave": 0.00040808058205038555, "support": 13059}, "macro_ave": 0.00035933661321632687, "micro_ave": 0.00039253748076280016}}
{"id": 10, "metrics": {"theta": {"delta": 90.90216064453125, "delta_ave": 0.00029788067331537604, "support": 2481}, "a": {"delta": 5.314069747924805, "delta_ave": 0.0003946872893720865, "support": 13464}, "b": {"delta": 5.3581342697143555, "delta_ave": 0.0003979600442107767, "support": 13464}, "user": {"delta": 90.90216064453125, "delta_ave": 0.00029788067331537604, "support": 2481}, "item": {"delta": 10.67220401763916, "delta_ave": 0.0003946875324285172, "support": 13464}, "macro_ave": 0.0003462841028719466, "micro_ave": 0.00037962464014506137}}
{"id": 11, "metrics": {"theta": {"delta": 92.60902404785156, "delta_ave": 0.00030262014479376376, "support": 2488}, "a": {"delta": 5.3703203201293945, "delta_ave": 0.00038912546006031334, "support": 13801}, "b": {"delta": 5.390988826751709, "delta_ave": 0.0003906230558641255, "support": 13801}, "user": {"delta": 92.60902404785156, "delta_ave": 0.00030262014479376376, "support": 2488}, "item": {"delta": 10.761309146881104, "delta_ave": 0.0003891255685660229, "support": 13801}, "macro_ave": 0.00034587285667989336, "micro_ave": 0.0003759126338035832}}
{"id": 12, "metrics": {"theta": {"delta": 92.32154846191406, "delta_ave": 0.00030143841286189854, "support": 2490}, "a": {"delta": 5.478356838226318, "delta_ave": 0.0003880130825564265, "support": 14119}, "b": {"delta": 5.454648017883301, "delta_ave": 0.00038633387885056436, "support": 14119}, "user": {"delta": 92.32154846191406, "delta_ave": 0.00030143841286189854, "support": 2490}, "item": {"delta": 10.93300485610962, "delta_ave": 0.00038801296363265135, "support": 14119}, "macro_ave": 0.00034472568824727497, "micro_ave": 0.00037503381790327726}}
{"id": 13, "metrics": {"theta": {"delta": 93.49978637695312, "delta_ave": 0.0003051629464607686, "support": 2491}, "a": {"delta": 5.544037342071533, "delta_ave": 0.0003845753089990467, "support": 14416}, "b": {"delta": 5.532444953918457, "delta_ave": 0.00038377117016352713, "support": 14416}, "user": {"delta": 93.49978637695312, "delta_ave": 0.0003051629464607686, "support": 2491}, "item": {"delta": 11.07648229598999, "delta_ave": 0.00038457525322192, "support": 14416}, "macro_ave": 0.0003448690998413443, "micro_ave": 0.0003728750073981767}}
