{"id": 48, "metrics": {"accuracy": 0.6984783017095623, "0.0": {"precision": 0.5747663551401869, "recall": 0.47074904319300165, "f1": 0.5175834084761046, "support": 1829}, "1.0": {"precision": 0.7469281045751635, "recall": 0.8176874642243847, "f1": 0.7807077469599671, "support": 3494}, "macro_avg": {"precision": 0.6608472298576752, "recall": 0.6442182537086931, "f1": 0.6491455777180359, "support": 5323}, "macro_auc": 0.6862912379982493, "macro_aupoc": 0.7673859126443368, "doa": 0.6759153622435473, "doa_know_support": 59, "doa_z_support": 663}}
