{"id": 48, "metrics": {"accuracy": 0.7080593650197258, "0.0": {"precision": 0.6025354213273676, "recall": 0.4417714598141061, "f1": 0.5097791798107255, "support": 1829}, "1.0": {"precision": 0.7435961828227021, "recall": 0.8474527761877504, "f1": 0.792134831460674, "support": 3494}, "macro_avg": {"precision": 0.6730658020750349, "recall": 0.6446121180009282, "f1": 0.6509570056356997, "support": 5323}, "macro_auc": 0.6945259279126631, "macro_aupoc": 0.7784508800117325, "doa": 0.7118513237337968, "doa_know_support": 58, "doa_z_support": 705}}
