{"id": 48, "metrics": {"theta": {"delta": 6705.58642578125, "delta_ave": 0.021868014708161354, "support": 2493}, "a": {"delta": 15445.69921875, "delta_ave": 0.007131689693778753, "support": 17608}, "b": {"delta": 20573.4375, "delta_ave": 0.009499302133917809, "support": 17608}, "user": {"delta": 6705.58642578125, "delta_ave": 0.021868014708161354, "support": 2493}, "item": {"delta": 36019.13671875, "delta_ave": 0.008315495913848281, "support": 17608}, "macro_ave": 0.015091755311004817, "micro_ave": 0.009996329173597671}}
