{"id": 1, "metrics": {"theta": {"delta": 11144.728515625, "delta_ave": 1.1350165605545044, "support": 3273}, "a": {"delta": 1091.869140625, "delta_ave": 0.19920985400676727, "support": 1827}, "b": {"delta": 2261.2138671875, "delta_ave": 1.2376649379730225, "support": 1827}, "user": {"delta": 11144.728515625, "delta_ave": 1.1350165605545044, "support": 3273}, "item": {"delta": 3353.0830078125, "delta_ave": 0.45882362499833107, "support": 1827}, "macro_ave": 0.7969200927764177, "micro_ave": 0.8927803854052635}}
{"id": 2, "metrics": {"theta": {"delta": 9906.517578125, "delta_ave": 1.0176186561584473, "support": 3245}, "a": {"delta": 1016.630615234375, "delta_ave": 0.18681193888187408, "support": 1814}, "b": {"delta": 2266.427734375, "delta_ave": 1.2494089603424072, "support": 1814}, "user": {"delta": 9906.517578125, "delta_ave": 1.0176186561584473, "support": 3245}, "item": {"delta": 3283.058349609375, "delta_ave": 0.45246119424700737, "support": 1814}, "macro_ave": 0.7350399252027273, "micro_ave": 0.8149707739866047}}
{"id": 3, "metrics": {"theta": {"delta": 8953.041015625, "delta_ave": 0.9361189007759094, "support": 3188}, "a": {"delta": 970.955322265625, "delta_ave": 0.17871439456939697, "support": 1811}, "b": {"delta": 2160.146728515625, "delta_ave": 1.1927921772003174, "support": 1811}, "user": {"delta": 8953.041015625, "delta_ave": 0.9361189007759094, "support": 3188}, "item": {"delta": 3131.10205078125, "delta_ave": 0.4322338402271271, "support": 1811}, "macro_ave": 0.6841763705015182, "micro_ave": 0.7535752231096072}}
{"id": 4, "metrics": {"theta": {"delta": 8542.9833984375, "delta_ave": 0.8727125525474548, "support": 3263}, "a": {"delta": 939.053955078125, "delta_ave": 0.17039628326892853, "support": 1837}, "b": {"delta": 2151.2978515625, "delta_ave": 1.1710929870605469, "support": 1837}, "user": {"delta": 8542.9833984375, "delta_ave": 0.8727125525474548, "support": 3263}, "item": {"delta": 3090.351806640625, "delta_ave": 0.4205704592168331, "support": 1837}, "macro_ave": 0.646641505882144, "micro_ave": 0.7098527436360133}}
{"id": 5, "metrics": {"theta": {"delta": 7969.671875, "delta_ave": 0.8351327776908875, "support": 3181}, "a": {"delta": 863.884765625, "delta_ave": 0.15778717398643494, "support": 1825}, "b": {"delta": 2095.0068359375, "delta_ave": 1.147948980331421, "support": 1825}, "user": {"delta": 7969.671875, "delta_ave": 0.8351327776908875, "support": 3181}, "item": {"delta": 2958.8916015625, "delta_ave": 0.4053276255726814, "support": 1825}, "macro_ave": 0.6202302016317844, "micro_ave": 0.6784419261895439}}
{"id": 6, "metrics": {"theta": {"delta": 7751.90283203125, "delta_ave": 0.7909297943115234, "support": 3267}, "a": {"delta": 841.8956298828125, "delta_ave": 0.15144731104373932, "support": 1853}, "b": {"delta": 2104.5517578125, "delta_ave": 1.1357537508010864, "support": 1853}, "user": {"delta": 7751.90283203125, "delta_ave": 0.7909297943115234, "support": 3267}, "item": {"delta": 2946.4473876953125, "delta_ave": 0.3975239209830761, "support": 1853}, "macro_ave": 0.5942268576472998, "micro_ave": 0.6485506764838647}}
{"id": 7, "metrics": {"theta": {"delta": 7423.6650390625, "delta_ave": 0.772333025932312, "support": 3204}, "a": {"delta": 791.150390625, "delta_ave": 0.1433243453502655, "support": 1840}, "b": {"delta": 1989.700439453125, "delta_ave": 1.0813589096069336, "support": 1840}, "user": {"delta": 7423.6650390625, "delta_ave": 0.772333025932312, "support": 3204}, "item": {"delta": 2780.850830078125, "delta_ave": 0.3778329864144325, "support": 1840}, "macro_ave": 0.5750830061733723, "micro_ave": 0.6284234159575106}}
{"id": 8, "metrics": {"theta": {"delta": 7188.853515625, "delta_ave": 0.7359595894813538, "support": 3256}, "a": {"delta": 767.4337158203125, "delta_ave": 0.1389523297548294, "support": 1841}, "b": {"delta": 1974.4034423828125, "delta_ave": 1.072462558746338, "support": 1841}, "user": {"delta": 7188.853515625, "delta_ave": 0.7359595894813538, "support": 3256}, "item": {"delta": 2741.837158203125, "delta_ave": 0.3723298870027065, "support": 1841}, "macro_ave": 0.5541447382420301, "micro_ave": 0.604619137791499}}
