{"id": 0, "metrics": {"accuracy": 0.4980462879470995, "0.0": {"precision": 0.31283582089552237, "recall": 0.5023969319271333, "f1": 0.3855776306107431, "support": 1043}, "1.0": {"precision": 0.6858353510895884, "recall": 0.4960595446584939, "f1": 0.5757113821138212, "support": 2284}, "macro_avg": {"precision": 0.49933558599255534, "recall": 0.4992282382928136, "f1": 0.4806445063622822, "support": 3327}, "macro_auc": 0.4961216717907558, "macro_aupoc": 0.6830544463660047, "doa": NaN, "doa_know_support": 0, "doa_z_support": 0}}
{"id": 1, "metrics": {"accuracy": 0.5219226260257913, "0.0": {"precision": 0.3157894736842105, "recall": 0.49036237471087124, "f1": 0.3841739655693143, "support": 1297}, "1.0": {"precision": 0.7063527321190582, "recall": 0.5357142857142857, "f1": 0.6093121287602989, "support": 2968}, "macro_avg": {"precision": 0.5110711029016344, "recall": 0.5130383302125785, "f1": 0.49674304716480666, "support": 4265}, "macro_auc": 0.5114394196019427, "macro_aupoc": 0.6961466919218579, "doa": 0.3431372549019608, "doa_know_support": 2, "doa_z_support": 20}}
{"id": 2, "metrics": {"accuracy": 0.5195661420672054, "0.0": {"precision": 0.3087095303237574, "recall": 0.47676056338028167, "f1": 0.3747578189869914, "support": 1420}, "1.0": {"precision": 0.703866082104424, "recall": 0.538086532602072, "f1": 0.609911932308755, "support": 3282}, "macro_avg": {"precision": 0.5062878062140908, "recall": 0.5074235479911768, "f1": 0.49233487564787315, "support": 4702}, "macro_auc": 0.5139358086360944, "macro_aupoc": 0.7094331935640368, "doa": 0.30952380952380953, "doa_know_support": 3, "doa_z_support": 18}}
{"id": 3, "metrics": {"accuracy": 0.5276774969915764, "0.0": {"precision": 0.3165374677002584, "recall": 0.48902195608782434, "f1": 0.38431372549019605, "support": 1503}, "1.0": {"precision": 0.7117117117117117, "recall": 0.5443583118001722, "f1": 0.6168862859931674, "support": 3483}, "macro_avg": {"precision": 0.5141245897059851, "recall": 0.5166901339439983, "f1": 0.5006000057416817, "support": 4986}, "macro_auc": 0.5214624822514985, "macro_aupoc": 0.7106141134282857, "doa": 0.09999999999999999, "doa_know_support": 3, "doa_z_support": 14}}
{"id": 4, "metrics": {"accuracy": 0.5389685924777046, "0.0": {"precision": 0.330718954248366, "recall": 0.4740787008119925, "f1": 0.3896303901437372, "support": 1601}, "1.0": {"precision": 0.7059028990569333, "recall": 0.5681754287320776, "f1": 0.629595015576324, "support": 3557}, "macro_avg": {"precision": 0.5183109266526497, "recall": 0.5211270647720351, "f1": 0.5096127028600306, "support": 5158}, "macro_auc": 0.5200192914289407, "macro_aupoc": 0.7022192103997295, "doa": 0.0, "doa_know_support": 1, "doa_z_support": 1}}
{"id": 5, "metrics": {"accuracy": 0.5536571318871184, "0.0": {"precision": 0.31932021466905186, "recall": 0.47066578773895845, "f1": 0.38049560351718625, "support": 1517}, "1.0": {"precision": 0.7299024554322233, "recall": 0.5877573131094258, "f1": 0.6511627906976744, "support": 3692}, "macro_avg": {"precision": 0.5246113350506376, "recall": 0.5292115504241921, "f1": 0.5158291971074302, "support": 5209}, "macro_auc": 0.5340100921945649, "macro_aupoc": 0.7276130780291719, "doa": 0.09523809523809523, "doa_know_support": 3, "doa_z_support": 10}}
{"id": 6, "metrics": {"accuracy": 0.5386053467937932, "0.0": {"precision": 0.3152812762384551, "recall": 0.4729219143576826, "f1": 0.378337531486146, "support": 1588}, "1.0": {"precision": 0.717896865520728, "recall": 0.5663387396968891, "f1": 0.6331747919143875, "support": 3761}, "macro_avg": {"precision": 0.5165890708795915, "recall": 0.5196303270272858, "f1": 0.5057561617002668, "support": 5349}, "macro_auc": 0.524334998529921, "macro_aupoc": 0.716752908271076, "doa": 0.21527777777777776, "doa_know_support": 3, "doa_z_support": 20}}
{"id": 7, "metrics": {"accuracy": 0.5986255572065379, "0.0": {"precision": 0.3626844359828653, "recall": 0.4810606060606061, "f1": 0.4135685210312076, "support": 1584}, "1.0": {"precision": 0.7496192506853487, "recall": 0.6476315789473684, "f1": 0.6949032895665678, "support": 3800}, "macro_avg": {"precision": 0.556151843334107, "recall": 0.5643460925039873, "f1": 0.5542359052988877, "support": 5384}, "macro_auc": 0.5724121145667198, "macro_aupoc": 0.7499362566430378, "doa": 0.7105263157894738, "doa_know_support": 3, "doa_z_support": 34}}
{"id": 8, "metrics": {"accuracy": 0.5806391675956893, "0.0": {"precision": 0.3403068340306834, "recall": 0.4662420382165605, "f1": 0.3934426229508197, "support": 1570}, "1.0": {"precision": 0.7406375735066543, "recall": 0.6277544596012592, "f1": 0.6795399687633111, "support": 3812}, "macro_avg": {"precision": 0.5404722037686689, "recall": 0.5469982489089098, "f1": 0.5364912958570655, "support": 5382}, "macro_auc": 0.570624444429592, "macro_aupoc": 0.7539806390031024, "doa": 0.17777777777777778, "doa_know_support": 3, "doa_z_support": 16}}
