{"id": 1, "metrics": {"theta": {"delta": 11988.81640625, "delta_ave": 1.2353236675262451, "support": 3235}, "a": {"delta": 1113.64990234375, "delta_ave": 0.20273983478546143, "support": 1831}, "b": {"delta": 2326.42236328125, "delta_ave": 1.270574688911438, "support": 1831}, "user": {"delta": 11988.81640625, "delta_ave": 1.2353236675262451, "support": 3235}, "item": {"delta": 3440.072265625, "delta_ave": 0.46969854831695557, "support": 1831}, "macro_ave": 0.8525111079216003, "micro_ave": 0.9586044426402978}}
{"id": 2, "metrics": {"theta": {"delta": 15882.97265625, "delta_ave": 1.086683988571167, "support": 4872}, "a": {"delta": 1138.5782470703125, "delta_ave": 0.18723537027835846, "support": 2027}, "b": {"delta": 2536.553955078125, "delta_ave": 1.2513833045959473, "support": 2027}, "user": {"delta": 15882.97265625, "delta_ave": 1.086683988571167, "support": 4872}, "item": {"delta": 3675.1322021484375, "delta_ave": 0.45327235385775566, "support": 2027}, "macro_ave": 0.7699781712144613, "micro_ave": 0.9005808745598487}}
{"id": 3, "metrics": {"theta": {"delta": 17439.64453125, "delta_ave": 0.9721094965934753, "support": 5980}, "a": {"delta": 1096.415283203125, "delta_ave": 0.17570757865905762, "support": 2080}, "b": {"delta": 2486.3544921875, "delta_ave": 1.1953626871109009, "support": 2080}, "user": {"delta": 17439.64453125, "delta_ave": 0.9721094965934753, "support": 5980}, "item": {"delta": 3582.769775390625, "delta_ave": 0.43062135577201843, "support": 2080}, "macro_ave": 0.7013654261827469, "micro_ave": 0.8323706215427767}}
{"id": 4, "metrics": {"theta": {"delta": 17841.55859375, "delta_ave": 0.8825027942657471, "support": 6739}, "a": {"delta": 1053.975341796875, "delta_ave": 0.16650478541851044, "support": 2110}, "b": {"delta": 2443.29931640625, "delta_ave": 1.1579617261886597, "support": 2110}, "user": {"delta": 17841.55859375, "delta_ave": 0.8825027942657471, "support": 6739}, "item": {"delta": 3497.274658203125, "delta_ave": 0.41436902061104774, "support": 2110}, "macro_ave": 0.6484359074383974, "micro_ave": 0.7708786262906747}}
{"id": 5, "metrics": {"theta": {"delta": 17474.8515625, "delta_ave": 0.7996911406517029, "support": 7284}, "a": {"delta": 981.7727661132812, "delta_ave": 0.15328224003314972, "support": 2135}, "b": {"delta": 2393.837890625, "delta_ave": 1.1212354898452759, "support": 2135}, "user": {"delta": 17474.8515625, "delta_ave": 0.7996911406517029, "support": 7284}, "item": {"delta": 3375.6106567382812, "delta_ave": 0.39527055248618126, "support": 2135}, "macro_ave": 0.5974808465689421, "micro_ave": 0.7080213290227201}}
{"id": 6, "metrics": {"theta": {"delta": 17215.09375, "delta_ave": 0.7466967701911926, "support": 7685}, "a": {"delta": 943.179443359375, "delta_ave": 0.14650192856788635, "support": 2146}, "b": {"delta": 2387.529296875, "delta_ave": 1.112548589706421, "support": 2146}, "user": {"delta": 17215.09375, "delta_ave": 0.7466967701911926, "support": 7685}, "item": {"delta": 3330.708740234375, "delta_ave": 0.38801359385252, "support": 2146}, "macro_ave": 0.5673551820218563, "micro_ave": 0.6684001476275886}}
{"id": 7, "metrics": {"theta": {"delta": 16670.708984375, "delta_ave": 0.6906416416168213, "support": 8046}, "a": {"delta": 885.1729125976562, "delta_ave": 0.13691769540309906, "support": 2155}, "b": {"delta": 2293.401611328125, "delta_ave": 1.0642235279083252, "support": 2155}, "user": {"delta": 16670.708984375, "delta_ave": 0.6906416416168213, "support": 8046}, "item": {"delta": 3178.5745239257812, "delta_ave": 0.3687441535294056, "support": 2155}, "macro_ave": 0.5296928975731134, "micro_ave": 0.6226395744833657}}
{"id": 8, "metrics": {"theta": {"delta": 15982.0498046875, "delta_ave": 0.6430114507675171, "support": 8285}, "a": {"delta": 851.9802856445312, "delta_ave": 0.13117478787899017, "support": 2165}, "b": {"delta": 2250.97705078125, "delta_ave": 1.0397123098373413, "support": 2165}, "user": {"delta": 15982.0498046875, "delta_ave": 0.6430114507675171, "support": 8285}, "item": {"delta": 3102.9573364257812, "delta_ave": 0.35830916836857796, "support": 2165}, "macro_ave": 0.5006603095680475, "micro_ave": 0.5840276764714689}}
