{"id": 1, "metrics": {"theta": {"delta": 67.12896728515625, "delta_ave": 4.8221470933640376e-05, "support": 2801}, "a": {"delta": 20.029399871826172, "delta_ave": 4.12071640312206e-05, "support": 978}, "b": {"delta": 21.569416046142578, "delta_ave": 4.4375490688253194e-05, "support": 978}, "user": {"delta": 67.12896728515625, "delta_ave": 4.8221470933640376e-05, "support": 2801}, "item": {"delta": 41.59881591796875, "delta_ave": 4.27913273597369e-05, "support": 978}, "macro_ave": 4.5506399146688636e-05, "micro_ave": 4.6816157248729656e-05}}
