{"id": 0, "metrics": {"accuracy": 0.7249488752556237, "0.0": {"precision": 0.0, "recall": 0.0, "f1": 0.0, "support": 807}, "1.0": {"precision": 0.7249488752556237, "recall": 1.0, "f1": 0.8405453467694132, "support": 2127}, "macro_avg": {"precision": 0.36247443762781184, "recall": 0.5, "f1": 0.4202726733847066, "support": 2934}, "macro_auc": 0.6727724442160713, "macro_aupoc": 0.828938757951863, "doa": 0.5760160529523698, "doa_know_support": 203, "doa_z_support": 2440}}
{"id": 1, "metrics": {"accuracy": 0.7329936305732484, "0.0": {"precision": 0.0, "recall": 0.0, "f1": 0.0, "support": 1048}, "1.0": {"precision": 0.7329936305732484, "recall": 1.0, "f1": 0.8459276683328434, "support": 2877}, "macro_avg": {"precision": 0.3664968152866242, "recall": 0.5, "f1": 0.4229638341664217, "support": 3925}, "macro_auc": 0.7473582930692755, "macro_aupoc": 0.8758928414386078, "doa": 0.5095305726549036, "doa_know_support": 253, "doa_z_support": 3987}}
