{"id": 1, "metrics": {"theta": {"delta": 61.13636016845703, "delta_ave": 4.4910837459610775e-05, "support": 2739}, "a": {"delta": 19.86780548095703, "delta_ave": 4.1000472265295684e-05, "support": 975}, "b": {"delta": 21.323068618774414, "delta_ave": 4.400364923640154e-05, "support": 975}, "user": {"delta": 61.13636016845703, "delta_ave": 4.4910837459610775e-05, "support": 2739}, "item": {"delta": 41.190874099731445, "delta_ave": 4.2502060750848614e-05, "support": 975}, "macro_ave": 4.3706449105229694e-05, "micro_ave": 4.427848493105851e-05}}
