{"id": 48, "metrics": {"accuracy": 0.6890851023858726, "0.0": {"precision": 0.547027027027027, "recall": 0.5533078184800437, "f1": 0.5501494971459636, "support": 1829}, "1.0": {"precision": 0.7647566945004319, "recall": 0.7601602747567258, "f1": 0.762451557341754, "support": 3494}, "macro_avg": {"precision": 0.6558918607637294, "recall": 0.6567340466183847, "f1": 0.6563005272438588, "support": 5323}, "macro_auc": 0.6890935894791758, "macro_aupoc": 0.7716020719932551, "doa": 0.647612229533699, "doa_know_support": 61, "doa_z_support": 894}}
