{"id": 0, "metrics": {"accuracy": 0.6230654018971543, "0.0": {"precision": 0.4444444444444444, "recall": 0.37681159420289856, "f1": 0.40784313725490196, "support": 690}, "1.0": {"precision": 0.6967559943582511, "recall": 0.7524752475247525, "f1": 0.723544489198096, "support": 1313}, "macro_avg": {"precision": 0.5706002194013478, "recall": 0.5646434208638256, "f1": 0.565693813226499, "support": 2003}, "macro_auc": 0.5932442575361214, "macro_aupoc": 0.7178901326300313, "doa": 0.5682587613944939, "doa_know_support": 52, "doa_z_support": 420}}
{"id": 1, "metrics": {"accuracy": 0.6177429876060013, "0.0": {"precision": 0.4410480349344978, "recall": 0.37969924812030076, "f1": 0.408080808080808, "support": 1064}, "1.0": {"precision": 0.6930232558139535, "recall": 0.7442557442557443, "f1": 0.7177263969171485, "support": 2002}, "macro_avg": {"precision": 0.5670356453742257, "recall": 0.5619774961880225, "f1": 0.5629036024989782, "support": 3066}, "macro_auc": 0.5981436326831063, "macro_aupoc": 0.7284472039720896, "doa": 0.5569249603238003, "doa_know_support": 51, "doa_z_support": 603}}
{"id": 2, "metrics": {"accuracy": 0.6232840549102429, "0.0": {"precision": 0.4548872180451128, "recall": 0.36363636363636365, "f1": 0.4041753653444677, "support": 1331}, "1.0": {"precision": 0.6890602055800293, "recall": 0.7639397639397639, "f1": 0.7245705462265972, "support": 2457}, "macro_avg": {"precision": 0.5719737118125711, "recall": 0.5637880637880638, "f1": 0.5643729557855325, "support": 3788}, "macro_auc": 0.6020531351109863, "macro_aupoc": 0.7249203748265597, "doa": 0.5727177270433547, "doa_know_support": 57, "doa_z_support": 739}}
{"id": 3, "metrics": {"accuracy": 0.6368862275449102, "0.0": {"precision": 0.48412698412698413, "recall": 0.37094594594594593, "f1": 0.4200459066564652, "support": 1480}, "1.0": {"precision": 0.6938507070042749, "recall": 0.7829313543599258, "f1": 0.7357043235704324, "support": 2695}, "macro_avg": {"precision": 0.5889888455656295, "recall": 0.5769386501529359, "f1": 0.5778751151134488, "support": 4175}, "macro_auc": 0.6249939828511257, "macro_aupoc": 0.7350566484925249, "doa": 0.651894130238778, "doa_know_support": 61, "doa_z_support": 847}}
{"id": 4, "metrics": {"accuracy": 0.6534246575342466, "0.0": {"precision": 0.4760302775441548, "recall": 0.3874058863791923, "f1": 0.4271698113207547, "support": 1461}, "1.0": {"precision": 0.7195236602945785, "recall": 0.7865707434052758, "f1": 0.7515548281505727, "support": 2919}, "macro_avg": {"precision": 0.5977769689193666, "recall": 0.586988314892234, "f1": 0.5893623197356637, "support": 4380}, "macro_auc": 0.6331018494092963, "macro_aupoc": 0.7585927117288509, "doa": 0.5776679075900986, "doa_know_support": 54, "doa_z_support": 719}}
{"id": 5, "metrics": {"accuracy": 0.6489082969432315, "0.0": {"precision": 0.4918872758326217, "recall": 0.36249213341724357, "f1": 0.41739130434782606, "support": 1589}, "1.0": {"precision": 0.7028454092109123, "recall": 0.8010698762955534, "f1": 0.7487500000000001, "support": 2991}, "macro_avg": {"precision": 0.597366342521767, "recall": 0.5817810048563985, "f1": 0.5830706521739131, "support": 4580}, "macro_auc": 0.640474075888248, "macro_aupoc": 0.7458052270005676, "doa": 0.6184415098141133, "doa_know_support": 61, "doa_z_support": 791}}
{"id": 6, "metrics": {"accuracy": 0.6409714889123548, "0.0": {"precision": 0.48392415498763397, "recall": 0.3534015653220951, "f1": 0.40848990953375086, "support": 1661}, "1.0": {"precision": 0.6950596252129472, "recall": 0.7963565387117761, "f1": 0.7422680412371134, "support": 3074}, "macro_avg": {"precision": 0.5894918901002906, "recall": 0.5748790520169356, "f1": 0.5753789753854321, "support": 4735}, "macro_auc": 0.6425078839949125, "macro_aupoc": 0.739607382416306, "doa": 0.619029956322809, "doa_know_support": 58, "doa_z_support": 744}}
{"id": 7, "metrics": {"accuracy": 0.6489956512735556, "0.0": {"precision": 0.49294605809128633, "recall": 0.3539928486293206, "f1": 0.4120707596253902, "support": 1678}, "1.0": {"precision": 0.7008830022075055, "recall": 0.806093303713107, "f1": 0.7498154981549815, "support": 3151}, "macro_avg": {"precision": 0.5969145301493959, "recall": 0.5800430761712138, "f1": 0.5809431288901858, "support": 4829}, "macro_auc": 0.651382216289435, "macro_aupoc": 0.7446615397534216, "doa": 0.6456625257910911, "doa_know_support": 64, "doa_z_support": 865}}
{"id": 8, "metrics": {"accuracy": 0.6538304808475958, "0.0": {"precision": 0.49548069022185703, "recall": 0.3572274881516588, "f1": 0.4151462994836489, "support": 1688}, "1.0": {"precision": 0.7060417231102682, "recall": 0.8093167701863354, "f1": 0.7541600347272465, "support": 3220}, "macro_avg": {"precision": 0.6007612066660626, "recall": 0.5832721291689971, "f1": 0.5846531671054477, "support": 4908}, "macro_auc": 0.664892849783639, "macro_aupoc": 0.7720921193851529, "doa": 0.6020398692371425, "doa_know_support": 65, "doa_z_support": 836}}
{"id": 9, "metrics": {"accuracy": 0.6558298213927353, "0.0": {"precision": 0.5004420866489832, "recall": 0.3298368298368298, "f1": 0.3976115208991921, "support": 1716}, "1.0": {"precision": 0.7014537902388369, "recall": 0.8270584634220998, "f1": 0.7590953785644049, "support": 3267}, "macro_avg": {"precision": 0.60094793844391, "recall": 0.5784476466294648, "f1": 0.5783534497317985, "support": 4983}, "macro_auc": 0.6621834827757692, "macro_aupoc": 0.760583950752221, "doa": 0.6424429072868869, "doa_know_support": 65, "doa_z_support": 828}}
{"id": 10, "metrics": {"accuracy": 0.6755351070214043, "0.0": {"precision": 0.562363238512035, "recall": 0.2960829493087558, "f1": 0.3879245283018868, "support": 1736}, "1.0": {"precision": 0.7008567931456549, "recall": 0.8774134232301563, "f1": 0.7792596624931953, "support": 3263}, "macro_avg": {"precision": 0.6316100158288449, "recall": 0.586748186269456, "f1": 0.5835920953975411, "support": 4999}, "macro_auc": 0.6610232236597743, "macro_aupoc": 0.7568265635855808, "doa": 0.6165693249714553, "doa_know_support": 70, "doa_z_support": 953}}
{"id": 11, "metrics": {"accuracy": 0.6609629924393156, "0.0": {"precision": 0.5238558909444986, "recall": 0.30690245293782087, "f1": 0.3870503597122303, "support": 1753}, "1.0": {"precision": 0.6961740435108777, "recall": 0.8505957836846929, "f1": 0.7656765676567657, "support": 3273}, "macro_avg": {"precision": 0.6100149672276882, "recall": 0.5787491183112569, "f1": 0.576363463684498, "support": 5026}, "macro_auc": 0.6586617956141356, "macro_aupoc": 0.7487179378209752, "doa": 0.7018133639870594, "doa_know_support": 64, "doa_z_support": 892}}
{"id": 12, "metrics": {"accuracy": 0.6715357283853138, "0.0": {"precision": 0.5220966084275437, "recall": 0.29759812536613944, "f1": 0.3791044776119403, "support": 1707}, "1.0": {"precision": 0.7070608355729294, "recall": 0.8615659422447157, "f1": 0.7767042404723565, "support": 3359}, "macro_avg": {"precision": 0.6145787220002366, "recall": 0.5795820338054276, "f1": 0.5779043590421484, "support": 5066}, "macro_auc": 0.6760940756177434, "macro_aupoc": 0.7762558977424716, "doa": 0.6287900195877743, "doa_know_support": 69, "doa_z_support": 811}}
{"id": 13, "metrics": {"accuracy": 0.6635330983157071, "0.0": {"precision": 0.5079681274900398, "recall": 0.29411764705882354, "f1": 0.3725346968590212, "support": 1734}, "1.0": {"precision": 0.7016089712335446, "recall": 0.8534994068801898, "f1": 0.7701364731067701, "support": 3372}, "macro_avg": {"precision": 0.6047885493617922, "recall": 0.5738085269695067, "f1": 0.5713355849828956, "support": 5106}, "macro_auc": 0.6564737453839955, "macro_aupoc": 0.7516320616531509, "doa": 0.6298427385696035, "doa_know_support": 58, "doa_z_support": 913}}
