{"id": 1, "metrics": {"theta": {"delta": 230559.96875, "delta_ave": 1.2070001363754272, "support": 1553}, "a": {"delta": 76.30966186523438, "delta_ave": 0.01887451484799385, "support": 4043}, "b": {"delta": 81.77765655517578, "delta_ave": 0.02022697404026985, "support": 4043}, "user": {"delta": 230559.96875, "delta_ave": 1.2070001363754272, "support": 1553}, "item": {"delta": 158.08731842041016, "delta_ave": 0.0188748492839959, "support": 4043}, "macro_ave": 0.6129374928297115, "micro_ave": 0.3486029713091912}}
{"id": 2, "metrics": {"theta": {"delta": 246752.75, "delta_ave": 1.0106397867202759, "support": 1985}, "a": {"delta": 105.18624877929688, "delta_ave": 0.01606387458741665, "support": 6548}, "b": {"delta": 103.56554412841797, "delta_ave": 0.01581636257469654, "support": 6548}, "user": {"delta": 246752.75, "delta_ave": 1.0106397867202759, "support": 1985}, "item": {"delta": 208.75179290771484, "delta_ave": 0.016063836793553048, "support": 6548}, "macro_ave": 0.5133518117569145, "micro_ave": 0.2474283346963475}}
{"id": 3, "metrics": {"theta": {"delta": 149459.703125, "delta_ave": 0.5538375377655029, "support": 2194}, "a": {"delta": 129.87335205078125, "delta_ave": 0.015591038390994072, "support": 8330}, "b": {"delta": 107.36386108398438, "delta_ave": 0.012888818979263306, "support": 8330}, "user": {"delta": 149459.703125, "delta_ave": 0.5538375377655029, "support": 2194}, "item": {"delta": 237.23721313476562, "delta_ave": 0.015590714033844662, "support": 8330}, "macro_ave": 0.2847141258996738, "micro_ave": 0.12780218602807292}}
{"id": 4, "metrics": {"theta": {"delta": 163207.25, "delta_ave": 0.5754068493843079, "support": 2306}, "a": {"delta": 218.18487548828125, "delta_ave": 0.02275603637099266, "support": 9588}, "b": {"delta": 169.59201049804688, "delta_ave": 0.017687944695353508, "support": 9588}, "user": {"delta": 163207.25, "delta_ave": 0.5754068493843079, "support": 2306}, "item": {"delta": 387.7768859863281, "delta_ave": 0.022755507839167063, "support": 9588}, "macro_ave": 0.29908117861173744, "micro_ave": 0.12990314476560852}}
{"id": 5, "metrics": {"theta": {"delta": 81059.4375, "delta_ave": 0.27713197469711304, "support": 2378}, "a": {"delta": 326.2037353515625, "delta_ave": 0.03089635632932186, "support": 10558}, "b": {"delta": 197.1173095703125, "delta_ave": 0.01866994798183441, "support": 10558}, "user": {"delta": 81059.4375, "delta_ave": 0.27713197469711304, "support": 2378}, "item": {"delta": 523.321044921875, "delta_ave": 0.03089519841585018, "support": 10558}, "macro_ave": 0.15401358655648162, "micro_ave": 0.07616043140880341}}
{"id": 6, "metrics": {"theta": {"delta": 28861.47265625, "delta_ave": 0.09696120768785477, "support": 2420}, "a": {"delta": 58.548744201660156, "delta_ave": 0.005142169538885355, "support": 11386}, "b": {"delta": 46.06008529663086, "delta_ave": 0.004045326262712479, "support": 11386}, "user": {"delta": 28861.47265625, "delta_ave": 0.09696120768785477, "support": 2420}, "item": {"delta": 104.60882949829102, "delta_ave": 0.005142073214719537, "support": 11386}, "macro_ave": 0.05105164045128715, "micro_ave": 0.021236691889570128}}
{"id": 7, "metrics": {"theta": {"delta": 30933.796875, "delta_ave": 0.10239995270967484, "support": 2456}, "a": {"delta": 86.00098419189453, "delta_ave": 0.007140566594898701, "support": 12044}, "b": {"delta": 48.90388107299805, "delta_ave": 0.0040604351088404655, "support": 12044}, "user": {"delta": 30933.796875, "delta_ave": 0.10239995270967484, "support": 2456}, "item": {"delta": 134.90486526489258, "delta_ave": 0.007140310876219908, "support": 12044}, "macro_ave": 0.054770131792947374, "micro_ave": 0.02327532331366579}}
{"id": 8, "metrics": {"theta": {"delta": 32632.232421875, "delta_ave": 0.10745350271463394, "support": 2469}, "a": {"delta": 70.57691955566406, "delta_ave": 0.005606237333267927, "support": 12589}, "b": {"delta": 55.65183639526367, "delta_ave": 0.004420671612024307, "support": 12589}, "user": {"delta": 32632.232421875, "delta_ave": 0.10745350271463394, "support": 2469}, "item": {"delta": 126.22875595092773, "delta_ave": 0.005606143166014453, "support": 12589}, "macro_ave": 0.0565298229403242, "micro_ave": 0.022305647132380604}}
{"id": 9, "metrics": {"theta": {"delta": 27404.578125, "delta_ave": 0.08994810283184052, "support": 2477}, "a": {"delta": 89.01611328125, "delta_ave": 0.006816457025706768, "support": 13059}, "b": {"delta": 55.24130630493164, "delta_ave": 0.004230132792145014, "support": 13059}, "user": {"delta": 27404.578125, "delta_ave": 0.08994810283184052, "support": 2477}, "item": {"delta": 144.25741958618164, "delta_ave": 0.006816258991691947, "support": 13059}, "macro_ave": 0.04838218091176623, "micro_ave": 0.020070479974702245}}
{"id": 10, "metrics": {"theta": {"delta": 30143.94140625, "delta_ave": 0.09877980500459671, "support": 2481}, "a": {"delta": 87.04828643798828, "delta_ave": 0.006465261802077293, "support": 13464}, "b": {"delta": 51.71733093261719, "delta_ave": 0.0038411563728004694, "support": 13464}, "user": {"delta": 30143.94140625, "delta_ave": 0.09877980500459671, "support": 2481}, "item": {"delta": 138.76561737060547, "delta_ave": 0.006465066918644001, "support": 13464}, "macro_ave": 0.052622435961620355, "micro_ave": 0.020828997002761196}}
{"id": 11, "metrics": {"theta": {"delta": 28381.458984375, "delta_ave": 0.09274259209632874, "support": 2488}, "a": {"delta": 50.29317092895508, "delta_ave": 0.003644168609753251, "support": 13801}, "b": {"delta": 51.14523696899414, "delta_ave": 0.003705908078700304, "support": 13801}, "user": {"delta": 28381.458984375, "delta_ave": 0.09274259209632874, "support": 2488}, "item": {"delta": 101.43840789794922, "delta_ave": 0.0036441730829795188, "support": 13801}, "macro_ave": 0.048193382589654124, "micro_ave": 0.017253164826193518}}
{"id": 12, "metrics": {"theta": {"delta": 30208.978515625, "delta_ave": 0.09863512217998505, "support": 2490}, "a": {"delta": 48.66277313232422, "delta_ave": 0.003446616232395172, "support": 14119}, "b": {"delta": 44.18678665161133, "delta_ave": 0.003129597520455718, "support": 14119}, "user": {"delta": 30208.978515625, "delta_ave": 0.09863512217998505, "support": 2490}, "item": {"delta": 92.84955978393555, "delta_ave": 0.0034465937806450347, "support": 14119}, "macro_ave": 0.05104085798031504, "micro_ave": 0.01771713599958396}}
{"id": 13, "metrics": {"theta": {"delta": 18356.07421875, "delta_ave": 0.05991022661328316, "support": 2491}, "a": {"delta": 51.5637092590332, "delta_ave": 0.0035768388770520687, "support": 14416}, "b": {"delta": 49.02763748168945, "delta_ave": 0.0034009183291345835, "support": 14416}, "user": {"delta": 18356.07421875, "delta_ave": 0.05991022661328316, "support": 2491}, "item": {"delta": 100.59134674072266, "delta_ave": 0.0035768266747528443, "support": 14416}, "macro_ave": 0.031743526644018, "micro_ave": 0.011876731994849787}}
