{"id": 1, "metrics": {"theta": {"delta": 530095.0625, "delta_ave": 0.33838504552841187, "support": 3152}, "a": {"delta": 211678.75, "delta_ave": 0.23414677381515503, "support": 1819}, "b": {"delta": 250430.328125, "delta_ave": 0.277011513710022, "support": 1819}, "user": {"delta": 530095.0625, "delta_ave": 0.33838504552841187, "support": 3152}, "item": {"delta": 462109.078125, "delta_ave": 0.2555791437625885, "support": 1819}, "macro_ave": 0.2969820946455002, "micro_ave": 0.30808451539120957}}
{"id": 2, "metrics": {"theta": {"delta": 346376.75, "delta_ave": 0.1475307196378708, "support": 4724}, "a": {"delta": 153314.546875, "delta_ave": 0.1526372879743576, "support": 2021}, "b": {"delta": 139898.828125, "delta_ave": 0.13928084075450897, "support": 2021}, "user": {"delta": 346376.75, "delta_ave": 0.1475307196378708, "support": 4724}, "item": {"delta": 293213.375, "delta_ave": 0.1459590643644333, "support": 2021}, "macro_ave": 0.14674489200115204, "micro_ave": 0.14705980558188603}}
{"id": 3, "metrics": {"theta": {"delta": 337573.21875, "delta_ave": 0.11785905808210373, "support": 5763}, "a": {"delta": 93622.1640625, "delta_ave": 0.08987336605787277, "support": 2096}, "b": {"delta": 102385.6171875, "delta_ave": 0.09828591346740723, "support": 2096}, "user": {"delta": 337573.21875, "delta_ave": 0.11785905808210373, "support": 5763}, "item": {"delta": 196007.78125, "delta_ave": 0.09407963976264, "support": 2096}, "macro_ave": 0.10596934892237186, "micro_ave": 0.1115170729952484}}
{"id": 4, "metrics": {"theta": {"delta": 310299.28125, "delta_ave": 0.0961269661784172, "support": 6495}, "a": {"delta": 125384.7578125, "delta_ave": 0.1184428259730339, "support": 2130}, "b": {"delta": 151467.34375, "delta_ave": 0.14308135211467743, "support": 2130}, "user": {"delta": 310299.28125, "delta_ave": 0.0961269661784172, "support": 6495}, "item": {"delta": 276852.1015625, "delta_ave": 0.13076208904385567, "support": 2130}, "macro_ave": 0.11344452761113644, "micro_ave": 0.10468033565127331}}
{"id": 5, "metrics": {"theta": {"delta": 254696.390625, "delta_ave": 0.07204661518335342, "support": 7113}, "a": {"delta": 126159.046875, "delta_ave": 0.11806564778089523, "support": 2150}, "b": {"delta": 129332.15625, "delta_ave": 0.12103519588708878, "support": 2150}, "user": {"delta": 254696.390625, "delta_ave": 0.07204661518335342, "support": 7113}, "item": {"delta": 255491.203125, "delta_ave": 0.119550421833992, "support": 2150}, "macro_ave": 0.09579851850867271, "micro_ave": 0.08307254461214247}}
{"id": 6, "metrics": {"theta": {"delta": 59579.640625, "delta_ave": 0.01592647098004818, "support": 7527}, "a": {"delta": 10034.22265625, "delta_ave": 0.009360029362142086, "support": 2157}, "b": {"delta": 15250.654296875, "delta_ave": 0.014225971885025501, "support": 2157}, "user": {"delta": 59579.640625, "delta_ave": 0.01592647098004818, "support": 7527}, "item": {"delta": 25284.876953125, "delta_ave": 0.011793000623583794, "support": 2157}, "macro_ave": 0.013859735801815987, "micro_ave": 0.015005787836833219}}
{"id": 7, "metrics": {"theta": {"delta": 83539.09375, "delta_ave": 0.02130376547574997, "support": 7890}, "a": {"delta": 10986.0322265625, "delta_ave": 0.010214737616479397, "support": 2164}, "b": {"delta": 14270.5634765625, "delta_ave": 0.013268672861158848, "support": 2164}, "user": {"delta": 83539.09375, "delta_ave": 0.02130376547574997, "support": 7890}, "item": {"delta": 25256.595703125, "delta_ave": 0.011741705238819122, "support": 2164}, "macro_ave": 0.016522735357284546, "micro_ave": 0.019245649466925786}}
{"id": 8, "metrics": {"theta": {"delta": 35082.90625, "delta_ave": 0.00865277647972107, "support": 8158}, "a": {"delta": 6514.12060546875, "delta_ave": 0.006034476216882467, "support": 2172}, "b": {"delta": 8859.0263671875, "delta_ave": 0.008206723257899284, "support": 2172}, "user": {"delta": 35082.90625, "delta_ave": 0.00865277647972107, "support": 8158}, "item": {"delta": 15373.14697265625, "delta_ave": 0.007120599737390876, "support": 2172}, "macro_ave": 0.007886688108555973, "micro_ave": 0.008330618891691913}}
{"id": 9, "metrics": {"theta": {"delta": 40741.94140625, "delta_ave": 0.009750890545547009, "support": 8407}, "a": {"delta": 10882.130859375, "delta_ave": 0.010053092613816261, "support": 2178}, "b": {"delta": 15196.6416015625, "delta_ave": 0.01403890922665596, "support": 2178}, "user": {"delta": 40741.94140625, "delta_ave": 0.009750890545547009, "support": 8407}, "item": {"delta": 26078.7724609375, "delta_ave": 0.01204600092023611, "support": 2178}, "macro_ave": 0.01089844573289156, "micro_ave": 0.010223139047774015}}
{"id": 10, "metrics": {"theta": {"delta": 38495.15234375, "delta_ave": 0.009012687020003796, "support": 8594}, "a": {"delta": 4912.3076171875, "delta_ave": 0.004527676850557327, "support": 2183}, "b": {"delta": 7624.36474609375, "delta_ave": 0.00702738156542182, "support": 2183}, "user": {"delta": 38495.15234375, "delta_ave": 0.009012687020003796, "support": 8594}, "item": {"delta": 12536.67236328125, "delta_ave": 0.0057775292079895735, "support": 2183}, "macro_ave": 0.0073951081139966846, "micro_ave": 0.008357370187524716}}
{"id": 11, "metrics": {"theta": {"delta": 24297.80078125, "delta_ave": 0.005582840647548437, "support": 8757}, "a": {"delta": 6553.49560546875, "delta_ave": 0.006021053995937109, "support": 2190}, "b": {"delta": 8807.3359375, "delta_ave": 0.008091779425740242, "support": 2190}, "user": {"delta": 24297.80078125, "delta_ave": 0.005582840647548437, "support": 8757}, "item": {"delta": 15360.83154296875, "delta_ave": 0.0070564167108386755, "support": 2190}, "macro_ave": 0.006319628679193556, "micro_ave": 0.005877636626228041}}
{"id": 12, "metrics": {"theta": {"delta": 0.0, "delta_ave": 0.0, "support": 8895}, "a": {"delta": 0.0, "delta_ave": 0.0, "support": 2192}, "b": {"delta": 0.0, "delta_ave": 0.0, "support": 2192}, "user": {"delta": 0.0, "delta_ave": 0.0, "support": 8895}, "item": {"delta": 0.0, "delta_ave": 0.0, "support": 2192}, "macro_ave": 0.0, "micro_ave": 0.0}}
{"id": 13, "metrics": {"theta": {"delta": 0.0, "delta_ave": 0.0, "support": 9016}, "a": {"delta": 0.0, "delta_ave": 0.0, "support": 2195}, "b": {"delta": 0.0, "delta_ave": 0.0, "support": 2195}, "user": {"delta": 0.0, "delta_ave": 0.0, "support": 9016}, "item": {"delta": 0.0, "delta_ave": 0.0, "support": 2195}, "macro_ave": 0.0, "micro_ave": 0.0}}
{"id": 14, "metrics": {"theta": {"delta": 0.0, "delta_ave": 0.0, "support": 9118}, "a": {"delta": 0.0, "delta_ave": 0.0, "support": 2197}, "b": {"delta": 0.0, "delta_ave": 0.0, "support": 2197}, "user": {"delta": 0.0, "delta_ave": 0.0, "support": 9118}, "item": {"delta": 0.0, "delta_ave": 0.0, "support": 2197}, "macro_ave": 0.0, "micro_ave": 0.0}}
{"id": 15, "metrics": {"theta": {"delta": 34709.9765625, "delta_ave": 0.007593670394271612, "support": 9197}, "a": {"delta": 5232.27294921875, "delta_ave": 0.0047918581403791904, "support": 2197}, "b": {"delta": 7197.19580078125, "delta_ave": 0.006591388024389744, "support": 2197}, "user": {"delta": 34709.9765625, "delta_ave": 0.007593670394271612, "support": 9197}, "item": {"delta": 12429.46875, "delta_ave": 0.005691623082384467, "support": 2197}, "macro_ave": 0.00664264673832804, "micro_ave": 0.007226916142541223}}
{"id": 16, "metrics": {"theta": {"delta": 0.0, "delta_ave": 0.0, "support": 9267}, "a": {"delta": 0.0, "delta_ave": 0.0, "support": 2198}, "b": {"delta": 0.0, "delta_ave": 0.0, "support": 2198}, "user": {"delta": 0.0, "delta_ave": 0.0, "support": 9267}, "item": {"delta": 0.0, "delta_ave": 0.0, "support": 2198}, "macro_ave": 0.0, "micro_ave": 0.0}}
{"id": 17, "metrics": {"theta": {"delta": 0.0, "delta_ave": 0.0, "support": 9351}, "a": {"delta": 0.0, "delta_ave": 0.0, "support": 2198}, "b": {"delta": 0.0, "delta_ave": 0.0, "support": 2198}, "user": {"delta": 0.0, "delta_ave": 0.0, "support": 9351}, "item": {"delta": 0.0, "delta_ave": 0.0, "support": 2198}, "macro_ave": 0.0, "micro_ave": 0.0}}
{"id": 18, "metrics": {"theta": {"delta": 0.0, "delta_ave": 0.0,