{"id": 0, "metrics": {"accuracy": 0.7434634331186055, "0.0": {"precision": 0.0, "recall": 0.0, "f1": 0.0, "support": 1354}, "1.0": {"precision": 0.7434634331186055, "recall": 1.0, "f1": 0.8528580743316669, "support": 3924}, "macro_avg": {"precision": 0.37173171655930276, "recall": 0.5, "f1": 0.42642903716583347, "support": 5278}, "macro_auc": 0.5, "macro_aupoc": 0.7434634331186055, "doa": 0.4821730506498575, "doa_know_support": 256, "doa_z_support": 6664}}
{"id": 1, "metrics": {"accuracy": 0.7637172516065249, "0.0": {"precision": 0.0, "recall": 0.0, "f1": 0.0, "support": 478}, "1.0": {"precision": 0.7637172516065249, "recall": 1.0, "f1": 0.8660313901345291, "support": 1545}, "macro_avg": {"precision": 0.38185862580326246, "recall": 0.5, "f1": 0.43301569506726456, "support": 2023}, "macro_auc": 0.7667160905065605, "macro_aupoc": 0.8953551047517028, "doa": 0.8225663223469186, "doa_know_support": 164, "doa_z_support": 1290}}
{"id": 2, "metrics": {"accuracy": 0.731948565776459, "0.0": {"precision": 0.0, "recall": 0.0, "f1": 0.0, "support": 271}, "1.0": {"precision": 0.731948565776459, "recall": 1.0, "f1": 0.845231296402056, "support": 740}, "macro_avg": {"precision": 0.3659742828882295, "recall": 0.5, "f1": 0.422615648201028, "support": 1011}, "macro_auc": 0.8377580532562083, "macro_aupoc": 0.9189540108927141, "doa": 0.857646733667142, "doa_know_support": 98, "doa_z_support": 494}}
{"id": 3, "metrics": {"accuracy": 0.7248062015503876, "0.0": {"precision": 0.0, "recall": 0.0, "f1": 0.0, "support": 142}, "1.0": {"precision": 0.7248062015503876, "recall": 1.0, "f1": 0.8404494382022472, "support": 374}, "macro_avg": {"precision": 0.3624031007751938, "recall": 0.5, "f1": 0.4202247191011236, "support": 516}, "macro_auc": 0.932505460570912, "macro_aupoc": 0.9722522520747204, "doa": 0.975609756097561, "doa_know_support": 41, "doa_z_support": 157}}
{"id": 4, "metrics": {"accuracy": 0.7750611246943765, "0.0": {"precision": 1.0, "recall": 0.041666666666666664, "f1": 0.07999999999999999, "support": 96}, "1.0": {"precision": 0.7728395061728395, "recall": 1.0, "f1": 0.8718662952646239, "support": 313}, "macro_avg": {"precision": 0.8864197530864197, "recall": 0.5208333333333334, "f1": 0.4759331476323119, "support": 409}, "macro_auc": 0.9273828541001065, "macro_aupoc": 0.9721555778202375, "doa": 0.9609375, "doa_know_support": 32, "doa_z_support": 108}}
{"id": 5, "metrics": {"doa": NaN, "doa_know_support": 0, "doa_z_support": 0}}
{"id": 6, "metrics": {"doa": NaN, "doa_know_support": 0, "doa_z_support": 0}}
{"id": 7, "metrics": {"doa": NaN, "doa_know_support": 0, "doa_z_support": 0}}
{"id": 8, "metrics": {"doa": NaN, "doa_know_support": 0, "doa_z_support": 0}}
{"id": 9, "metrics": {"doa": NaN, "doa_know_support": 0, "doa_z_support": 0}}
{"id": 10, "metrics": {"doa": NaN, "doa_know_support": 0, "doa_z_support": 0}}
{"id": 11, "metrics": {"doa": NaN, "doa_know_support": 0, "doa_z_support": 0}}
{"id": 12, "metrics": {"doa": NaN, "doa_know_support": 0, "doa_z_support": 0}}
{"id": 13, "metrics": {"doa": NaN, "doa_know_support": 0, "doa_z_support": 0}}
{"id": 14, "metrics": {"doa": NaN, "doa_know_support": 0, "doa_z_support": 0}}
{"id": 15, "metrics": {"doa": NaN, "doa_know_support": 0, "doa_z_support": 0}}
{"id": 16, "metrics": {"doa": NaN, "doa_know_support": 0, "doa_z_support": 0}}
{"id": 17, "metrics": {"doa": NaN, "doa_know_support": 0, "doa_z_support": 0}}
{"id": 18, "metrics": {"doa": NaN, "doa_know_support": 0, "doa_z_support": 0}}
{"id": 19, "metrics": {"doa": NaN, "doa_know_support": 0, "doa_z_support": 0}}
{"id": 20, "metrics": {"doa": NaN, "doa_know_support": 0, "doa_z_support": 0}}
{"id": 21, "metrics": {"doa": NaN, "doa_know_support": 0, "doa_z_support": 0}}
{"id": 22, "metrics": {"doa": NaN, "doa_know_support": 0, "doa_z_support": 0}}
{"id": 23, "metrics": {"doa": NaN, "doa_know_support": 0, "doa_z_support": 0}}
{"id": 24, "metrics": {"doa": NaN, "doa_know_support": 0, "doa_z_support": 0}}
{"id": 25, "metrics": {"doa": NaN, "doa_know_support": 0, "doa_z_support": 0}}
{"id": 26, "metrics": {"doa": NaN, "doa_know_support": 0, "doa_z_support": 0}}
{"id": 27, "metrics": {"doa": NaN, "doa_know_support": 0, "doa_z_support": 0}}
{"id": 28, "metrics": {"doa": NaN, "doa_know_support": 0, "doa_z_support": 0}}
{"id": 29, "metrics": {"accuracy": 0.8175445244410762, "0.0": {"precision": 0.7327136703695307, "recall": 0.47058823529411764, "f1": 0.5731004521677454, "support": 6868}, "1.0": {"precision": 0.834569361663406, "recall": 0.9396065976846635, "f1": 0.8839786993084504, "support": 19522}, "macro_avg": {"precision": 0.7836415160164684, "recall": 0.7050974164893906, "f1": 0.7285395757380979, "support": 26390}, "macro_auc": 0.8314539755544825, "macro_aupoc": 0.916924051989286, "doa": 0.7142438911589317, "doa_know_support": 345, "doa_z_support": 168526}}
{"id": 30, "metrics": {"doa": NaN, "doa_know_support": 0, "doa_z_support": 0}}
{"id": 31, "metrics": {"doa": NaN, "doa_know_support": 0, "doa_z_support": 0}}
{"id": 32, "metrics": {"doa": NaN, "doa_know_support": 0, "doa_z_support": 0}}
{"id": 33, "metrics": {"doa": NaN, "doa_know_support": 0, "doa_z_support": 0}}
{"id": 34, "metrics": {"accuracy": 0.8179234558544903, "0.0": {"precision": 0.7047845940043677, "recall": 0.5168899242865463, "f1": 0.5963880722385553, "support": 6868}, "1.0": {"precision": 0.8446119983140542, "recall": 0.9238295256633542, "f1": 0.8824464831804282, "support": 19522}, "macro_avg": {"precision": 0.7746982961592109, "recall": 0.7203597249749503, "f1": 0.7394172777094917, "support": 26390}, "macro_auc": 0.8307113841427471, "macro_aupoc": 0.9167703998056786, "doa": 0.6904868016657667, "doa_know_support": 345, "doa_z_support": 168527}}
{"id": 35, "metrics": {"doa": NaN, "doa_know_support": 0, "doa_z_support": 0}}
{"id": 36, "metrics": {"doa": NaN, "doa_know_support": 0, "doa_z_support": 0}}
{"id": 37, "metrics": {"doa": NaN, "doa_know_support": 0, "doa_z_support": 0}}
{"id": 38, "metrics": {"doa": NaN, "doa_know_support": 0, "doa_z_support": 0}}
{"id": 39, "metrics": {"doa": NaN, "doa_know_support": 0, "doa_z_support": 0}}
{"id": 40, "metrics": {"doa": NaN, "doa_know_support": 0, "doa_z_support": 0}}
{"id": 41, "metrics": {"doa": NaN, "doa_know_support": 0, "doa_z_support": 0}}
{"id": 42, "metrics": {"doa": NaN, "doa_know_support": 0, "doa_z_support": 0}}
{"id": 43, "metrics": {"doa": NaN, "doa_know_support": 0, "doa_z_support": 0}}
{"id": 44, "metrics": {"doa": NaN, "doa_know_support": 0, "doa_z_support": 0}}
{"id": 45, "metrics": {"doa": NaN, "doa_know_support": 0, "doa_z_support": 0}}
{"id": 46, "metrics": {"doa": NaN, "doa_know_support": 0, "doa_z_support": 0}}
{"id": 47, "metrics": {"accuracy": 0.8113300492610838, "0.0": {"precision": 0.7008292579204763, "recall": 0.47990681421083287, "f1": 0.5697001123498402, "support": 6868}, "1.0": {"precision": 0.8352930326923964, "recall": 0.9279274664481099, "f1": 0.8791768788371472, "support": 19522}, "macro_avg": {"precision": 0.7680611453064363, "recall": 0.7039171403294714, "f1": 0.7244384955934937, "support": 26390}, "macro_auc": 0.8260654004618357, "macro_aupoc": 0.91500043657494, "doa": 0.6762704528391714, "doa_know_support": 345, "doa_z_support": 168510}}
{"id": 48, "metrics": {"doa": NaN, "doa_know_support": 0, "doa_z_support": 0}}
