{"id": 0, "metrics": {"accuracy": 0.4662751042061387, "0.0": {"precision": 0.27401915353722583, "recall": 0.655096011816839, "f1": 0.3864081899368329, "support": 1354}, "1.0": {"precision": 0.7711905928466438, "recall": 0.4011213047910296, "f1": 0.5277451802179379, "support": 3924}, "macro_avg": {"precision": 0.5226048731919348, "recall": 0.5281086583039343, "f1": 0.4570766850773854, "support": 5278}, "macro_auc": 0.5437234712115121, "macro_aupoc": 0.776937116546755, "doa": 0.4992158317138874, "doa_know_support": 256, "doa_z_support": 6664}}
{"id": 1, "metrics": {"accuracy": 0.45081562036579337, "0.0": {"precision": 0.24700239808153476, "recall": 0.6464435146443515, "f1": 0.357432041642568, "support": 478}, "1.0": {"precision": 0.7810880829015544, "recall": 0.39029126213592236, "f1": 0.5205006473888649, "support": 1545}, "macro_avg": {"precision": 0.5140452404915445, "recall": 0.518367388390137, "f1": 0.4389663445157165, "support": 2023}, "macro_auc": 0.5254011455498233, "macro_aupoc": 0.7841952279990301, "doa": 0.5151316389432771, "doa_know_support": 164, "doa_z_support": 1290}}
{"id": 2, "metrics": {"accuracy": 0.4599406528189911, "0.0": {"precision": 0.2807017543859649, "recall": 0.6494464944649446, "f1": 0.39198218262806234, "support": 271}, "1.0": {"precision": 0.7526041666666666, "recall": 0.39054054054054055, "f1": 0.5142348754448399, "support": 740}, "macro_avg": {"precision": 0.5166529605263157, "recall": 0.5199935175027426, "f1": 0.45310852903645116, "support": 1011}, "macro_auc": 0.5746958212825372, "macro_aupoc": 0.8040883606600306, "doa": 0.5369076535493101, "doa_know_support": 98, "doa_z_support": 494}}
{"id": 3, "metrics": {"accuracy": 0.45155038759689925, "0.0": {"precision": 0.27899686520376177, "recall": 0.6267605633802817, "f1": 0.38611713665943603, "support": 142}, "1.0": {"precision": 0.7309644670050761, "recall": 0.3850267379679144, "f1": 0.5043782837127846, "support": 374}, "macro_avg": {"precision": 0.5049806661044189, "recall": 0.5058936506740981, "f1": 0.4452477101861103, "support": 516}, "macro_auc": 0.5583904496497702, "macro_aupoc": 0.7637156164402896, "doa": 0.5091039042258555, "doa_know_support": 41, "doa_z_support": 157}}
{"id": 4, "metrics": {"accuracy": 0.4963325183374083, "0.0": {"precision": 0.2708333333333333, "recall": 0.6770833333333334, "f1": 0.38690476190476186, "support": 96}, "1.0": {"precision": 0.8165680473372781, "recall": 0.44089456869009586, "f1": 0.5726141078838174, "support": 313}, "macro_avg": {"precision": 0.5437006903353057, "recall": 0.5589889510117146, "f1": 0.4797594348942896, "support": 409}, "macro_auc": 0.6225705537806178, "macro_aupoc": 0.8440751709622409, "doa": 0.5345619658119658, "doa_know_support": 32, "doa_z_support": 108}}
{"id": 5, "metrics": {"accuracy": 0.48148148148148145, "0.0": {"precision": 0.26851851851851855, "recall": 0.6041666666666666, "f1": 0.37179487179487186, "support": 48}, "1.0": {"precision": 0.7654320987654321, "recall": 0.4397163120567376, "f1": 0.5585585585585585, "support": 141}, "macro_avg": {"precision": 0.5169753086419753, "recall": 0.5219414893617021, "f1": 0.4651767151767152, "support": 189}, "macro_auc": 0.5794178486997636, "macro_aupoc": 0.7955099336998926, "doa": 0.29545454545454547, "doa_know_support": 11, "doa_z_support": 22}}
{"id": 6, "metrics": {"accuracy": 0.4647887323943662, "0.0": {"precision": 0.275, "recall": 0.55, "f1": 0.3666666666666667, "support": 40}, "1.0": {"precision": 0.7096774193548387, "recall": 0.43137254901960786, "f1": 0.5365853658536586, "support": 102}, "macro_avg": {"precision": 0.4923387096774194, "recall": 0.49068627450980395, "f1": 0.45162601626016263, "support": 142}, "macro_auc": 0.5786764705882353, "macro_aupoc": 0.7869602600798323, "doa": 0.5, "doa_know_support": 7, "doa_z_support": 17}}
{"id": 7, "metrics": {"accuracy": 0.5568181818181818, "0.0": {"precision": 0.3793103448275862, "recall": 0.88, "f1": 0.5301204819277108, "support": 25}, "1.0": {"precision": 0.9, "recall": 0.42857142857142855, "f1": 0.5806451612903225, "support": 63}, "macro_avg": {"precision": 0.6396551724137931, "recall": 0.6542857142857142, "f1": 0.5553828216090166, "support": 88}, "macro_auc": 0.6812698412698412, "macro_aupoc": 0.8727274713532045, "doa": 0.75, "doa_know_support": 11, "doa_z_support": 20}}
{"id": 8, "metrics": {"accuracy": 0.5285714285714286, "0.0": {"precision": 0.45454545454545453, "recall": 0.6896551724137931, "f1": 0.547945205479452, "support": 29}, "1.0": {"precision": 0.6538461538461539, "recall": 0.4146341463414634, "f1": 0.5074626865671641, "support": 41}, "macro_avg": {"precision": 0.5541958041958042, "recall": 0.5521446593776282, "f1": 0.5277039460233081, "support": 70}, "macro_auc": 0.6320437342304457, "macro_aupoc": 0.6988355568986822, "doa": 0.45454545454545453, "doa_know_support": 11, "doa_z_support": 12}}
{"id": 9, "metrics": {"accuracy": 0.4166666666666667, "0.0": {"precision": 0.36, "recall": 0.6428571428571429, "f1": 0.4615384615384615, "support": 14}, "1.0": {"precision": 0.5454545454545454, "recall": 0.2727272727272727, "f1": 0.3636363636363636, "support": 22}, "macro_avg": {"precision": 0.4527272727272727, "recall": 0.4577922077922078, "f1": 0.41258741258741255, "support": 36}, "macro_auc": 0.573051948051948, "macro_aupoc": 0.7119191053750532, "doa": 0.375, "doa_know_support": 4, "doa_z_support": 7}}
{"id": 10, "metrics": {"accuracy": 0.5714285714285714, "0.0": {"precision": 0.4358974358974359, "recall": 0.8947368421052632, "f1": 0.5862068965517242, "support": 19}, "1.0": {"precision": 0.8823529411764706, "recall": 0.40540540540540543, "f1": 0.5555555555555556, "support": 37}, "macro_avg": {"precision": 0.6591251885369532, "recall": 0.6500711237553343, "f1": 0.5708812260536399, "support": 56}, "macro_auc": 0.6977240398293031, "macro_aupoc": 0.8310069778311417, "doa": 0.699074074074074, "doa_know_support": 9, "doa_z_support": 56}}
{"id": 11, "metrics": {"accuracy": 0.5, "0.0": {"precision": 0.2777777777777778, "recall": 0.625, "f1": 0.3846153846153846, "support": 8}, "1.0": {"precision": 0.7857142857142857, "recall": 0.4583333333333333, "f1": 0.5789473684210527, "support": 24}, "macro_avg": {"precision": 0.5317460317460317, "recall": 0.5416666666666666, "f1": 0.4817813765182186, "support": 32}, "macro_auc": 0.6692708333333333, "macro_aupoc": 0.8756622735495242, "doa": 1.0, "doa_know_support": 1, "doa_z_support": 2}}
{"id": 12, "metrics": {"accuracy": 0.45454545454545453, "0.0": {"precision": 0.42857142857142855, "recall": 0.6, "f1": 0.5, "support": 10}, "1.0": {"precision": 0.5, "recall": 0.3333333333333333, "f1": 0.4, "support": 12}, "macro_avg": {"precision": 0.4642857142857143, "recall": 0.4666666666666667, "f1": 0.45, "support": 22}, "macro_auc": 0.6166666666666667, "macro_aupoc": 0.675514823154142, "doa": 1.0, "doa_know_support": 1, "doa_z_support": 1}}
{"id": 13, "metrics": {"accuracy": 0.5, "0.0": {"precision": 0.4166666666666667, "recall": 0.7142857142857143, "f1": 0.5263157894736842, "support": 7}, "1.0": {"precision": 0.6666666666666666, "recall": 0.36363636363636365, "f1": 0.4705882352941177, "support": 11}, "macro_avg": {"precision": 0.5416666666666666, "recall": 0.538961038961039, "f1": 0.4984520123839009, "support": 18}, "macro_auc": 0.7662337662337662, "macro_aupoc": 0.8310966810966811, "doa": NaN, "doa_know_support": 0, "doa_z_support": 0}}
{"id": 14, "metrics": {"accuracy": 0.4117647058823529, "0.0": {"precision": 0.2727272727272727, "recall": 0.6, "f1": 0.37499999999999994, "support": 5}, "1.0": {"precision": 0.6666666666666666, "recall": 0.3333333333333333, "f1": 0.4444444444444444, "support": 12}, "macro_avg": {"precision": 0.46969696969696967, "recall": 0.4666666666666667, "f1": 0.4097222222222222, "support": 17}, "macro_auc": 0.575, "macro_aupoc": 0.7635975135975136, "doa": 0.6666666666666666, "doa_know_support": 3, "doa_z_support": 3}}
{"id": 15, "metrics": {"accuracy": 0.5555555555555556, "0.0": {"precision": 0.5, "recall": 0.5, "f1": 0.5, "support": 8}, "1.0": {"precision": 0.6,