{"id": 0, "metrics": {"accuracy": 0.4379930577469233, "0.0": {"precision": 0.2676560900716479, "recall": 0.5990836197021764, "f1": 0.37000353731871244, "support": 873}, "1.0": {"precision": 0.7119341563786008, "recall": 0.37674216027874563, "f1": 0.4927371119339219, "support": 2296}, "macro_avg": {"precision": 0.48979512322512436, "recall": 0.487912889990461, "f1": 0.4313703246263172, "support": 3169}, "macro_auc": 0.5091401052081213, "macro_aupoc": 0.7292158430265167, "doa": 0.5375284926069075, "doa_know_support": 218, "doa_z_support": 2452}}
{"id": 1, "metrics": {"accuracy": 0.46263008514664145, "0.0": {"precision": 0.2773613193403298, "recall": 0.6826568265682657, "f1": 0.39445628997867804, "support": 271}, "1.0": {"precision": 0.7794871794871795, "recall": 0.38676844783715014, "f1": 0.5170068027210885, "support": 786}, "macro_avg": {"precision": 0.5284242494137547, "recall": 0.5347126372027079, "f1": 0.4557315463498832, "support": 1057}, "macro_auc": 0.5571392355144925, "macro_aupoc": 0.7831720055053818, "doa": 0.5619808409412369, "doa_know_support": 101, "doa_z_support": 284}}
{"id": 2, "metrics": {"accuracy": 0.4152892561983471, "0.0": {"precision": 0.19594594594594594, "recall": 0.5631067961165048, "f1": 0.2907268170426065, "support": 103}, "1.0": {"precision": 0.7606382978723404, "recall": 0.3753280839895013, "f1": 0.5026362038664323, "support": 381}, "macro_avg": {"precision": 0.47829212190914316, "recall": 0.46921744005300303, "f1": 0.3966815104545194, "support": 484}, "macro_auc": 0.5269984455826517, "macro_aupoc": 0.8073952867905885, "doa": 0.42948717948717946, "doa_know_support": 52, "doa_z_support": 83}}
{"id": 3, "metrics": {"accuracy": 0.4039408866995074, "0.0": {"precision": 0.18181818181818182, "recall": 0.6486486486486487, "f1": 0.2840236686390532, "support": 37}, "1.0": {"precision": 0.8169014084507042, "recall": 0.3493975903614458, "f1": 0.4894514767932489, "support": 166}, "macro_avg": {"precision": 0.49935979513444306, "recall": 0.49902311950504724, "f1": 0.38673757271615106, "support": 203}, "macro_auc": 0.5122924128948225, "macro_aupoc": 0.82306055569682, "doa": 0.6666666666666666, "doa_know_support": 13, "doa_z_support": 18}}
{"id": 4, "metrics": {"accuracy": 0.44360902255639095, "0.0": {"precision": 0.2345679012345679, "recall": 0.6129032258064516, "f1": 0.33928571428571425, "support": 31}, "1.0": {"precision": 0.7692307692307693, "recall": 0.39215686274509803, "f1": 0.5194805194805195, "support": 102}, "macro_avg": {"precision": 0.5018993352326686, "recall": 0.5025300442757749, "f1": 0.4293831168831169, "support": 133}, "macro_auc": 0.564674256799494, "macro_aupoc": 0.8244300364744399, "doa": 0.4166666666666667, "doa_know_support": 6, "doa_z_support": 7}}
{"id": 5, "metrics": {"accuracy": 0.484375, "0.0": {"precision": 0.3170731707317073, "recall": 0.7222222222222222, "f1": 0.44067796610169496, "support": 18}, "1.0": {"precision": 0.782608695652174, "recall": 0.391304347826087, "f1": 0.5217391304347826, "support": 46}, "macro_avg": {"precision": 0.5498409331919406, "recall": 0.5567632850241546, "f1": 0.4812085482682388, "support": 64}, "macro_auc": 0.5978260869565217, "macro_aupoc": 0.7630411522953346, "doa": 1.0, "doa_know_support": 1, "doa_z_support": 2}}
{"id": 6, "metrics": {"accuracy": 0.42592592592592593, "0.0": {"precision": 0.28205128205128205, "recall": 0.7857142857142857, "f1": 0.4150943396226415, "support": 14}, "1.0": {"precision": 0.8, "recall": 0.3, "f1": 0.4363636363636363, "support": 40}, "macro_avg": {"precision": 0.5410256410256411, "recall": 0.5428571428571428, "f1": 0.42572898799313885, "support": 54}, "macro_auc": 0.6446428571428572, "macro_aupoc": 0.8523601358277473, "doa": NaN, "doa_know_support": 0, "doa_z_support": 0}}
{"id": 7, "metrics": {"accuracy": 0.8, "0.0": {"precision": 0.6666666666666666, "recall": 0.6666666666666666, "f1": 0.6666666666666666, "support": 6}, "1.0": {"precision": 0.8571428571428571, "recall": 0.8571428571428571, "f1": 0.8571428571428571, "support": 14}, "macro_avg": {"precision": 0.7619047619047619, "recall": 0.7619047619047619, "f1": 0.7619047619047619, "support": 20}, "macro_auc": 0.8452380952380952, "macro_aupoc": 0.9400953213453213, "doa": NaN, "doa_know_support": 0, "doa_z_support": 0}}
{"id": 8, "metrics": {"accuracy": 0.6111111111111112, "0.0": {"precision": 0.5454545454545454, "recall": 0.75, "f1": 0.631578947368421, "support": 8}, "1.0": {"precision": 0.7142857142857143, "recall": 0.5, "f1": 0.588235294117647, "support": 10}, "macro_avg": {"precision": 0.6298701298701299, "recall": 0.625, "f1": 0.609907120743034, "support": 18}, "macro_auc": 0.8, "macro_aupoc": 0.7846142746142746, "doa": NaN, "doa_know_support": 0, "doa_z_support": 0}}
{"id": 9, "metrics": {"accuracy": 0.25, "0.0": {"precision": 0.14285714285714285, "recall": 1.0, "f1": 0.25, "support": 1}, "1.0": {"precision": 1.0, "recall": 0.14285714285714285, "f1": 0.25, "support": 7}, "macro_avg": {"precision": 0.5714285714285714, "recall": 0.5714285714285714, "f1": 0.25, "support": 8}, "macro_auc": 0.8571428571428571, "macro_aupoc": 0.982142857142857, "doa": NaN, "doa_know_support": 0, "doa_z_support": 0}}
{"id": 10, "metrics": {"doa": NaN, "doa_know_support": 0, "doa_z_support": 0}}
{"id": 11, "metrics": {"accuracy": 0.5555555555555556, "0.0": {"precision": 0.2, "recall": 1.0, "f1": 0.33333333333333337, "support": 1}, "1.0": {"precision": 1.0, "recall": 0.5, "f1": 0.6666666666666666, "support": 8}, "macro_avg": {"precision": 0.6, "recall": 0.75, "f1": 0.5, "support": 9}, "macro_auc": 0.875, "macro_aupoc": 0.9861111111111112, "doa": NaN, "doa_know_support": 0, "doa_z_support": 0}}
{"id": 12, "metrics": {"accuracy": 1.0, "0.0": {"precision": 1.0, "recall": 1.0, "f1": 1.0, "support": 2}, "1.0": {"precision": 1.0, "recall": 1.0, "f1": 1.0, "support": 2}, "macro_avg": {"precision": 1.0, "recall": 1.0, "f1": 1.0, "support": 4}, "macro_auc": 1.0, "macro_aupoc": 1.0, "doa": NaN, "doa_know_support": 0, "doa_z_support": 0}}
{"id": 13, "metrics": {"accuracy": 0.0, "0.0": {"precision": 0.0, "recall": 0.0, "f1": 0.0, "support": 1.0}, "1.0": {"precision": 0.0, "recall": 0.0, "f1": 0.0, "support": 3.0}, "macro_avg": {"precision": 0.0, "recall": 0.0, "f1": 0.0, "support": 4.0}, "macro_auc": 0.0, "macro_aupoc": 0.6388888888888888, "doa": NaN, "doa_know_support": 0, "doa_z_support": 0}}
{"id": 14, "metrics": {"doa": NaN, "doa_know_support": 0, "doa_z_support": 0}}
{"id": 15, "metrics": {"accuracy": 0.6666666666666666, "0.0": {"precision": 0.0, "recall": 0.0, "f1": 0.0, "support": 1}, "1.0": {"precision": 0.6666666666666666, "recall": 1.0, "f1": 0.8, "support": 2}, "macro_avg": {"precision": 0.3333333333333333, "recall": 0.5, "f1": 0.4, "support": 3}, "macro_auc": 0.5, "macro_aupoc": 0.8333333333333333, "doa": NaN, "doa_know_support": 0, "doa_z_support": 0}}
{"id": 17, "metrics": {"doa": NaN, "doa_know_support": 0, "doa_z_support": 0}}
{"id": 19, "metrics": {"doa": NaN, "doa_know_support": 0, "doa_z_support": 0}}
{"id": 22, "metrics": {"doa": NaN, "doa_know_support": 0, "doa_z_support": 0}}
{"id": 25, "metrics": {"accuracy": 1.0, "0.0": {"precision": 1.0, "recall": 1.0, "f1": 1.0, "support": 1}, "1.0": {"precision": 1.0, "recall": 1.0, "f1": 1.0, "support": 2}, "macro_avg": {"precision": 1.0, "recall": 1.0, "f1": 1.0, "support": 3}, "macro_auc": 1.0, "macro_aupoc": 1.0, "doa": NaN, "doa_know_support": 0, "doa_z_support": 0}}
{"id": 29, "metrics": {"accuracy": 0.4372868510799545, "0.0": {"precision": 0.2599938968568813, "recall": 0.6098783106657122, "f1": 0.36456996148908855, "support": 1397}, "1.0": {"precision": 0.7276361819090454, "recall": 0.37516104096882247, "f1": 0.49506970418225094, "support": 3881}, "macro_avg": {"precision": 0.49381503938296334, "recall": 0.4925196758172673, "f1": 0.4298198328356697, "support": 5278}, "macro_auc": 0.6176530965884307, "macro_aupoc": 0.8088178365744911, "doa": 0.5093747855822709, "doa_know_support": 269, "doa_z_support": 6590}}
{"id": 34, "metrics": {"accuracy": 0.4441076165214096,