{"id": 0, "metrics": {"accuracy": 0.4379930577469233, "0.0": {"precision": 0.2676560900716479, "recall": 0.5990836197021764, "f1": 0.37000353731871244, "support": 873}, "1.0": {"precision": 0.7119341563786008, "recall": 0.37674216027874563, "f1": 0.4927371119339219, "support": 2296}, "macro_avg": {"precision": 0.48979512322512436, "recall": 0.487912889990461, "f1": 0.4313703246263172, "support": 3169}, "macro_auc": 0.5091401052081213, "macro_aupoc": 0.7292158430265167, "doa": 0.5375284926069075, "doa_know_support": 218, "doa_z_support": 2452}}
{"id": 1, "metrics": {"accuracy": 0.4, "0.0": {"precision": 0.26666666666666666, "recall": 0.8, "f1": 0.4, "support": 5}, "1.0": {"precision": 0.8, "recall": 0.26666666666666666, "f1": 0.4, "support": 15}, "macro_avg": {"precision": 0.5333333333333333, "recall": 0.5333333333333333, "f1": 0.4, "support": 20}, "macro_auc": 0.36, "macro_aupoc": 0.7388788407441658, "doa": NaN, "doa_know_support": 0, "doa_z_support": 0}}
{"id": 2, "metrics": {"doa": NaN, "doa_know_support": 0, "doa_z_support": 0}}
{"id": 7, "metrics": {"accuracy": 0.8, "0.0": {"precision": 0.6666666666666666, "recall": 0.6666666666666666, "f1": 0.6666666666666666, "support": 6}, "1.0": {"precision": 0.8571428571428571, "recall": 0.8571428571428571, "f1": 0.8571428571428571, "support": 14}, "macro_avg": {"precision": 0.7619047619047619, "recall": 0.7619047619047619, "f1": 0.7619047619047619, "support": 20}, "macro_auc": 0.8452380952380952, "macro_aupoc": 0.9400953213453213, "doa": NaN, "doa_know_support": 0, "doa_z_support": 0}}
{"id": 8, "metrics": {"accuracy": 0.6111111111111112, "0.0": {"precision": 0.5454545454545454, "recall": 0.75, "f1": 0.631578947368421, "support": 8}, "1.0": {"precision": 0.7142857142857143, "recall": 0.5, "f1": 0.588235294117647, "support": 10}, "macro_avg": {"precision": 0.6298701298701299, "recall": 0.625, "f1": 0.609907120743034, "support": 18}, "macro_auc": 0.8, "macro_aupoc": 0.7846142746142746, "doa": NaN, "doa_know_support": 0, "doa_z_support": 0}}
{"id": 9, "metrics": {"accuracy": 0.25, "0.0": {"precision": 0.14285714285714285, "recall": 1.0, "f1": 0.25, "support": 1}, "1.0": {"precision": 1.0, "recall": 0.14285714285714285, "f1": 0.25, "support": 7}, "macro_avg": {"precision": 0.5714285714285714, "recall": 0.5714285714285714, "f1": 0.25, "support": 8}, "macro_auc": 0.8571428571428571, "macro_aupoc": 0.982142857142857, "doa": NaN, "doa_know_support": 0, "doa_z_support": 0}}
{"id": 10, "metrics": {"doa": NaN, "doa_know_support": 0, "doa_z_support": 0}}
{"id": 11, "metrics": {"accuracy": 0.5555555555555556, "0.0": {"precision": 0.2, "recall": 1.0, "f1": 0.33333333333333337, "support": 1}, "1.0": {"precision": 1.0, "recall": 0.5, "f1": 0.6666666666666666, "support": 8}, "macro_avg": {"precision": 0.6, "recall": 0.75, "f1": 0.5, "support": 9}, "macro_auc": 0.875, "macro_aupoc": 0.9861111111111112, "doa": NaN, "doa_know_support": 0, "doa_z_support": 0}}
{"id": 12, "metrics": {"accuracy": 1.0, "0.0": {"precision": 1.0, "recall": 1.0, "f1": 1.0, "support": 2}, "1.0": {"precision": 1.0, "recall": 1.0, "f1": 1.0, "support": 2}, "macro_avg": {"precision": 1.0, "recall": 1.0, "f1": 1.0, "support": 4}, "macro_auc": 1.0, "macro_aupoc": 1.0, "doa": NaN, "doa_know_support": 0, "doa_z_support": 0}}
{"id": 13, "metrics": {"accuracy": 0.0, "0.0": {"precision": 0.0, "recall": 0.0, "f1": 0.0, "support": 1.0}, "1.0": {"precision": 0.0, "recall": 0.0, "f1": 0.0, "support": 3.0}, "macro_avg": {"precision": 0.0, "recall": 0.0, "f1": 0.0, "support": 4.0}, "macro_auc": 0.0, "macro_aupoc": 0.6388888888888888, "doa": NaN, "doa_know_support": 0, "doa_z_support": 0}}
{"id": 14, "metrics": {"doa": NaN, "doa_know_support": 0, "doa_z_support": 0}}
{"id": 15, "metrics": {"accuracy": 0.6666666666666666, "0.0": {"precision": 0.0, "recall": 0.0, "f1": 0.0, "support": 1}, "1.0": {"precision": 0.6666666666666666, "recall": 1.0, "f1": 0.8, "support": 2}, "macro_avg": {"precision": 0.3333333333333333, "recall": 0.5, "f1": 0.4, "support": 3}, "macro_auc": 0.5, "macro_aupoc": 0.8333333333333333, "doa": NaN, "doa_know_support": 0, "doa_z_support": 0}}
{"id": 17, "metrics": {"doa": NaN, "doa_know_support": 0, "doa_z_support": 0}}
{"id": 19, "metrics": {"doa": NaN, "doa_know_support": 0, "doa_z_support": 0}}
{"id": 22, "metrics": {"doa": NaN, "doa_know_support": 0, "doa_z_support": 0}}
{"id": 25, "metrics": {"accuracy": 1.0, "0.0": {"precision": 1.0, "recall": 1.0, "f1": 1.0, "support": 1}, "1.0": {"precision": 1.0, "recall": 1.0, "f1": 1.0, "support": 2}, "macro_avg": {"precision": 1.0, "recall": 1.0, "f1": 1.0, "support": 3}, "macro_auc": 1.0, "macro_aupoc": 1.0, "doa": NaN, "doa_know_support": 0, "doa_z_support": 0}}
{"id": 29, "metrics": {"accuracy": 0.4372868510799545, "0.0": {"precision": 0.2599938968568813, "recall": 0.6098783106657122, "f1": 0.36456996148908855, "support": 1397}, "1.0": {"precision": 0.7276361819090454, "recall": 0.37516104096882247, "f1": 0.49506970418225094, "support": 3881}, "macro_avg": {"precision": 0.49381503938296334, "recall": 0.4925196758172673, "f1": 0.4298198328356697, "support": 5278}, "macro_auc": 0.6176530965884307, "macro_aupoc": 0.8088178365744911, "doa": 0.5093747855822709, "doa_know_support": 269, "doa_z_support": 6590}}
{"id": 34, "metrics": {"accuracy": 0.4441076165214096, "0.0": {"precision": 0.26356350184956845, "recall": 0.6107142857142858, "f1": 0.3682170542635659, "support": 1400}, "1.0": {"precision": 0.732055063913471, "recall": 0.38396080453842185, "f1": 0.5037212449255751, "support": 3878}, "macro_avg": {"precision": 0.4978092828815197, "recall": 0.4973375451263538, "f1": 0.4359691495945705, "support": 5278}, "macro_auc": 0.6289918404184779, "macro_aupoc": 0.820125621744687, "doa": 0.5083109267658534, "doa_know_support": 268, "doa_z_support": 6644}}
{"id": 47, "metrics": {"accuracy": 0.44922319060250093, "0.0": {"precision": 0.2636138613861386, "recall": 0.6178390137781, "f1": 0.36955107351984384, "support": 1379}, "1.0": {"precision": 0.7424242424242424, "recall": 0.3895870736086176, "f1": 0.511017661900757, "support": 3899}, "macro_avg": {"precision": 0.5030190519051905, "recall": 0.5037130436933588, "f1": 0.44028436771030044, "support": 5278}, "macro_auc": 0.6484009492030552, "macro_aupoc": 0.828691435514675, "doa": 0.4736517891471163, "doa_know_support": 281, "doa_z_support": 6529}}
