{"id": 0, "metrics": {"accuracy": 0.7434634331186055, "0.0": {"precision": 0.0, "recall": 0.0, "f1": 0.0, "support": 1354}, "1.0": {"precision": 0.7434634331186055, "recall": 1.0, "f1": 0.8528580743316669, "support": 3924}, "macro_avg": {"precision": 0.37173171655930276, "recall": 0.5, "f1": 0.42642903716583347, "support": 5278}, "macro_auc": 0.5804449044398972, "macro_aupoc": 0.7999796309097911, "doa": 0.5077506361482339, "doa_know_support": 256, "doa_z_support": 6664}}
{"id": 1, "metrics": {"accuracy": 0.7637172516065249, "0.0": {"precision": 0.0, "recall": 0.0, "f1": 0.0, "support": 478}, "1.0": {"precision": 0.7637172516065249, "recall": 1.0, "f1": 0.8660313901345291, "support": 1545}, "macro_avg": {"precision": 0.38185862580326246, "recall": 0.5, "f1": 0.43301569506726456, "support": 2023}, "macro_auc": 0.6149964116938159, "macro_aupoc": 0.8291924896620287, "doa": 0.4987134124709556, "doa_know_support": 164, "doa_z_support": 1290}}
{"id": 2, "metrics": {"accuracy": 0.731948565776459, "0.0": {"precision": 0.0, "recall": 0.0, "f1": 0.0, "support": 271}, "1.0": {"precision": 0.731948565776459, "recall": 1.0, "f1": 0.845231296402056, "support": 740}, "macro_avg": {"precision": 0.3659742828882295, "recall": 0.5, "f1": 0.422615648201028, "support": 1011}, "macro_auc": 0.6329759648947841, "macro_aupoc": 0.8089185892695623, "doa": 0.5329889107275061, "doa_know_support": 98, "doa_z_support": 494}}
{"id": 3, "metrics": {"accuracy": 0.7248062015503876, "0.0": {"precision": 0.0, "recall": 0.0, "f1": 0.0, "support": 142}, "1.0": {"precision": 0.7248062015503876, "recall": 1.0, "f1": 0.8404494382022472, "support": 374}, "macro_avg": {"precision": 0.3624031007751938, "recall": 0.5, "f1": 0.4202247191011236, "support": 516}, "macro_auc": 0.726029976651352, "macro_aupoc": 0.8640643957901111, "doa": 0.5061735012954526, "doa_know_support": 41, "doa_z_support": 157}}
{"id": 4, "metrics": {"accuracy": 0.7652811735941321, "0.0": {"precision": 0.0, "recall": 0.0, "f1": 0.0, "support": 96}, "1.0": {"precision": 0.7652811735941321, "recall": 1.0, "f1": 0.8670360110803325, "support": 313}, "macro_avg": {"precision": 0.38264058679706603, "recall": 0.5, "f1": 0.43351800554016623, "support": 409}, "macro_auc": 0.6608426517571885, "macro_aupoc": 0.857841488632784, "doa": 0.5232772435897435, "doa_know_support": 32, "doa_z_support": 108}}
{"id": 5, "metrics": {"accuracy": 0.746031746031746, "0.0": {"precision": 0.0, "recall": 0.0, "f1": 0.0, "support": 48}, "1.0": {"precision": 0.746031746031746, "recall": 1.0, "f1": 0.8545454545454546, "support": 141}, "macro_avg": {"precision": 0.373015873015873, "recall": 0.5, "f1": 0.4272727272727273, "support": 189}, "macro_auc": 0.7300531914893618, "macro_aupoc": 0.8719597713524965, "doa": 0.5348484848484848, "doa_know_support": 11, "doa_z_support": 22}}
{"id": 6, "metrics": {"accuracy": 0.7605633802816901, "0.0": {"precision": 0.875, "recall": 0.175, "f1": 0.29166666666666663, "support": 40}, "1.0": {"precision": 0.753731343283582, "recall": 0.9901960784313726, "f1": 0.8559322033898303, "support": 102}, "macro_avg": {"precision": 0.8143656716417911, "recall": 0.5825980392156863, "f1": 0.5737994350282485, "support": 142}, "macro_auc": 0.7791666666666667, "macro_aupoc": 0.8806282105605212, "doa": 0.5, "doa_know_support": 7, "doa_z_support": 17}}
{"id": 7, "metrics": {"accuracy": 0.7159090909090909, "0.0": {"precision": 0.5, "recall": 0.04, "f1": 0.07407407407407407, "support": 25}, "1.0": {"precision": 0.7209302325581395, "recall": 0.9841269841269841, "f1": 0.832214765100671, "support": 63}, "macro_avg": {"precision": 0.6104651162790697, "recall": 0.512063492063492, "f1": 0.45314441958737256, "support": 88}, "macro_auc": 0.7168253968253967, "macro_aupoc": 0.8710175206614041, "doa": 0.4090909090909091, "doa_know_support": 11, "doa_z_support": 20}}
{"id": 8, "metrics": {"accuracy": 0.7, "0.0": {"precision": 0.8333333333333334, "recall": 0.3448275862068966, "f1": 0.4878048780487806, "support": 29}, "1.0": {"precision": 0.6724137931034483, "recall": 0.9512195121951219, "f1": 0.7878787878787878, "support": 41}, "macro_avg": {"precision": 0.7528735632183908, "recall": 0.6480235492010092, "f1": 0.6378418329637843, "support": 70}, "macro_auc": 0.7384356602186711, "macro_aupoc": 0.7726900531822827, "doa": 0.2727272727272727, "doa_know_support": 11, "doa_z_support": 12}}
{"id": 9, "metrics": {"accuracy": 0.75, "0.0": {"precision": 0.7272727272727273, "recall": 0.5714285714285714, "f1": 0.64, "support": 14}, "1.0": {"precision": 0.76, "recall": 0.8636363636363636, "f1": 0.8085106382978724, "support": 22}, "macro_avg": {"precision": 0.7436363636363637, "recall": 0.7175324675324675, "f1": 0.7242553191489363, "support": 36}, "macro_auc": 0.8701298701298702, "macro_aupoc": 0.9224497419895675, "doa": 0.6875, "doa_know_support": 4, "doa_z_support": 7}}
{"id": 10, "metrics": {"accuracy": 0.7678571428571429, "0.0": {"precision": 0.65, "recall": 0.6842105263157895, "f1": 0.6666666666666667, "support": 19}, "1.0": {"precision": 0.8333333333333334, "recall": 0.8108108108108109, "f1": 0.8219178082191781, "support": 37}, "macro_avg": {"precision": 0.7416666666666667, "recall": 0.7475106685633002, "f1": 0.7442922374429224, "support": 56}, "macro_auc": 0.8449502133712661, "macro_aupoc": 0.8995160052351534, "doa": 0.8032407407407407, "doa_know_support": 9, "doa_z_support": 56}}
{"id": 11, "metrics": {"accuracy": 0.78125, "0.0": {"precision": 0.5714285714285714, "recall": 0.5, "f1": 0.5333333333333333, "support": 8}, "1.0": {"precision": 0.84, "recall": 0.875, "f1": 0.8571428571428572, "support": 24}, "macro_avg": {"precision": 0.7057142857142857, "recall": 0.6875, "f1": 0.6952380952380952, "support": 32}, "macro_auc": 0.859375, "macro_aupoc": 0.9533148394361628, "doa": 0.5, "doa_know_support": 1, "doa_z_support": 2}}
{"id": 12, "metrics": {"accuracy": 0.5909090909090909, "0.0": {"precision": 0.5714285714285714, "recall": 0.4, "f1": 0.47058823529411764, "support": 10}, "1.0": {"precision": 0.6, "recall": 0.75, "f1": 0.6666666666666665, "support": 12}, "macro_avg": {"precision": 0.5857142857142856, "recall": 0.575, "f1": 0.5686274509803921, "support": 22}, "macro_auc": 0.5583333333333333, "macro_aupoc": 0.6545525008760303, "doa": 0.0, "doa_know_support": 1, "doa_z_support": 1}}
{"id": 13, "metrics": {"accuracy": 0.6666666666666666, "0.0": {"precision": 1.0, "recall": 0.14285714285714285, "f1": 0.25, "support": 7}, "1.0": {"precision": 0.6470588235294118, "recall": 1.0, "f1": 0.7857142857142858, "support": 11}, "macro_avg": {"precision": 0.8235294117647058, "recall": 0.5714285714285714, "f1": 0.5178571428571429, "support": 18}, "macro_auc": 0.8961038961038961, "macro_aupoc": 0.93481240981241, "doa": NaN, "doa_know_support": 0, "doa_z_support": 0}}
{"id": 14, "metrics": {"accuracy": 0.6470588235294118, "0.0": {"precision": 0.4, "recall": 0.4, "f1": 0.4000000000000001, "support": 5}, "1.0": {"precision": 0.75, "recall": 0.75, "f1": 0.75, "support": 12}, "macro_avg": {"precision": 0.575, "recall": 0.575, "f1": 0.5750000000000001, "support": 17}, "macro_auc": 0.75, "macro_aupoc": 0.9150662450294803, "doa": 0.3333333333333333, "doa_know_support": 3, "doa_z_support": 3}}
{"id": 15, "metrics": {"accuracy": 0.7222222222222222, "0.0": {"precision": 0.7142857142857143, "recall": 0.625, "f1": 0.6666666666666666, "support": 8}, "1.0": {"precision": 0.7272727272727273, "recall": 0.8, "f1": 0.761904761904762, "support": 10}, "macro_avg": {"precision": 0.7207792207792207, "recall": 0.7125, "f1": 0.7142857142857143, "support": 18}, "macro_auc": 0.7, "macro_aupoc": 0.7925685425685425, "doa": 0.7625, "doa_know_support": 5, "doa_z_support": 50}}
{"id": 16, "metrics": {"accuracy": 0.8333333333333334, "0.0": {"precision": 1.0, "recall": 0.5, "f1": 0.6666666666666666, "support": 2}, "1.0": {"precision": 0.8, "recall": 1.0, "f1": 0.888888888888889, "support": 4}, "macro_avg": {"precision": 0.9, "recall": 0.75, "f1": 0.7777777777777778, "support": 6}, "macro_auc": 0.5,