{"id": 0, "metrics": {"accuracy": 0.7245187756390028, "0.0": {"precision": 0.0, "recall": 0.0, "f1": 0.0, "support": 873}, "1.0": {"precision": 0.7245187756390028, "recall": 1.0, "f1": 0.840256175663312, "support": 2296}, "macro_avg": {"precision": 0.3622593878195014, "recall": 0.5, "f1": 0.420128087831656, "support": 3169}, "macro_auc": 0.559782489393377, "macro_aupoc": 0.7651824518656942, "doa": 0.5083600278918055, "doa_know_support": 218, "doa_z_support": 2452}}
{"id": 1, "metrics": {"accuracy": 0.75, "0.0": {"precision": 0.0, "recall": 0.0, "f1": 0.0, "support": 5}, "1.0": {"precision": 0.75, "recall": 1.0, "f1": 0.8571428571428571, "support": 15}, "macro_avg": {"precision": 0.375, "recall": 0.5, "f1": 0.42857142857142855, "support": 20}, "macro_auc": 0.6533333333333333, "macro_aupoc": 0.84375449713685, "doa": NaN, "doa_know_support": 0, "doa_z_support": 0}}
{"id": 2, "metrics": {"doa": NaN, "doa_know_support": 0, "doa_z_support": 0}}
{"id": 7, "metrics": {"accuracy": 0.7, "0.0": {"precision": 0.0, "recall": 0.0, "f1": 0.0, "support": 6}, "1.0": {"precision": 0.7, "recall": 1.0, "f1": 0.8235294117647058, "support": 14}, "macro_avg": {"precision": 0.35, "recall": 0.5, "f1": 0.4117647058823529, "support": 20}, "macro_auc": 0.8214285714285714, "macro_aupoc": 0.9274492372706657, "doa": NaN, "doa_know_support": 0, "doa_z_support": 0}}
{"id": 8, "metrics": {"accuracy": 0.5555555555555556, "0.0": {"precision": 0.0, "recall": 0.0, "f1": 0.0, "support": 8}, "1.0": {"precision": 0.5555555555555556, "recall": 1.0, "f1": 0.7142857142857143, "support": 10}, "macro_avg": {"precision": 0.2777777777777778, "recall": 0.5, "f1": 0.35714285714285715, "support": 18}, "macro_auc": 0.5625, "macro_aupoc": 0.708125763125763, "doa": NaN, "doa_know_support": 0, "doa_z_support": 0}}
{"id": 9, "metrics": {"accuracy": 1.0, "0.0": {"precision": 1.0, "recall": 1.0, "f1": 1.0, "support": 1}, "1.0": {"precision": 1.0, "recall": 1.0, "f1": 1.0, "support": 7}, "macro_avg": {"precision": 1.0, "recall": 1.0, "f1": 1.0, "support": 8}, "macro_auc": 1.0, "macro_aupoc": 0.9999999999999998, "doa": NaN, "doa_know_support": 0, "doa_z_support": 0}}
{"id": 10, "metrics": {"doa": NaN, "doa_know_support": 0, "doa_z_support": 0}}
{"id": 11, "metrics": {"accuracy": 1.0, "0.0": {"precision": 1.0, "recall": 1.0, "f1": 1.0, "support": 1}, "1.0": {"precision": 1.0, "recall": 1.0, "f1": 1.0, "support": 8}, "macro_avg": {"precision": 1.0, "recall": 1.0, "f1": 1.0, "support": 9}, "macro_auc": 1.0, "macro_aupoc": 1.0, "doa": NaN, "doa_know_support": 0, "doa_z_support": 0}}
{"id": 12, "metrics": {"accuracy": 1.0, "0.0": {"precision": 1.0, "recall": 1.0, "f1": 1.0, "support": 2}, "1.0": {"precision": 1.0, "recall": 1.0, "f1": 1.0, "support": 2}, "macro_avg": {"precision": 1.0, "recall": 1.0, "f1": 1.0, "support": 4}, "macro_auc": 1.0, "macro_aupoc": 1.0, "doa": NaN, "doa_know_support": 0, "doa_z_support": 0}}
{"id": 13, "metrics": {"accuracy": 0.25, "0.0": {"precision": 0.0, "recall": 0.0, "f1": 0.0, "support": 1}, "1.0": {"precision": 0.5, "recall": 0.3333333333333333, "f1": 0.4, "support": 3}, "macro_avg": {"precision": 0.25, "recall": 0.16666666666666666, "f1": 0.2, "support": 4}, "macro_auc": 0.3333333333333333, "macro_aupoc": 0.8055555555555556, "doa": NaN, "doa_know_support": 0, "doa_z_support": 0}}
{"id": 14, "metrics": {"doa": NaN, "doa_know_support": 0, "doa_z_support": 0}}
{"id": 15, "metrics": {"accuracy": 0.6666666666666666, "0.0": {"precision": 0.0, "recall": 0.0, "f1": 0.0, "support": 1}, "1.0": {"precision": 0.6666666666666666, "recall": 1.0, "f1": 0.8, "support": 2}, "macro_avg": {"precision": 0.3333333333333333, "recall": 0.5, "f1": 0.4, "support": 3}, "macro_auc": 0.5, "macro_aupoc": 0.8333333333333333, "doa": NaN, "doa_know_support": 0, "doa_z_support": 0}}
{"id": 17, "metrics": {"doa": NaN, "doa_know_support": 0, "doa_z_support": 0}}
{"id": 19, "metrics": {"doa": NaN, "doa_know_support": 0, "doa_z_support": 0}}
{"id": 22, "metrics": {"doa": NaN, "doa_know_support": 0, "doa_z_support": 0}}
{"id": 25, "metrics": {"accuracy": 0.6666666666666666, "0.0": {"precision": 0.0, "recall": 0.0, "f1": 0.0, "support": 1}, "1.0": {"precision": 0.6666666666666666, "recall": 1.0, "f1": 0.8, "support": 2}, "macro_avg": {"precision": 0.3333333333333333, "recall": 0.5, "f1": 0.4, "support": 3}, "macro_auc": 0.0, "macro_aupoc": 0.5833333333333333, "doa": NaN, "doa_know_support": 0, "doa_z_support": 0}}
{"id": 29, "metrics": {"accuracy": 0.7718832891246684, "0.0": {"precision": 0.6421207658321061, "recall": 0.31209735146743023, "f1": 0.4200385356454721, "support": 1397}, "1.0": {"precision": 0.7910415307675581, "recall": 0.9373872713218243, "f1": 0.8580188679245282, "support": 3881}, "macro_avg": {"precision": 0.7165811482998321, "recall": 0.6247423113946273, "f1": 0.6390287017850002, "support": 5278}, "macro_auc": 0.7637081484839693, "macro_aupoc": 0.895361588639842, "doa": 0.5183325828853078, "doa_know_support": 269, "doa_z_support": 6590}}
{"id": 34, "metrics": {"accuracy": 0.7696097006441834, "0.0": {"precision": 0.616751269035533, "recall": 0.34714285714285714, "f1": 0.44424131627056673, "support": 1400}, "1.0": {"precision": 0.7964365256124721, "recall": 0.9221248066013409, "f1": 0.8546845124282982, "support": 3878}, "macro_avg": {"precision": 0.7065938973240026, "recall": 0.634633831872099, "f1": 0.6494629143494325, "support": 5278}, "macro_auc": 0.7617882929345023, "macro_aupoc": 0.8904176867181751, "doa": 0.5394286649905676, "doa_know_support": 268, "doa_z_support": 6644}}
{"id": 47, "metrics": {"accuracy": 0.7701780977643047, "0.0": {"precision": 0.7441176470588236, "recall": 0.18346627991298042, "f1": 0.29435718440954045, "support": 1379}, "1.0": {"precision": 0.7719724584852167, "recall": 0.9776865863041806, "f1": 0.8627362227000113, "support": 3899}, "macro_avg": {"precision": 0.7580450527720202, "recall": 0.5805764331085805, "f1": 0.5785467035547759, "support": 5278}, "macro_auc": 0.7685895362619709, "macro_aupoc": 0.8982106854514017, "doa": 0.5476771413599131, "doa_know_support": 281, "doa_z_support": 6529}}
