{"id": 0, "metrics": {"accuracy": 0.7245187756390028, "0.0": {"precision": 0.0, "recall": 0.0, "f1": 0.0, "support": 873}, "1.0": {"precision": 0.7245187756390028, "recall": 1.0, "f1": 0.840256175663312, "support": 2296}, "macro_avg": {"precision": 0.3622593878195014, "recall": 0.5, "f1": 0.420128087831656, "support": 3169}, "macro_auc": 0.559782489393377, "macro_aupoc": 0.7651824518656942, "doa": 0.5083600278918055, "doa_know_support": 218, "doa_z_support": 2452}}
{"id": 1, "metrics": {"accuracy": 0.7436140018921475, "0.0": {"precision": 0.0, "recall": 0.0, "f1": 0.0, "support": 271}, "1.0": {"precision": 0.7436140018921475, "recall": 1.0, "f1": 0.8529571351058057, "support": 786}, "macro_avg": {"precision": 0.3718070009460738, "recall": 0.5, "f1": 0.42647856755290287, "support": 1057}, "macro_auc": 0.5926570143564031, "macro_aupoc": 0.8006049551152377, "doa": 0.5038928892889288, "doa_know_support": 101, "doa_z_support": 284}}
{"id": 2, "metrics": {"accuracy": 0.7871900826446281, "0.0": {"precision": 0.0, "recall": 0.0, "f1": 0.0, "support": 103}, "1.0": {"precision": 0.7871900826446281, "recall": 1.0, "f1": 0.8809248554913295, "support": 381}, "macro_avg": {"precision": 0.39359504132231404, "recall": 0.5, "f1": 0.44046242774566474, "support": 484}, "macro_auc": 0.6439619804805953, "macro_aupoc": 0.8576074444097652, "doa": 0.5256410256410257, "doa_know_support": 52, "doa_z_support": 83}}
{"id": 3, "metrics": {"accuracy": 0.8177339901477833, "0.0": {"precision": 0.0, "recall": 0.0, "f1": 0.0, "support": 37}, "1.0": {"precision": 0.8177339901477833, "recall": 1.0, "f1": 0.8997289972899728, "support": 166}, "macro_avg": {"precision": 0.4088669950738916, "recall": 0.5, "f1": 0.4498644986449864, "support": 203}, "macro_auc": 0.6563822859003581, "macro_aupoc": 0.8841698761431671, "doa": 0.48717948717948717, "doa_know_support": 13, "doa_z_support": 18}}
{"id": 4, "metrics": {"accuracy": 0.7669172932330827, "0.0": {"precision": 0.0, "recall": 0.0, "f1": 0.0, "support": 31}, "1.0": {"precision": 0.7669172932330827, "recall": 1.0, "f1": 0.8680851063829788, "support": 102}, "macro_avg": {"precision": 0.38345864661654133, "recall": 0.5, "f1": 0.4340425531914894, "support": 133}, "macro_auc": 0.7137887413029728, "macro_aupoc": 0.8863896623700055, "doa": 0.4166666666666667, "doa_know_support": 6, "doa_z_support": 7}}
{"id": 5, "metrics": {"accuracy": 0.71875, "0.0": {"precision": 0.0, "recall": 0.0, "f1": 0.0, "support": 18}, "1.0": {"precision": 0.71875, "recall": 1.0, "f1": 0.8363636363636363, "support": 46}, "macro_avg": {"precision": 0.359375, "recall": 0.5, "f1": 0.41818181818181815, "support": 64}, "macro_auc": 0.7101449275362318, "macro_aupoc": 0.8245436648652962, "doa": 0.0, "doa_know_support": 1, "doa_z_support": 2}}
{"id": 6, "metrics": {"accuracy": 0.7222222222222222, "0.0": {"precision": 0.0, "recall": 0.0, "f1": 0.0, "support": 14}, "1.0": {"precision": 0.7358490566037735, "recall": 0.975, "f1": 0.8387096774193549, "support": 40}, "macro_avg": {"precision": 0.36792452830188677, "recall": 0.4875, "f1": 0.41935483870967744, "support": 54}, "macro_auc": 0.7928571428571429, "macro_aupoc": 0.9191530955655649, "doa": NaN, "doa_know_support": 0, "doa_z_support": 0}}
{"id": 7, "metrics": {"accuracy": 0.7, "0.0": {"precision": 0.0, "recall": 0.0, "f1": 0.0, "support": 6}, "1.0": {"precision": 0.7, "recall": 1.0, "f1": 0.8235294117647058, "support": 14}, "macro_avg": {"precision": 0.35, "recall": 0.5, "f1": 0.4117647058823529, "support": 20}, "macro_auc": 0.8214285714285714, "macro_aupoc": 0.9274492372706657, "doa": NaN, "doa_know_support": 0, "doa_z_support": 0}}
{"id": 8, "metrics": {"accuracy": 0.5555555555555556, "0.0": {"precision": 0.0, "recall": 0.0, "f1": 0.0, "support": 8}, "1.0": {"precision": 0.5555555555555556, "recall": 1.0, "f1": 0.7142857142857143, "support": 10}, "macro_avg": {"precision": 0.2777777777777778, "recall": 0.5, "f1": 0.35714285714285715, "support": 18}, "macro_auc": 0.5625, "macro_aupoc": 0.708125763125763, "doa": NaN, "doa_know_support": 0, "doa_z_support": 0}}
{"id": 9, "metrics": {"accuracy": 1.0, "0.0": {"precision": 1.0, "recall": 1.0, "f1": 1.0, "support": 1}, "1.0": {"precision": 1.0, "recall": 1.0, "f1": 1.0, "support": 7}, "macro_avg": {"precision": 1.0, "recall": 1.0, "f1": 1.0, "support": 8}, "macro_auc": 1.0, "macro_aupoc": 0.9999999999999998, "doa": NaN, "doa_know_support": 0, "doa_z_support": 0}}
{"id": 10, "metrics": {"doa": NaN, "doa_know_support": 0, "doa_z_support": 0}}
{"id": 11, "metrics": {"accuracy": 1.0, "0.0": {"precision": 1.0, "recall": 1.0, "f1": 1.0, "support": 1}, "1.0": {"precision": 1.0, "recall": 1.0, "f1": 1.0, "support": 8}, "macro_avg": {"precision": 1.0, "recall": 1.0, "f1": 1.0, "support": 9}, "macro_auc": 1.0, "macro_aupoc": 1.0, "doa": NaN, "doa_know_support": 0, "doa_z_support": 0}}
{"id": 12, "metrics": {"accuracy": 1.0, "0.0": {"precision": 1.0, "recall": 1.0, "f1": 1.0, "support": 2}, "1.0": {"precision": 1.0, "recall": 1.0, "f1": 1.0, "support": 2}, "macro_avg": {"precision": 1.0, "recall": 1.0, "f1": 1.0, "support": 4}, "macro_auc": 1.0, "macro_aupoc": 1.0, "doa": NaN, "doa_know_support": 0, "doa_z_support": 0}}
{"id": 13, "metrics": {"accuracy": 0.25, "0.0": {"precision": 0.0, "recall": 0.0, "f1": 0.0, "support": 1}, "1.0": {"precision": 0.5, "recall": 0.3333333333333333, "f1": 0.4, "support": 3}, "macro_avg": {"precision": 0.25, "recall": 0.16666666666666666, "f1": 0.2, "support": 4}, "macro_auc": 0.3333333333333333, "macro_aupoc": 0.8055555555555556, "doa": NaN, "doa_know_support": 0, "doa_z_support": 0}}
{"id": 14, "metrics": {"doa": NaN, "doa_know_support": 0, "doa_z_support": 0}}
{"id": 15, "metrics": {"accuracy": 0.6666666666666666, "0.0": {"precision": 0.0, "recall": 0.0, "f1": 0.0, "support": 1}, "1.0": {"precision": 0.6666666666666666, "recall": 1.0, "f1": 0.8, "support": 2}, "macro_avg": {"precision": 0.3333333333333333, "recall": 0.5, "f1": 0.4, "support": 3}, "macro_auc": 0.5, "macro_aupoc": 0.8333333333333333, "doa": NaN, "doa_know_support": 0, "doa_z_support": 0}}
{"id": 17, "metrics": {"doa": NaN, "doa_know_support": 0, "doa_z_support": 0}}
{"id": 19, "metrics": {"doa": NaN, "doa_know_support": 0, "doa_z_support": 0}}
{"id": 22, "metrics": {"doa": NaN, "doa_know_support": 0, "doa_z_support": 0}}
{"id": 25, "metrics": {"accuracy": 0.6666666666666666, "0.0": {"precision": 0.0, "recall": 0.0, "f1": 0.0, "support": 1}, "1.0": {"precision": 0.6666666666666666, "recall": 1.0, "f1": 0.8, "support": 2}, "macro_avg": {"precision": 0.3333333333333333, "recall": 0.5, "f1": 0.4, "support": 3}, "macro_auc": 0.0, "macro_aupoc": 0.5833333333333333, "doa": NaN, "doa_know_support": 0, "doa_z_support": 0}}
{"id": 29, "metrics": {"accuracy": 0.7718832891246684, "0.0": {"precision": 0.6421207658321061, "recall": 0.31209735146743023, "f1": 0.4200385356454721, "support": 1397}, "1.0": {"precision": 0.7910415307675581, "recall": 0.9373872713218243, "f1": 0.8580188679245282, "support": 3881}, "macro_avg": {"precision": 0.7165811482998321, "recall": 0.6247423113946273, "f1": 0.6390287017850002, "support": 5278}, "macro_auc": 0.7637081484839693, "macro_aupoc": 0.895361588639842, "doa": 0.5183325828853078, "doa_know_support": 269, "doa_z_support": 6590}}
{"id": 34, "metrics": {"accuracy": 0.7696097006441834, "0.0": {"precision": 0.616751269035533, "recall": 0.34714285714285714, "f1": 0.44424131627056673, "support": 1400}, "1.0": {"precision": 0.7964365256124721, "recall": 0.9221248066013409, "f1": 0.8546845124282982, "support": 3878}, "macro_avg": {"precision": 0.7065938973240026, "recall": 0.634633831872099, "f1": 0.6494629143494325, "support": 5278}, "macro_auc": 0.7617882929345023, "macro_aupoc": 0.8904176867181751, "doa": 0.5394286649905676, "doa_know_support": 268, "doa_z_support": 6644}}
{"id": 47, "metrics": {"accuracy": 0.7701780977643047, "0.0": {"precision": 0.7441176470588236, "recall": 0.18346627991298042, "f1": 0.29435718440954045, "support": 1379},