{"id": 48, "metrics": {"accuracy": 0.6798797670486568, "0.0": {"precision": 0.5280898876404494, "recall": 0.6424275560415528, "f1": 0.5796743956586089, "support": 1829}, "1.0": {"precision": 0.788896061975468, "recall": 0.6994848311390955, "f1": 0.7415048543689321, "support": 3494}, "macro_avg": {"precision": 0.6584929748079587, "recall": 0.6709561935903241, "f1": 0.6605896250137705, "support": 5323}, "macro_auc": 0.7038559893191891, "macro_aupoc": 0.7917038655740519, "doa": 0.6290997739342067, "doa_know_support": 63, "doa_z_support": 965}}
