{"id": 0, "metrics": {"accuracy": 0.4867698452321518, "0.0": {"precision": 0.34205607476635513, "recall": 0.5304347826086957, "f1": 0.4159090909090909, "support": 690}, "1.0": {"precision": 0.6527331189710611, "recall": 0.4638233054074638, "f1": 0.5422974176313445, "support": 1313}, "macro_avg": {"precision": 0.4973945968687081, "recall": 0.4971290440080798, "f1": 0.4791032542702177, "support": 2003}, "macro_auc": 0.5141417486230229, "macro_aupoc": 0.6629711704996701, "doa": 0.38113377977622576, "doa_know_support": 52, "doa_z_support": 420}}
{"id": 1, "metrics": {"accuracy": 0.4911550468262227, "0.0": {"precision": 0.35902255639097747, "recall": 0.5634218289085545, "f1": 0.43857634902411025, "support": 339}, "1.0": {"precision": 0.655011655011655, "recall": 0.4517684887459807, "f1": 0.5347288296860133, "support": 622}, "macro_avg": {"precision": 0.5070171057013162, "recall": 0.5075951588272676, "f1": 0.4866525893550618, "support": 961}, "macro_auc": 0.5011500630756243, "macro_aupoc": 0.6516850023713487, "doa": 0.5558949888495341, "doa_know_support": 44, "doa_z_support": 173}}
{"id": 2, "metrics": {"accuracy": 0.4919786096256685, "0.0": {"precision": 0.35962145110410093, "recall": 0.5816326530612245, "f1": 0.4444444444444444, "support": 196}, "1.0": {"precision": 0.6639344262295082, "recall": 0.4438356164383562, "f1": 0.5320197044334976, "support": 365}, "macro_avg": {"precision": 0.5117779386668045, "recall": 0.5127341347497903, "f1": 0.488232074438971, "support": 561}, "macro_auc": 0.5211979312272854, "macro_aupoc": 0.6665860390409744, "doa": 0.6178571428571428, "doa_know_support": 28, "doa_z_support": 58}}
{"id": 3, "metrics": {"accuracy": 0.49560117302052786, "0.0": {"precision": 0.3005464480874317, "recall": 0.5555555555555556, "f1": 0.3900709219858156, "support": 99}, "1.0": {"precision": 0.7215189873417721, "recall": 0.47107438016528924, "f1": 0.5700000000000001, "support": 242}, "macro_avg": {"precision": 0.5110327177146019, "recall": 0.5133149678604224, "f1": 0.48003546099290784, "support": 341}, "macro_auc": 0.534748309541698, "macro_aupoc": 0.7392810248893029, "doa": 0.38666666666666666, "doa_know_support": 15, "doa_z_support": 21}}
{"id": 4, "metrics": {"accuracy": 0.5177865612648221, "0.0": {"precision": 0.3333333333333333, "recall": 0.525, "f1": 0.40776699029126207, "support": 80}, "1.0": {"precision": 0.7007874015748031, "recall": 0.5144508670520231, "f1": 0.5933333333333333, "support": 173}, "macro_avg": {"precision": 0.5170603674540682, "recall": 0.5197254335260115, "f1": 0.5005501618122976, "support": 253}, "macro_auc": 0.5038656069364161, "macro_aupoc": 0.7095970785891955, "doa": 0.4090909090909091, "doa_know_support": 11, "doa_z_support": 12}}
{"id": 5, "metrics": {"accuracy": 0.55, "0.0": {"precision": 0.41304347826086957, "recall": 0.5846153846153846, "f1": 0.48407643312101917, "support": 65}, "1.0": {"precision": 0.6931818181818182, "recall": 0.5304347826086957, "f1": 0.6009852216748768, "support": 115}, "macro_avg": {"precision": 0.5531126482213439, "recall": 0.5575250836120402, "f1": 0.542530827397948, "support": 180}, "macro_auc": 0.5494983277591974, "macro_aupoc": 0.6614495795275723, "doa": 0.9166666666666666, "doa_know_support": 6, "doa_z_support": 10}}
{"id": 6, "metrics": {"accuracy": 0.4274193548387097, "0.0": {"precision": 0.25, "recall": 0.4594594594594595, "f1": 0.3238095238095238, "support": 37}, "1.0": {"precision": 0.6428571428571429, "recall": 0.41379310344827586, "f1": 0.5034965034965034, "support": 87}, "macro_avg": {"precision": 0.44642857142857145, "recall": 0.43662628145386767, "f1": 0.41365301365301366, "support": 124}, "macro_auc": 0.454488971730351, "macro_aupoc": 0.7080158073118119, "doa": 0.16666666666666666, "doa_know_support": 6, "doa_z_support": 10}}
{"id": 7, "metrics": {"accuracy": 0.4421052631578947, "0.0": {"precision": 0.2962962962962963, "recall": 0.5161290322580645, "f1": 0.3764705882352941, "support": 31}, "1.0": {"precision": 0.6341463414634146, "recall": 0.40625, "f1": 0.4952380952380952, "support": 64}, "macro_avg": {"precision": 0.46522131887985546, "recall": 0.46118951612903225, "f1": 0.4358543417366947, "support": 95}, "macro_auc": 0.44002016129032256, "macro_aupoc": 0.6386464509754705, "doa": 0.125, "doa_know_support": 4, "doa_z_support": 6}}
{"id": 8, "metrics": {"accuracy": 0.5967741935483871, "0.0": {"precision": 0.41379310344827586, "recall": 0.6, "f1": 0.4897959183673469, "support": 20}, "1.0": {"precision": 0.7575757575757576, "recall": 0.5952380952380952, "f1": 0.6666666666666667, "support": 42}, "macro_avg": {"precision": 0.5856844305120167, "recall": 0.5976190476190476, "f1": 0.5782312925170068, "support": 62}, "macro_auc": 0.5821428571428572, "macro_aupoc": 0.7209469610768681, "doa": 0.8333333333333334, "doa_know_support": 3, "doa_z_support": 5}}
{"id": 9, "metrics": {"accuracy": 0.5192307692307693, "0.0": {"precision": 0.39285714285714285, "recall": 0.5789473684210527, "f1": 0.46808510638297873, "support": 19}, "1.0": {"precision": 0.6666666666666666, "recall": 0.48484848484848486, "f1": 0.5614035087719298, "support": 33}, "macro_avg": {"precision": 0.5297619047619048, "recall": 0.5318979266347688, "f1": 0.5147443075774543, "support": 52}, "macro_auc": 0.507177033492823, "macro_aupoc": 0.6719160934831908, "doa": NaN, "doa_know_support": 0, "doa_z_support": 0}}
{"id": 10, "metrics": {"accuracy": 0.6458333333333334, "0.0": {"precision": 0.38095238095238093, "recall": 0.6666666666666666, "f1": 0.4848484848484849, "support": 12}, "1.0": {"precision": 0.8518518518518519, "recall": 0.6388888888888888, "f1": 0.7301587301587301, "support": 36}, "macro_avg": {"precision": 0.6164021164021164, "recall": 0.6527777777777777, "f1": 0.6075036075036075, "support": 48}, "macro_auc": 0.5925925925925926, "macro_aupoc": 0.8087853719812902, "doa": 0.3333333333333333, "doa_know_support": 3, "doa_z_support": 5}}
{"id": 11, "metrics": {"accuracy": 0.5151515151515151, "0.0": {"precision": 0.2857142857142857, "recall": 0.4, "f1": 0.3333333333333333, "support": 10}, "1.0": {"precision": 0.6842105263157895, "recall": 0.5652173913043478, "f1": 0.6190476190476191, "support": 23}, "macro_avg": {"precision": 0.4849624060150376, "recall": 0.4826086956521739, "f1": 0.47619047619047616, "support": 33}, "macro_auc": 0.4456521739130435, "macro_aupoc": 0.6704018233736513, "doa": 0.5, "doa_know_support": 2, "doa_z_support": 2}}
{"id": 12, "metrics": {"accuracy": 0.5151515151515151, "0.0": {"precision": 0.4117647058823529, "recall": 0.5384615384615384, "f1": 0.4666666666666667, "support": 13}, "1.0": {"precision": 0.625, "recall": 0.5, "f1": 0.5555555555555556, "support": 20}, "macro_avg": {"precision": 0.5183823529411764, "recall": 0.5192307692307692, "f1": 0.5111111111111111, "support": 33}, "macro_auc": 0.573076923076923, "macro_aupoc": 0.6792384326135048, "doa": 1.0, "doa_know_support": 1, "doa_z_support": 2}}
{"id": 13, "metrics": {"accuracy": 0.5185185185185185, "0.0": {"precision": 0.35294117647058826, "recall": 0.75, "f1": 0.48, "support": 8}, "1.0": {"precision": 0.8, "recall": 0.42105263157894735, "f1": 0.5517241379310345, "support": 19}, "macro_avg": {"precision": 0.5764705882352942, "recall": 0.5855263157894737, "f1": 0.5158620689655172, "support": 27}, "macro_auc": 0.506578947368421, "macro_aupoc": 0.7915477875964694, "doa": NaN, "doa_know_support": 0, "doa_z_support": 0}}
{"id": 14, "metrics": {"accuracy": 0.46153846153846156, "0.0": {"precision": 0.5, "recall": 0.5714285714285714, "f1": 0.5333333333333333, "support": 14}, "1.0": {"precision": 0.4, "recall": 0.3333333333333333, "f1": 0.3636363636363636, "support": 12}, "macro_avg": {"precision": 0.45, "recall": 0.45238095238095233, "f1": 0.4484848484848485, "support": 26}, "macro_auc": 0.34226190476190477, "macro_aupoc": 0.44250319765000407, "doa": 0.5, "doa_know_support": 1, "doa_z_support": 2}}
{"id": 15, "metrics": {"accuracy": 0.47619047619047616, "0.0": {"precision": 0.3333333333333333, "recall": 0.5714285714285714, "f1": 0.4210526315789474,