{"id": 0, "metrics": {"accuracy": 0.4867698452321518, "0.0": {"precision": 0.34205607476635513, "recall": 0.5304347826086957, "f1": 0.4159090909090909, "support": 690}, "1.0": {"precision": 0.6527331189710611, "recall": 0.4638233054074638, "f1": 0.5422974176313445, "support": 1313}, "macro_avg": {"precision": 0.4973945968687081, "recall": 0.4971290440080798, "f1": 0.4791032542702177, "support": 2003}, "macro_auc": 0.5141417486230229, "macro_aupoc": 0.6629711704996701, "doa": 0.38113377977622576, "doa_know_support": 52, "doa_z_support": 420}}
{"id": 1, "metrics": {"accuracy": 0.547945205479452, "0.0": {"precision": 0.5111111111111111, "recall": 0.6764705882352942, "f1": 0.5822784810126582, "support": 34}, "1.0": {"precision": 0.6071428571428571, "recall": 0.4358974358974359, "f1": 0.5074626865671643, "support": 39}, "macro_avg": {"precision": 0.5591269841269841, "recall": 0.556184012066365, "f1": 0.5448705837899113, "support": 73}, "macro_auc": 0.5452488687782806, "macro_aupoc": 0.613638651355562, "doa": 0.0, "doa_know_support": 1, "doa_z_support": 1}}
{"id": 2, "metrics": {"accuracy": 0.35714285714285715, "0.0": {"precision": 0.25, "recall": 0.4, "f1": 0.3076923076923077, "support": 5}, "1.0": {"precision": 0.5, "recall": 0.3333333333333333, "f1": 0.4, "support": 9}, "macro_avg": {"precision": 0.375, "recall": 0.3666666666666667, "f1": 0.35384615384615387, "support": 14}, "macro_auc": 0.3111111111111111, "macro_aupoc": 0.5954724288057622, "doa": NaN, "doa_know_support": 0, "doa_z_support": 0}}
{"id": 3, "metrics": {"accuracy": 0.2857142857142857, "0.0": {"precision": 0.0, "recall": 0.0, "f1": 0.0, "support": 2}, "1.0": {"precision": 0.5, "recall": 0.4, "f1": 0.4444444444444445, "support": 5}, "macro_avg": {"precision": 0.25, "recall": 0.2, "f1": 0.22222222222222224, "support": 7}, "macro_auc": 0.4, "macro_aupoc": 0.7961904761904761, "doa": NaN, "doa_know_support": 0, "doa_z_support": 0}}
{"id": 4, "metrics": {"doa": NaN, "doa_know_support": 0, "doa_z_support": 0}}
{"id": 15, "metrics": {"accuracy": 0.47619047619047616, "0.0": {"precision": 0.3333333333333333, "recall": 0.5714285714285714, "f1": 0.4210526315789474, "support": 7}, "1.0": {"precision": 0.6666666666666666, "recall": 0.42857142857142855, "f1": 0.5217391304347826, "support": 14}, "macro_avg": {"precision": 0.5, "recall": 0.5, "f1": 0.471395881006865, "support": 21}, "macro_auc": 0.5510204081632653, "macro_aupoc": 0.7626007138225183, "doa": NaN, "doa_know_support": 0, "doa_z_support": 0}}
{"id": 16, "metrics": {"accuracy": 0.5789473684210527, "0.0": {"precision": 0.16666666666666666, "recall": 0.25, "f1": 0.2, "support": 4}, "1.0": {"precision": 0.7692307692307693, "recall": 0.6666666666666666, "f1": 0.7142857142857142, "support": 15}, "macro_avg": {"precision": 0.46794871794871795, "recall": 0.4583333333333333, "f1": 0.4571428571428571, "support": 19}, "macro_auc": 0.47500000000000003, "macro_aupoc": 0.793881728579871, "doa": 1.0, "doa_know_support": 1, "doa_z_support": 1}}
{"id": 17, "metrics": {"accuracy": 0.6470588235294118, "0.0": {"precision": 0.25, "recall": 1.0, "f1": 0.4, "support": 2}, "1.0": {"precision": 1.0, "recall": 0.6, "f1": 0.7499999999999999, "support": 15}, "macro_avg": {"precision": 0.625, "recall": 0.8, "f1": 0.575, "support": 17}, "macro_auc": 0.8333333333333333, "macro_aupoc": 0.9778223084105437, "doa": NaN, "doa_know_support": 0, "doa_z_support": 0}}
{"id": 18, "metrics": {"accuracy": 0.5, "0.0": {"precision": 0.375, "recall": 0.5, "f1": 0.42857142857142855, "support": 6}, "1.0": {"precision": 0.625, "recall": 0.5, "f1": 0.5555555555555556, "support": 10}, "macro_avg": {"precision": 0.5, "recall": 0.5, "f1": 0.4920634920634921, "support": 16}, "macro_auc": 0.5666666666666667, "macro_aupoc": 0.750605228105228, "doa": NaN, "doa_know_support": 0, "doa_z_support": 0}}
{"id": 19, "metrics": {"accuracy": 0.6363636363636364, "0.0": {"precision": 0.42857142857142855, "recall": 1.0, "f1": 0.6, "support": 3}, "1.0": {"precision": 1.0, "recall": 0.5, "f1": 0.6666666666666666, "support": 8}, "macro_avg": {"precision": 0.7142857142857143, "recall": 0.75, "f1": 0.6333333333333333, "support": 11}, "macro_auc": 0.75, "macro_aupoc": 0.9159722222222222, "doa": NaN, "doa_know_support": 0, "doa_z_support": 0}}
{"id": 20, "metrics": {"accuracy": 0.5454545454545454, "0.0": {"precision": 0.3333333333333333, "recall": 0.25, "f1": 0.28571428571428575, "support": 4}, "1.0": {"precision": 0.625, "recall": 0.7142857142857143, "f1": 0.6666666666666666, "support": 7}, "macro_avg": {"precision": 0.47916666666666663, "recall": 0.48214285714285715, "f1": 0.47619047619047616, "support": 11}, "macro_auc": 0.4642857142857143, "macro_aupoc": 0.723299319727891, "doa": NaN, "doa_know_support": 0, "doa_z_support": 0}}
{"id": 21, "metrics": {"accuracy": 0.42857142857142855, "0.0": {"precision": 0.5, "recall": 0.5, "f1": 0.5, "support": 4}, "1.0": {"precision": 0.3333333333333333, "recall": 0.3333333333333333, "f1": 0.3333333333333333, "support": 3}, "macro_avg": {"precision": 0.41666666666666663, "recall": 0.41666666666666663, "f1": 0.41666666666666663, "support": 7}, "macro_auc": 0.4583333333333333, "macro_aupoc": 0.47619047619047616, "doa": 0.0, "doa_know_support": 1, "doa_z_support": 1}}
{"id": 22, "metrics": {"doa": NaN, "doa_know_support": 0, "doa_z_support": 0}}
{"id": 23, "metrics": {"accuracy": 0.4, "0.0": {"precision": 0.0, "recall": 0.0, "f1": 0.0, "support": 1}, "1.0": {"precision": 0.6666666666666666, "recall": 0.5, "f1": 0.5714285714285715, "support": 4}, "macro_avg": {"precision": 0.3333333333333333, "recall": 0.25, "f1": 0.28571428571428575, "support": 5}, "macro_auc": 0.25, "macro_aupoc": 0.8041666666666667, "doa": NaN, "doa_know_support": 0, "doa_z_support": 0}}
{"id": 24, "metrics": {"accuracy": 0.5, "0.0": {"precision": 0.0, "recall": 0.0, "f1": 0.0, "support": 1}, "1.0": {"precision": 0.6666666666666666, "recall": 0.6666666666666666, "f1": 0.6666666666666666, "support": 3}, "macro_avg": {"precision": 0.3333333333333333, "recall": 0.3333333333333333, "f1": 0.3333333333333333, "support": 4}, "macro_auc": 0.6666666666666666, "macro_aupoc": 0.9166666666666665, "doa": NaN, "doa_know_support": 0, "doa_z_support": 0}}
{"id": 25, "metrics": {"accuracy": 0.0, "0.0": {"precision": 0.0, "recall": 0.0, "f1": 0.0, "support": 1.0}, "1.0": {"precision": 0.0, "recall": 0.0, "f1": 0.0, "support": 3.0}, "macro_avg": {"precision": 0.0, "recall": 0.0, "f1": 0.0, "support": 4.0}, "macro_auc": 0.0, "macro_aupoc": 0.6388888888888888, "doa": NaN, "doa_know_support": 0, "doa_z_support": 0}}
{"id": 26, "metrics": {"accuracy": 0.2857142857142857, "0.0": {"precision": 0.0, "recall": 0.0, "f1": 0.0, "support": 3}, "1.0": {"precision": 0.4, "recall": 0.5, "f1": 0.4444444444444445, "support": 4}, "macro_avg": {"precision": 0.2, "recall": 0.25, "f1": 0.22222222222222224, "support": 7}, "macro_auc": 0.33333333333333337, "macro_aupoc": 0.6428571428571428, "doa": NaN, "doa_know_support": 0, "doa_z_support": 0}}
{"id": 27, "metrics": {"accuracy": 0.5, "0.0": {"precision": 0.5, "recall": 0.5, "f1": 0.5, "support": 2}, "1.0": {"precision": 0.5, "recall": 0.5, "f1": 0.5, "support": 2}, "macro_avg": {"precision": 0.5, "recall": 0.5, "f1": 0.5, "support": 4}, "macro_auc": 0.75, "macro_aupoc": 0.8333333333333333, "doa": NaN, "doa_know_support": 0, "doa_z_support": 0}}
{"id": 28, "metrics": {"accuracy": 1.0, "0.0": {"precision": 1.0, "recall": 1.0, "f1": 1.0, "support": 1}, "1.0": {"precision": 1.0, "recall": 1.0, "f1": 1.0, "support": 4}, "macro_avg": {"precision": 1.0, "recall": 1.0, "f1": 1.0, "support": 5}, "macro_auc": 1.0, "macro_aupoc": 1.0, "doa": NaN, "doa_know_support": 0, "doa_z_support": 0}}
{"id": 29, "metrics": {"doa": NaN, "doa_know_support": 0, "doa_z_support": 0}}
{"id": 30, "metrics": {"accuracy": 0.6666666666666666, "0.0": {"precision": 0.5, "recall": 1.0, "f1": 0.6666666666666666, "support": 1}, "1.0": {"precision": 1.0, "recall": 0.5, "f1": 0.6666666666666666, "support": 2},