{"id": 0, "metrics": {"accuracy": 0.4379930577469233, "0.0": {"precision": 0.2676560900716479, "recall": 0.5990836197021764, "f1": 0.37000353731871244, "support": 873}, "1.0": {"precision": 0.7119341563786008, "recall": 0.37674216027874563, "f1": 0.4927371119339219, "support": 2296}, "macro_avg": {"precision": 0.48979512322512436, "recall": 0.487912889990461, "f1": 0.4313703246263172, "support": 3169}, "macro_auc": 0.5091401052081213, "macro_aupoc": 0.7292158430265167, "doa": 0.5375284926069075, "doa_know_support": 218, "doa_z_support": 2452}}
{"id": 1, "metrics": {"accuracy": 0.4, "0.0": {"precision": 0.26666666666666666, "recall": 0.8, "f1": 0.4, "support": 5}, "1.0": {"precision": 0.8, "recall": 0.26666666666666666, "f1": 0.4, "support": 15}, "macro_avg": {"precision": 0.5333333333333333, "recall": 0.5333333333333333, "f1": 0.4, "support": 20}, "macro_auc": 0.36, "macro_aupoc": 0.7388788407441658, "doa": NaN, "doa_know_support": 0, "doa_z_support": 0}}
{"id": 2, "metrics": {"doa": NaN, "doa_know_support": 0, "doa_z_support": 0}}
{"id": 7, "metrics": {"accuracy": 0.8, "0.0": {"precision": 0.6666666666666666, "recall": 0.6666666666666666, "f1": 0.6666666666666666, "support": 6}, "1.0": {"precision": 0.8571428571428571, "recall": 0.8571428571428571, "f1": 0.8571428571428571, "support": 14}, "macro_avg": {"precision": 0.7619047619047619, "recall": 0.7619047619047619, "f1": 0.7619047619047619, "support": 20}, "macro_auc": 0.8333333333333334, "macro_aupoc": 0.9195267869140049, "doa": NaN, "doa_know_support": 0, "doa_z_support": 0}}
{"id": 8, "metrics": {"accuracy": 0.5555555555555556, "0.0": {"precision": 0.5, "recall": 0.625, "f1": 0.5555555555555556, "support": 8}, "1.0": {"precision": 0.625, "recall": 0.5, "f1": 0.5555555555555556, "support": 10}, "macro_avg": {"precision": 0.5625, "recall": 0.5625, "f1": 0.5555555555555556, "support": 18}, "macro_auc": 0.75, "macro_aupoc": 0.7904836829836829, "doa": NaN, "doa_know_support": 0, "doa_z_support": 0}}
{"id": 9, "metrics": {"accuracy": 0.25, "0.0": {"precision": 0.14285714285714285, "recall": 1.0, "f1": 0.25, "support": 1}, "1.0": {"precision": 1.0, "recall": 0.14285714285714285, "f1": 0.25, "support": 7}, "macro_avg": {"precision": 0.5714285714285714, "recall": 0.5714285714285714, "f1": 0.25, "support": 8}, "macro_auc": 0.8571428571428571, "macro_aupoc": 0.982142857142857, "doa": NaN, "doa_know_support": 0, "doa_z_support": 0}}
{"id": 10, "metrics": {"doa": NaN, "doa_know_support": 0, "doa_z_support": 0}}
{"id": 11, "metrics": {"accuracy": 0.5555555555555556, "0.0": {"precision": 0.2, "recall": 1.0, "f1": 0.33333333333333337, "support": 1}, "1.0": {"precision": 1.0, "recall": 0.5, "f1": 0.6666666666666666, "support": 8}, "macro_avg": {"precision": 0.6, "recall": 0.75, "f1": 0.5, "support": 9}, "macro_auc": 1.0, "macro_aupoc": 1.0, "doa": NaN, "doa_know_support": 0, "doa_z_support": 0}}
{"id": 12, "metrics": {"accuracy": 1.0, "0.0": {"precision": 1.0, "recall": 1.0, "f1": 1.0, "support": 2}, "1.0": {"precision": 1.0, "recall": 1.0, "f1": 1.0, "support": 2}, "macro_avg": {"precision": 1.0, "recall": 1.0, "f1": 1.0, "support": 4}, "macro_auc": 1.0, "macro_aupoc": 1.0, "doa": NaN, "doa_know_support": 0, "doa_z_support": 0}}
{"id": 13, "metrics": {"accuracy": 0.0, "0.0": {"precision": 0.0, "recall": 0.0, "f1": 0.0, "support": 1.0}, "1.0": {"precision": 0.0, "recall": 0.0, "f1": 0.0, "support": 3.0}, "macro_avg": {"precision": 0.0, "recall": 0.0, "f1": 0.0, "support": 4.0}, "macro_auc": 0.0, "macro_aupoc": 0.6388888888888888, "doa": NaN, "doa_know_support": 0, "doa_z_support": 0}}
{"id": 14, "metrics": {"doa": NaN, "doa_know_support": 0, "doa_z_support": 0}}
{"id": 15, "metrics": {"accuracy": 0.6666666666666666, "0.0": {"precision": 0.0, "recall": 0.0, "f1": 0.0, "support": 1}, "1.0": {"precision": 0.6666666666666666, "recall": 1.0, "f1": 0.8, "support": 2}, "macro_avg": {"precision": 0.3333333333333333, "recall": 0.5, "f1": 0.4, "support": 3}, "macro_auc": 0.5, "macro_aupoc": 0.8333333333333333, "doa": NaN, "doa_know_support": 0, "doa_z_support": 0}}
{"id": 17, "metrics": {"doa": NaN, "doa_know_support": 0, "doa_z_support": 0}}
{"id": 19, "metrics": {"doa": NaN, "doa_know_support": 0, "doa_z_support": 0}}
{"id": 22, "metrics": {"doa": NaN, "doa_know_support": 0, "doa_z_support": 0}}
{"id": 25, "metrics": {"accuracy": 1.0, "0.0": {"precision": 1.0, "recall": 1.0, "f1": 1.0, "support": 1}, "1.0": {"precision": 1.0, "recall": 1.0, "f1": 1.0, "support": 2}, "macro_avg": {"precision": 1.0, "recall": 1.0, "f1": 1.0, "support": 3}, "macro_auc": 1.0, "macro_aupoc": 1.0, "doa": NaN, "doa_know_support": 0, "doa_z_support": 0}}
{"id": 29, "metrics": {"accuracy": 0.5028419856006063, "0.0": {"precision": 0.27939590075512405, "recall": 0.5561918396564066, "f1": 0.3719483006223074, "support": 1397}, "1.0": {"precision": 0.7517020424509411, "recall": 0.4836382375676372, "f1": 0.5885857635622452, "support": 3881}, "macro_avg": {"precision": 0.5155489716030326, "recall": 0.5199150386120219, "f1": 0.4802670320922763, "support": 5278}, "macro_auc": 0.6798304497969939, "macro_aupoc": 0.8534076199635972, "doa": 0.5139423958412038, "doa_know_support": 269, "doa_z_support": 6590}}
{"id": 34, "metrics": {"accuracy": 0.5202728306176582, "0.0": {"precision": 0.2865761689291101, "recall": 0.5428571428571428, "f1": 0.37512339585389926, "support": 1400}, "1.0": {"precision": 0.7562833206397562, "recall": 0.5121196493037649, "f1": 0.6107011070110702, "support": 3878}, "macro_avg": {"precision": 0.5214297447844332, "recall": 0.5274883960804538, "f1": 0.49291225143248474, "support": 5278}, "macro_auc": 0.6834529949163781, "macro_aupoc": 0.8582499143720932, "doa": 0.5344109610744453, "doa_know_support": 268, "doa_z_support": 6644}}
{"id": 47, "metrics": {"accuracy": 0.5522925350511557, "0.0": {"precision": 0.30097087378640774, "recall": 0.5395213923132705, "f1": 0.3863931446377564, "support": 1379}, "1.0": {"precision": 0.7736992159657876, "recall": 0.5568094383175173, "f1": 0.6475764354958985, "support": 3899}, "macro_avg": {"precision": 0.5373350448760976, "recall": 0.5481654153153939, "f1": 0.5169847900668274, "support": 5278}, "macro_auc": 0.7040167232036032, "macro_aupoc": 0.8705334947146377, "doa": 0.49377257887834997, "doa_know_support": 281, "doa_z_support": 6529}}
