{"id": 1, "metrics": {"theta": {"delta": 10895.970703125, "delta_ave": 0.05624452605843544, "support": 1575}, "a": {"delta": 29966.96484375, "delta_ave": 0.06015650928020477, "support": 4050}, "b": {"delta": 2328.34375, "delta_ave": 0.5748996734619141, "support": 4050}, "user": {"delta": 10895.970703125, "delta_ave": 0.05624452605843544, "support": 1575}, "item": {"delta": 32295.30859375, "delta_ave": 0.06430766383005727, "support": 4050}, "macro_ave": 0.06027609494424636, "micro_ave": 0.06204998525400316}}
{"id": 2, "metrics": {"theta": {"delta": 9289.255859375, "delta_ave": 0.04788992181420326, "support": 1577}, "a": {"delta": 45398.44140625, "delta_ave": 0.09077546000480652, "support": 4066}, "b": {"delta": 1711.6265869140625, "delta_ave": 0.42096078395843506, "support": 4066}, "user": {"delta": 9289.255859375, "delta_ave": 0.04788992181420326, "support": 1577}, "item": {"delta": 47110.06799316406, "delta_ave": 0.0934382448754003, "support": 4066}, "macro_ave": 0.07066408334480179, "micro_ave": 0.08070925223540247}}
{"id": 3, "metrics": {"theta": {"delta": 17780.888671875, "delta_ave": 0.09266671538352966, "support": 1560}, "a": {"delta": 70163.5625, "delta_ave": 0.14235973358154297, "support": 4007}, "b": {"delta": 3416.95361328125, "delta_ave": 0.8527460694313049, "support": 4007}, "user": {"delta": 17780.888671875, "delta_ave": 0.09266671538352966, "support": 1560}, "item": {"delta": 73580.51611328125, "delta_ave": 0.1480886556448475, "support": 4007}, "macro_ave": 0.12037768551418858, "micro_ave": 0.13255816762479075}}
{"id": 4, "metrics": {"theta": {"delta": 19782.458984375, "delta_ave": 0.10403169691562653, "support": 1546}, "a": {"delta": 37833.3046875, "delta_ave": 0.07703176885843277, "support": 3993}, "b": {"delta": 2224.51904296875, "delta_ave": 0.5571047067642212, "support": 3993}, "user": {"delta": 19782.458984375, "delta_ave": 0.10403169691562653, "support": 1546}, "item": {"delta": 40057.82373046875, "delta_ave": 0.0809033248092859, "support": 3993}, "macro_ave": 0.09246751086245622, "micro_ave": 0.08735872529247828}}
{"id": 5, "metrics": {"theta": {"delta": 0.0, "delta_ave": 0.0, "support": 1596}, "a": {"delta": 0.0, "delta_ave": 0.0, "support": 4077}, "b": {"delta": 0.0, "delta_ave": 0.0, "support": 4077}, "user": {"delta": 0.0, "delta_ave": 0.0, "support": 1596}, "item": {"delta": 0.0, "delta_ave": 0.0, "support": 4077}, "macro_ave": 0.0, "micro_ave": 0.0}}
{"id": 6, "metrics": {"theta": {"delta": 0.0, "delta_ave": 0.0, "support": 1569}, "a": {"delta": 0.0, "delta_ave": 0.0, "support": 3993}, "b": {"delta": 0.0, "delta_ave": 0.0, "support": 3993}, "user": {"delta": 0.0, "delta_ave": 0.0, "support": 1569}, "item": {"delta": 0.0, "delta_ave": 0.0, "support": 3993}, "macro_ave": 0.0, "micro_ave": 0.0}}
{"id": 7, "metrics": {"theta": {"delta": 0.0, "delta_ave": 0.0, "support": 1572}, "a": {"delta": 0.0, "delta_ave": 0.0, "support": 4079}, "b": {"delta": 0.0, "delta_ave": 0.0, "support": 4079}, "user": {"delta": 0.0, "delta_ave": 0.0, "support": 1572}, "item": {"delta": 0.0, "delta_ave": 0.0, "support": 4079}, "macro_ave": 0.0, "micro_ave": 0.0}}
{"id": 8, "metrics": {"theta": {"delta": 0.0, "delta_ave": 0.0, "support": 1577}, "a": {"delta": 0.0, "delta_ave": 0.0, "support": 4012}, "b": {"delta": 0.0, "delta_ave": 0.0, "support": 4012}, "user": {"delta": 0.0, "delta_ave": 0.0, "support": 1577}, "item": {"delta": 0.0, "delta_ave": 0.0, "support": 4012}, "macro_ave": 0.0, "micro_ave": 0.0}}
{"id": 9, "metrics": {"theta": {"delta": 0.0, "delta_ave": 0.0, "support": 1587}, "a": {"delta": 0.0, "delta_ave": 0.0, "support": 4076}, "b": {"delta": 0.0, "delta_ave": 0.0, "support": 4076}, "user": {"delta": 0.0, "delta_ave": 0.0, "support": 1587}, "item": {"delta": 0.0, "delta_ave": 0.0, "support": 4076}, "macro_ave": 0.0, "micro_ave": 0.0}}
{"id": 10, "metrics": {"theta": {"delta": 0.0, "delta_ave": 0.0, "support": 1565}, "a": {"delta": 0.0, "delta_ave": 0.0, "support": 4061}, "b": {"delta": 0.0, "delta_ave": 0.0, "support": 4061}, "user": {"delta": 0.0, "delta_ave": 0.0, "support": 1565}, "item": {"delta": 0.0, "delta_ave": 0.0, "support": 4061}, "macro_ave": 0.0, "micro_ave": 0.0}}
{"id": 11, "metrics": {"theta": {"delta": 0.0, "delta_ave": 0.0, "support": 1601}, "a": {"delta": 0.0, "delta_ave": 0.0, "support": 4023}, "b": {"delta": 0.0, "delta_ave": 0.0, "support": 4023}, "user": {"delta": 0.0, "delta_ave": 0.0, "support": 1601}, "item": {"delta": 0.0, "delta_ave": 0.0, "support": 4023}, "macro_ave": 0.0, "micro_ave": 0.0}}
{"id": 12, "metrics": {"theta": {"delta": 0.0, "delta_ave": 0.0, "support": 1590}, "a": {"delta": 0.0, "delta_ave": 0.0, "support": 4044}, "b": {"delta": 0.0, "delta_ave": 0.0, "support": 4044}, "user": {"delta": 0.0, "delta_ave": 0.0, "support": 1590}, "item": {"delta": 0.0, "delta_ave": 0.0, "support": 4044}, "macro_ave": 0.0, "micro_ave": 0.0}}
{"id": 13, "metrics": {"theta": {"delta": 0.0, "delta_ave": 0.0, "support": 1584}, "a": {"delta": 0.0, "delta_ave": 0.0, "support": 4044}, "b": {"delta": 0.0, "delta_ave": 0.0, "support": 4044}, "user": {"delta": 0.0, "delta_ave": 0.0, "support": 1584}, "item": {"delta": 0.0, "delta_ave": 0.0, "support": 4044}, "macro_ave": 0.0, "micro_ave": 0.0}}
{"id": 14, "metrics": {"theta": {"delta": 0.0, "delta_ave": 0.0, "support": 1575}, "a": {"delta": 0.0, "delta_ave": 0.0, "support": 4004}, "b": {"delta": 0.0, "delta_ave": 0.0, "support": 4004}, "user": {"delta": 0.0, "delta_ave": 0.0, "support": 1575}, "item": {"delta": 0.0, "delta_ave": 0.0, "support": 4004}, "macro_ave": 0.0, "micro_ave": 0.0}}
{"id": 15, "metrics": {"theta": {"delta": 0.0, "delta_ave": 0.0, "support": 1571}, "a": {"delta": 0.0, "delta_ave": 0.0, "support": 4055}, "b": {"delta": 0.0, "delta_ave": 0.0, "support": 4055}, "user": {"delta": 0.0, "delta_ave": 0.0, "support": 1571}, "item": {"delta": 0.0, "delta_ave": 0.0, "support": 4055}, "macro_ave": 0.0, "micro_ave": 0.0}}
{"id": 16, "metrics": {"theta": {"delta": 0.0, "delta_ave": 0.0, "support": 1546}, "a": {"delta": 0.0, "delta_ave": 0.0, "support": 4062}, "b": {"delta": 0.0, "delta_ave": 0.0, "support": 4062}, "user": {"delta": 0.0, "delta_ave": 0.0, "support": 1546}, "item": {"delta": 0.0, "delta_ave": 0.0, "support": 4062}, "macro_ave": 0.0, "micro_ave": 0.0}}
{"id": 17, "metrics": {"theta": {"delta": 0.0, "delta_ave": 0.0, "support": 1575}, "a": {"delta": 0.0, "delta_ave": 0.0, "support": 4062}, "b": {"delta": 0.0, "delta_ave": 0.0, "support": 4062}, "user": {"delta": 0.0, "delta_ave": 0.0, "support": 1575}, "item": {"delta": 0.0, "delta_ave": 0.0, "support": 4062}, "macro_ave": 0.0, "micro_ave": 0.0}}
{"id": 18, "metrics": {"theta": {"delta": 0.0, "delta_ave": 0.0, "support": 1579}, "a": {"delta": 0.0, "delta_ave": 0.0, "support": 4063}, "b": {"delta": 0.0, "delta_ave": 0.0, "support": 4063}, "user": {"delta": 0.0, "delta_ave": 0.0, "support": 1579}, "item": {"delta": 0.0, "delta_ave": 0.0, "support": 4063}, "macro_ave": 0.0, "micro_ave": 0.0}}
{"id": 19, "metrics": {"theta": {"delta": 0.0, "delta_ave": 0.0, "support": 1582}, "a": {"delta": 0.0, "delta_ave": 0.0, "support": 4044}, "b": {"delta": 0.0, "delta_ave": 0.0, "support": 4044}, "user": {"delta": 0.0, "delta_ave": 0.0, "support": 1582}, "item": {"delta": 0.0, "delta_ave": 0.0, "support": 4044}, "macro_ave": 0.0, "micro_ave": 0.0}}
{"id": 20, "metrics": {"theta": {"delta": 0.0, "delta_ave": 0.0, "support": 1549}, "a": {"delta": 0.0, "delta_ave": 0.0, "support": 4073}, "b": {"delta": 0.0, "delta_ave": 0.0, "support": 4073}, "user": {"delta": 0.0, "delta_ave": 0.0, "support": 1549}, "item": {"delta": 0.0, "delta_ave": 0.0, "support": 4073}, "macro_ave": 0.0, "micro_ave": 0.0}}
{"id": 21, "metrics": {"theta": {"delta": 0.0, "delta_ave": 0.0, "support": 1568}, "a": {"delta": 0.0, "delta_ave": 0.0, "support": 4030}, "b": {"delta": 0.0, "delta_ave": 0.0, "support": 4030}, "user": {"delta": 0.0, "delta_ave": 0.0, "support": 1568}, "item": {"delta": 0.0, "delta_ave": 0.0, "support": 4030}, "macro_ave": 0.0,