{"id": 1, "metrics": {"theta": {"delta": 10640.0556640625, "delta_ave": 0.05570155754685402, "support": 1553}, "a": {"delta": 26928.650390625, "delta_ave": 0.05415090546011925, "support": 4043}, "b": {"delta": 1988.7235107421875, "delta_ave": 0.4918930232524872, "support": 4043}, "user": {"delta": 10640.0556640625, "delta_ave": 0.05570155754685402, "support": 1553}, "item": {"delta": 28917.373901367188, "delta_ave": 0.05768108382941254, "support": 4043}, "macro_ave": 0.056691320688133276, "micro_ave": 0.05713172637465676}}
{"id": 2, "metrics": {"theta": {"delta": 10267.939453125, "delta_ave": 0.042055003345012665, "support": 1985}, "a": {"delta": 69823.0390625, "delta_ave": 0.0866931900382042, "support": 6548}, "b": {"delta": 2471.884765625, "delta_ave": 0.3775022625923157, "support": 6548}, "user": {"delta": 10267.939453125, "delta_ave": 0.042055003345012665, "support": 1985}, "item": {"delta": 72294.923828125, "delta_ave": 0.08903842449428574, "support": 6548}, "macro_ave": 0.0655467139196492, "micro_ave": 0.07810884627076446}}
{"id": 3, "metrics": {"theta": {"delta": 19377.109375, "delta_ave": 0.07180377095937729, "support": 2194}, "a": {"delta": 142514.21875, "delta_ave": 0.13909390568733215, "support": 8330}, "b": {"delta": 5594.00390625, "delta_ave": 0.6715490818023682, "support": 8330}, "user": {"delta": 19377.109375, "delta_ave": 0.07180377095937729, "support": 2194}, "item": {"delta": 148108.22265625, "delta_ave": 0.14338789904309857, "support": 8330}, "macro_ave": 0.10759583500123793, "micro_ave": 0.12846433604274846}}
{"id": 4, "metrics": {"theta": {"delta": 23327.935546875, "delta_ave": 0.08224545419216156, "support": 2306}, "a": {"delta": 88819.09375, "delta_ave": 0.07531356066465378, "support": 9588}, "b": {"delta": 4205.63916015625, "delta_ave": 0.4386357069015503, "support": 9588}, "user": {"delta": 23327.935546875, "delta_ave": 0.08224545419216156, "support": 2306}, "item": {"delta": 93024.73291015625, "delta_ave": 0.07824357797301584, "support": 9588}, "macro_ave": 0.0802445160825887, "micro_ave": 0.07901945880043723}}
{"id": 5, "metrics": {"theta": {"delta": 0.0, "delta_ave": 0.0, "support": 2378}, "a": {"delta": 0.0, "delta_ave": 0.0, "support": 10558}, "b": {"delta": 0.0, "delta_ave": 0.0, "support": 10558}, "user": {"delta": 0.0, "delta_ave": 0.0, "support": 2378}, "item": {"delta": 0.0, "delta_ave": 0.0, "support": 10558}, "macro_ave": 0.0, "micro_ave": 0.0}}
{"id": 6, "metrics": {"theta": {"delta": 0.0, "delta_ave": 0.0, "support": 2420}, "a": {"delta": 0.0, "delta_ave": 0.0, "support": 11386}, "b": {"delta": 0.0, "delta_ave": 0.0, "support": 11386}, "user": {"delta": 0.0, "delta_ave": 0.0, "support": 2420}, "item": {"delta": 0.0, "delta_ave": 0.0, "support": 11386}, "macro_ave": 0.0, "micro_ave": 0.0}}
{"id": 7, "metrics": {"theta": {"delta": 0.0, "delta_ave": 0.0, "support": 2456}, "a": {"delta": 0.0, "delta_ave": 0.0, "support": 12044}, "b": {"delta": 0.0, "delta_ave": 0.0, "support": 12044}, "user": {"delta": 0.0, "delta_ave": 0.0, "support": 2456}, "item": {"delta": 0.0, "delta_ave": 0.0, "support": 12044}, "macro_ave": 0.0, "micro_ave": 0.0}}
{"id": 8, "metrics": {"theta": {"delta": 0.0, "delta_ave": 0.0, "support": 2469}, "a": {"delta": 0.0, "delta_ave": 0.0, "support": 12589}, "b": {"delta": 0.0, "delta_ave": 0.0, "support": 12589}, "user": {"delta": 0.0, "delta_ave": 0.0, "support": 2469}, "item": {"delta": 0.0, "delta_ave": 0.0, "support": 12589}, "macro_ave": 0.0, "micro_ave": 0.0}}
{"id": 9, "metrics": {"theta": {"delta": 0.0, "delta_ave": 0.0, "support": 2477}, "a": {"delta": 0.0, "delta_ave": 0.0, "support": 13059}, "b": {"delta": 0.0, "delta_ave": 0.0, "support": 13059}, "user": {"delta": 0.0, "delta_ave": 0.0, "support": 2477}, "item": {"delta": 0.0, "delta_ave": 0.0, "support": 13059}, "macro_ave": 0.0, "micro_ave": 0.0}}
{"id": 10, "metrics": {"theta": {"delta": 0.0, "delta_ave": 0.0, "support": 2481}, "a": {"delta": 0.0, "delta_ave": 0.0, "support": 13464}, "b": {"delta": 0.0, "delta_ave": 0.0, "support": 13464}, "user": {"delta": 0.0, "delta_ave": 0.0, "support": 2481}, "item": {"delta": 0.0, "delta_ave": 0.0, "support": 13464}, "macro_ave": 0.0, "micro_ave": 0.0}}
{"id": 11, "metrics": {"theta": {"delta": 0.0, "delta_ave": 0.0, "support": 2488}, "a": {"delta": 0.0, "delta_ave": 0.0, "support": 13801}, "b": {"delta": 0.0, "delta_ave": 0.0, "support": 13801}, "user": {"delta": 0.0, "delta_ave": 0.0, "support": 2488}, "item": {"delta": 0.0, "delta_ave": 0.0, "support": 13801}, "macro_ave": 0.0, "micro_ave": 0.0}}
{"id": 12, "metrics": {"theta": {"delta": 0.0, "delta_ave": 0.0, "support": 2490}, "a": {"delta": 0.0, "delta_ave": 0.0, "support": 14119}, "b": {"delta": 0.0, "delta_ave": 0.0, "support": 14119}, "user": {"delta": 0.0, "delta_ave": 0.0, "support": 2490}, "item": {"delta": 0.0, "delta_ave": 0.0, "support": 14119}, "macro_ave": 0.0, "micro_ave": 0.0}}
{"id": 13, "metrics": {"theta": {"delta": 0.0, "delta_ave": 0.0, "support": 2491}, "a": {"delta": 0.0, "delta_ave": 0.0, "support": 14416}, "b": {"delta": 0.0, "delta_ave": 0.0, "support": 14416}, "user": {"delta": 0.0, "delta_ave": 0.0, "support": 2491}, "item": {"delta": 0.0, "delta_ave": 0.0, "support": 14416}, "macro_ave": 0.0, "micro_ave": 0.0}}
{"id": 14, "metrics": {"theta": {"delta": 0.0, "delta_ave": 0.0, "support": 2492}, "a": {"delta": 0.0, "delta_ave": 0.0, "support": 14680}, "b": {"delta": 0.0, "delta_ave": 0.0, "support": 14680}, "user": {"delta": 0.0, "delta_ave": 0.0, "support": 2492}, "item": {"delta": 0.0, "delta_ave": 0.0, "support": 14680}, "macro_ave": 0.0, "micro_ave": 0.0}}
{"id": 15, "metrics": {"theta": {"delta": 0.0, "delta_ave": 0.0, "support": 2493}, "a": {"delta": 0.0, "delta_ave": 0.0, "support": 14905}, "b": {"delta": 0.0, "delta_ave": 0.0, "support": 14905}, "user": {"delta": 0.0, "delta_ave": 0.0, "support": 2493}, "item": {"delta": 0.0, "delta_ave": 0.0, "support": 14905}, "macro_ave": 0.0, "micro_ave": 0.0}}
{"id": 16, "metrics": {"theta": {"delta": 0.0, "delta_ave": 0.0, "support": 2493}, "a": {"delta": 0.0, "delta_ave": 0.0, "support": 15122}, "b": {"delta": 0.0, "delta_ave": 0.0, "support": 15122}, "user": {"delta": 0.0, "delta_ave": 0.0, "support": 2493}, "item": {"delta": 0.0, "delta_ave": 0.0, "support": 15122}, "macro_ave": 0.0, "micro_ave": 0.0}}
{"id": 17, "metrics": {"theta": {"delta": 0.0, "delta_ave": 0.0, "support": 2493}, "a": {"delta": 0.0, "delta_ave": 0.0, "support": 15303}, "b": {"delta": 0.0, "delta_ave": 0.0, "support": 15303}, "user": {"delta": 0.0, "delta_ave": 0.0, "support": 2493}, "item": {"delta": 0.0, "delta_ave": 0.0, "support": 15303}, "macro_ave": 0.0, "micro_ave": 0.0}}
{"id": 18, "metrics": {"theta": {"delta": 0.0, "delta_ave": 0.0, "support": 2493}, "a": {"delta": 0.0, "delta_ave": 0.0, "support": 15478}, "b": {"delta": 0.0, "delta_ave": 0.0, "support": 15478}, "user": {"delta": 0.0, "delta_ave": 0.0, "support": 2493}, "item": {"delta": 0.0, "delta_ave": 0.0, "support": 15478}, "macro_ave": 0.0, "micro_ave": 0.0}}
{"id": 19, "metrics": {"theta": {"delta": 0.0, "delta_ave": 0.0, "support": 2493}, "a": {"delta": 0.0, "delta_ave": 0.0, "support": 15644}, "b": {"delta": 0.0, "delta_ave": 0.0, "support": 15644}, "user": {"delta": 0.0, "delta_ave": 0.0, "support": 2493}, "item": {"delta": 0.0, "delta_ave": 0.0, "support": 15644}, "macro_ave": 0.0, "micro_ave": 0.0}}
{"id": 20, "metrics": {"theta": {"delta": 0.0, "delta_ave": 0.0, "support": 2493}, "a": {"delta": 0.0, "delta_ave": 0.0, "support": 15795}, "b": {"delta": 0.0, "delta_ave": 0.0, "support": 15795}, "user": {"delta": 0.0, "delta_ave": 0.0, "support": 2493}, "item": {"delta": 0.0, "delta_ave": 0.0, "support": 15795}, "macro_ave": 0.0, "micro_ave": 0.0}}
{"id": 21, "metrics": {"theta": {"delta": 0.0, "delta_ave": 0.0, "support": 2493}, "a": {"delta": 0.0, "delta_ave": 0.0, "support": 15924}, "b": {"delta": 0.0, "delta_ave": 0.0, "support": 15924}, "user": {"delta": 0.0, "delta_ave": 0.0, "support": 2493}, "item": {"delta": 0.0,