{"id": 48, "metrics": {"theta": {"delta": 52.41394805908203, "delta_ave": 0.0332786962389946, "support": 1575}, "a": {"delta": 29.78472328186035, "delta_ave": 0.0073944199830293655, "support": 4028}, "b": {"delta": 171.75538635253906, "delta_ave": 0.04264036566019058, "support": 4028}, "user": {"delta": 52.41394805908203, "delta_ave": 0.0332786962389946, "support": 1575}, "item": {"delta": 201.5401096343994, "delta_ave": 0.007403168045992175, "support": 4028}, "macro_ave": 0.020340932142493388, "micro_ave": 0.014676763781130283}}
