{"id": 48, "metrics": {"accuracy": 0.7131316926545181, "0.0": {"precision": 0.6030013642564802, "recall": 0.4833242208857299, "f1": 0.5365705614567526, "support": 1829}, "1.0": {"precision": 0.7549909255898367, "recall": 0.8334287349742415, "f1": 0.7922731601142703, "support": 3494}, "macro_avg": {"precision": 0.6789961449231585, "recall": 0.6583764779299857, "f1": 0.6644218607855115, "support": 5323}, "macro_auc": 0.729272989422154, "macro_aupoc": 0.820738572914349, "doa": 0.6951713431493914, "doa_know_support": 63, "doa_z_support": 967}}
