{"id": 48, "metrics": {"theta": {"delta": 80.15966796875, "delta_ave": 0.0321538969874382, "support": 2493}, "a": {"delta": 129.60133361816406, "delta_ave": 0.007360366638749838, "support": 17608}, "b": {"delta": 641.0755004882812, "delta_ave": 0.0364081934094429, "support": 17608}, "user": {"delta": 80.15966796875, "delta_ave": 0.0321538969874382, "support": 2493}, "item": {"delta": 770.6768341064453, "delta_ave": 0.007362016239906672, "support": 17608}, "macro_ave": 0.019757956613672436, "micro_ave": 0.010436796534598284}}
