{"id": 0, "metrics": {"accuracy": 0.6245631552670994, "0.0": {"precision": 0.45141065830721006, "recall": 0.41739130434782606, "f1": 0.4337349397590362, "support": 690}, "1.0": {"precision": 0.7054945054945055, "recall": 0.7334348819497334, "f1": 0.7191934279312922, "support": 1313}, "macro_avg": {"precision": 0.5784525819008578, "recall": 0.5754130931487798, "f1": 0.5764641838451642, "support": 2003}, "macro_auc": 0.587429495457907, "macro_aupoc": 0.7072556397152747, "doa": 0.4701309847695032, "doa_know_support": 52, "doa_z_support": 420}}
{"id": 1, "metrics": {"accuracy": 0.6233090530697191, "0.0": {"precision": 0.46567164179104475, "recall": 0.46017699115044247, "f1": 0.4629080118694362, "support": 339}, "1.0": {"precision": 0.707667731629393, "recall": 0.7122186495176849, "f1": 0.7099358974358975, "support": 622}, "macro_avg": {"precision": 0.5866696867102189, "recall": 0.5861978203340636, "f1": 0.5864219546526668, "support": 961}, "macro_auc": 0.6230757192043934, "macro_aupoc": 0.737432931035442, "doa": 0.5285599501508593, "doa_know_support": 44, "doa_z_support": 173}}
{"id": 2, "metrics": {"accuracy": 0.6060606060606061, "0.0": {"precision": 0.42857142857142855, "recall": 0.3826530612244898, "f1": 0.40431266846361186, "support": 196}, "1.0": {"precision": 0.6865284974093264, "recall": 0.726027397260274, "f1": 0.7057256990679095, "support": 365}, "macro_avg": {"precision": 0.5575499629903775, "recall": 0.5543402292423819, "f1": 0.5550191837657606, "support": 561}, "macro_auc": 0.6006989097008667, "macro_aupoc": 0.7444529454116496, "doa": 0.5214285714285715, "doa_know_support": 28, "doa_z_support": 58}}
{"id": 3, "metrics": {"accuracy": 0.6334310850439883, "0.0": {"precision": 0.375, "recall": 0.3939393939393939, "f1": 0.3842364532019704, "support": 99}, "1.0": {"precision": 0.7468354430379747, "recall": 0.731404958677686, "f1": 0.7390396659707723, "support": 242}, "macro_avg": {"precision": 0.5609177215189873, "recall": 0.5626721763085399, "f1": 0.5616380595863714, "support": 341}, "macro_auc": 0.6031805659904834, "macro_aupoc": 0.7590588796962332, "doa": 0.66, "doa_know_support": 15, "doa_z_support": 21}}
{"id": 4, "metrics": {"accuracy": 0.6126482213438735, "0.0": {"precision": 0.3875, "recall": 0.3875, "f1": 0.3875, "support": 80}, "1.0": {"precision": 0.7167630057803468, "recall": 0.7167630057803468, "f1": 0.7167630057803468, "support": 173}, "macro_avg": {"precision": 0.5521315028901734, "recall": 0.5521315028901734, "f1": 0.5521315028901734, "support": 253}, "macro_auc": 0.5339595375722543, "macro_aupoc": 0.6870023190020058, "doa": 0.6363636363636364, "doa_know_support": 11, "doa_z_support": 12}}
{"id": 5, "metrics": {"accuracy": 0.65, "0.0": {"precision": 0.5238095238095238, "recall": 0.3384615384615385, "f1": 0.411214953271028, "support": 65}, "1.0": {"precision": 0.6884057971014492, "recall": 0.8260869565217391, "f1": 0.75098814229249, "support": 115}, "macro_avg": {"precision": 0.6061076604554865, "recall": 0.5822742474916388, "f1": 0.581101547781759, "support": 180}, "macro_auc": 0.6175250836120402, "macro_aupoc": 0.7237682995000705, "doa": 0.5, "doa_know_support": 6, "doa_z_support": 10}}
{"id": 6, "metrics": {"accuracy": 0.6854838709677419, "0.0": {"precision": 0.47058823529411764, "recall": 0.43243243243243246, "f1": 0.4507042253521127, "support": 37}, "1.0": {"precision": 0.7666666666666667, "recall": 0.7931034482758621, "f1": 0.7796610169491527, "support": 87}, "macro_avg": {"precision": 0.6186274509803922, "recall": 0.6127679403541473, "f1": 0.6151826211506327, "support": 124}, "macro_auc": 0.671637154395775, "macro_aupoc": 0.7960538693980165, "doa": 0.1111111111111111, "doa_know_support": 6, "doa_z_support": 10}}
{"id": 7, "metrics": {"accuracy": 0.6526315789473685, "0.0": {"precision": 0.4666666666666667, "recall": 0.45161290322580644, "f1": 0.45901639344262296, "support": 31}, "1.0": {"precision": 0.7384615384615385, "recall": 0.75, "f1": 0.7441860465116279, "support": 64}, "macro_avg": {"precision": 0.6025641025641026, "recall": 0.6008064516129032, "f1": 0.6016012199771255, "support": 95}, "macro_auc": 0.6743951612903226, "macro_aupoc": 0.841818490274959, "doa": 0.75, "doa_know_support": 4, "doa_z_support": 6}}
{"id": 8, "metrics": {"accuracy": 0.6129032258064516, "0.0": {"precision": 0.4, "recall": 0.4, "f1": 0.4000000000000001, "support": 20}, "1.0": {"precision": 0.7142857142857143, "recall": 0.7142857142857143, "f1": 0.7142857142857143, "support": 42}, "macro_avg": {"precision": 0.5571428571428572, "recall": 0.5571428571428572, "f1": 0.5571428571428572, "support": 62}, "macro_auc": 0.5833333333333334, "macro_aupoc": 0.7806854856113852, "doa": 0.6666666666666666, "doa_know_support": 3, "doa_z_support": 5}}
{"id": 9, "metrics": {"accuracy": 0.6923076923076923, "0.0": {"precision": 0.6, "recall": 0.47368421052631576, "f1": 0.5294117647058824, "support": 19}, "1.0": {"precision": 0.7297297297297297, "recall": 0.8181818181818182, "f1": 0.7714285714285715, "support": 33}, "macro_avg": {"precision": 0.6648648648648648, "recall": 0.645933014354067, "f1": 0.6504201680672269, "support": 52}, "macro_auc": 0.7033492822966507, "macro_aupoc": 0.8345598673889261, "doa": NaN, "doa_know_support": 0, "doa_z_support": 0}}
{"id": 10, "metrics": {"accuracy": 0.6041666666666666, "0.0": {"precision": 0.23076923076923078, "recall": 0.25, "f1": 0.24000000000000002, "support": 12}, "1.0": {"precision": 0.7428571428571429, "recall": 0.7222222222222222, "f1": 0.732394366197183, "support": 36}, "macro_avg": {"precision": 0.48681318681318686, "recall": 0.4861111111111111, "f1": 0.4861971830985915, "support": 48}, "macro_auc": 0.5902777777777778, "macro_aupoc": 0.8386097117185742, "doa": 0.3333333333333333, "doa_know_support": 3, "doa_z_support": 5}}
{"id": 11, "metrics": {"accuracy": 0.696969696969697, "0.0": {"precision": 0.5, "recall": 0.5, "f1": 0.5, "support": 10}, "1.0": {"precision": 0.782608695652174, "recall": 0.782608695652174, "f1": 0.782608695652174, "support": 23}, "macro_avg": {"precision": 0.6413043478260869, "recall": 0.6413043478260869, "f1": 0.6413043478260869, "support": 33}, "macro_auc": 0.6130434782608696, "macro_aupoc": 0.8104577186281493, "doa": 0.5, "doa_know_support": 2, "doa_z_support": 2}}
{"id": 12, "metrics": {"accuracy": 0.5151515151515151, "0.0": {"precision": 0.38461538461538464, "recall": 0.38461538461538464, "f1": 0.38461538461538464, "support": 13}, "1.0": {"precision": 0.6, "recall": 0.6, "f1": 0.6, "support": 20}, "macro_avg": {"precision": 0.49230769230769234, "recall": 0.49230769230769234, "f1": 0.49230769230769234, "support": 33}, "macro_auc": 0.5, "macro_aupoc": 0.6784844165910342, "doa": 1.0, "doa_know_support": 1, "doa_z_support": 2}}
{"id": 13, "metrics": {"accuracy": 0.5555555555555556, "0.0": {"precision": 0.3333333333333333, "recall": 0.5, "f1": 0.4, "support": 8}, "1.0": {"precision": 0.7333333333333333, "recall": 0.5789473684210527, "f1": 0.6470588235294117, "support": 19}, "macro_avg": {"precision": 0.5333333333333333, "recall": 0.5394736842105263, "f1": 0.5235294117647058, "support": 27}, "macro_auc": 0.5789473684210527, "macro_aupoc": 0.799024701573178, "doa": NaN, "doa_know_support": 0, "doa_z_support": 0}}
{"id": 14, "metrics": {"accuracy": 0.5769230769230769, "0.0": {"precision": 0.6363636363636364, "recall": 0.5, "f1": 0.56, "support": 14}, "1.0": {"precision": 0.5333333333333333, "recall": 0.6666666666666666, "f1": 0.5925925925925926, "support": 12}, "macro_avg": {"precision": 0.5848484848484848, "recall": 0.5833333333333333, "f1": 0.5762962962962963, "support": 26}, "macro_auc": 0.5535714285714286, "macro_aupoc": 0.5685429902341668, "doa": 0.0, "doa_know_support": 1, "doa_z_support": 2}}
{"id": 15, "metrics": {"accuracy": 0.6190476190476191, "0.0": {"precision": 0.42857142857142855, "recall": 0.42857142857142855, "f1": 0.42857142857142855, "support": 7}, "1.0": {"precision": 0.7142857142857143, "recall": 0.7142857142857143, "f1": 0.7142857142857143, "support": 14},