{"id": 0, "metrics": {"accuracy": 0.6245631552670994, "0.0": {"precision": 0.45141065830721006, "recall": 0.41739130434782606, "f1": 0.4337349397590362, "support": 690}, "1.0": {"precision": 0.7054945054945055, "recall": 0.7334348819497334, "f1": 0.7191934279312922, "support": 1313}, "macro_avg": {"precision": 0.5784525819008578, "recall": 0.5754130931487798, "f1": 0.5764641838451642, "support": 2003}, "macro_auc": 0.587429495457907, "macro_aupoc": 0.7072556397152747, "doa": 0.4701309847695032, "doa_know_support": 52, "doa_z_support": 420}}
{"id": 1, "metrics": {"accuracy": 0.6712328767123288, "0.0": {"precision": 0.7083333333333334, "recall": 0.5, "f1": 0.5862068965517241, "support": 34}, "1.0": {"precision": 0.6530612244897959, "recall": 0.8205128205128205, "f1": 0.7272727272727272, "support": 39}, "macro_avg": {"precision": 0.6806972789115646, "recall": 0.6602564102564102, "f1": 0.6567398119122256, "support": 73}, "macro_auc": 0.7119155354449472, "macro_aupoc": 0.7142297972321104, "doa": 0.0, "doa_know_support": 1, "doa_z_support": 1}}
{"id": 2, "metrics": {"accuracy": 0.6428571428571429, "0.0": {"precision": 0.5, "recall": 0.2, "f1": 0.28571428571428575, "support": 5}, "1.0": {"precision": 0.6666666666666666, "recall": 0.8888888888888888, "f1": 0.761904761904762, "support": 9}, "macro_avg": {"precision": 0.5833333333333333, "recall": 0.5444444444444444, "f1": 0.5238095238095238, "support": 14}, "macro_auc": 0.6000000000000001, "macro_aupoc": 0.8112433862433863, "doa": NaN, "doa_know_support": 0, "doa_z_support": 0}}
{"id": 3, "metrics": {"accuracy": 0.42857142857142855, "0.0": {"precision": 0.25, "recall": 0.5, "f1": 0.3333333333333333, "support": 2}, "1.0": {"precision": 0.6666666666666666, "recall": 0.4, "f1": 0.5, "support": 5}, "macro_avg": {"precision": 0.4583333333333333, "recall": 0.45, "f1": 0.41666666666666663, "support": 7}, "macro_auc": 0.4, "macro_aupoc": 0.6861904761904761, "doa": NaN, "doa_know_support": 0, "doa_z_support": 0}}
{"id": 4, "metrics": {"doa": NaN, "doa_know_support": 0, "doa_z_support": 0}}
{"id": 5, "metrics": {"doa": NaN, "doa_know_support": 0, "doa_z_support": 0}}
{"id": 6, "metrics": {"doa": NaN, "doa_know_support": 0, "doa_z_support": 0}}
{"id": 7, "metrics": {"doa": NaN, "doa_know_support": 0, "doa_z_support": 0}}
{"id": 8, "metrics": {"doa": NaN, "doa_know_support": 0, "doa_z_support": 0}}
{"id": 9, "metrics": {"doa": NaN, "doa_know_support": 0, "doa_z_support": 0}}
{"id": 10, "metrics": {"doa": NaN, "doa_know_support": 0, "doa_z_support": 0}}
{"id": 11, "metrics": {"doa": NaN, "doa_know_support": 0, "doa_z_support": 0}}
{"id": 12, "metrics": {"doa": NaN, "doa_know_support": 0, "doa_z_support": 0}}
{"id": 13, "metrics": {"doa": NaN, "doa_know_support": 0, "doa_z_support": 0}}
{"id": 14, "metrics": {"doa": NaN, "doa_know_support": 0, "doa_z_support": 0}}
{"id": 15, "metrics": {"accuracy": 0.6190476190476191, "0.0": {"precision": 0.42857142857142855, "recall": 0.42857142857142855, "f1": 0.42857142857142855, "support": 7}, "1.0": {"precision": 0.7142857142857143, "recall": 0.7142857142857143, "f1": 0.7142857142857143, "support": 14}, "macro_avg": {"precision": 0.5714285714285714, "recall": 0.5714285714285714, "f1": 0.5714285714285714, "support": 21}, "macro_auc": 0.6122448979591837, "macro_aupoc": 0.8155626353105343, "doa": NaN, "doa_know_support": 0, "doa_z_support": 0}}
{"id": 16, "metrics": {"accuracy": 0.8421052631578947, "0.0": {"precision": 0.6, "recall": 0.75, "f1": 0.6666666666666665, "support": 4}, "1.0": {"precision": 0.9285714285714286, "recall": 0.8666666666666667, "f1": 0.896551724137931, "support": 15}, "macro_avg": {"precision": 0.7642857142857142, "recall": 0.8083333333333333, "f1": 0.7816091954022988, "support": 19}, "macro_auc": 0.85, "macro_aupoc": 0.9590492840492839, "doa": 1.0, "doa_know_support": 1, "doa_z_support": 1}}
{"id": 17, "metrics": {"accuracy": 0.6470588235294118, "0.0": {"precision": 0.16666666666666666, "recall": 0.5, "f1": 0.25, "support": 2}, "1.0": {"precision": 0.9090909090909091, "recall": 0.6666666666666666, "f1": 0.7692307692307692, "support": 15}, "macro_avg": {"precision": 0.5378787878787878, "recall": 0.5833333333333333, "f1": 0.5096153846153846, "support": 17}, "macro_auc": 0.8333333333333333, "macro_aupoc": 0.9759432234432234, "doa": NaN, "doa_know_support": 0, "doa_z_support": 0}}
{"id": 18, "metrics": {"accuracy": 0.5625, "0.0": {"precision": 0.4, "recall": 0.3333333333333333, "f1": 0.3636363636363636, "support": 6}, "1.0": {"precision": 0.6363636363636364, "recall": 0.7, "f1": 0.6666666666666666, "support": 10}, "macro_avg": {"precision": 0.5181818181818182, "recall": 0.5166666666666666, "f1": 0.5151515151515151, "support": 16}, "macro_auc": 0.5666666666666667, "macro_aupoc": 0.7554220779220779, "doa": NaN, "doa_know_support": 0, "doa_z_support": 0}}
{"id": 19, "metrics": {"accuracy": 0.9090909090909091, "0.0": {"precision": 0.75, "recall": 1.0, "f1": 0.8571428571428571, "support": 3}, "1.0": {"precision": 1.0, "recall": 0.875, "f1": 0.9333333333333333, "support": 8}, "macro_avg": {"precision": 0.875, "recall": 0.9375, "f1": 0.8952380952380952, "support": 11}, "macro_auc": 1.0, "macro_aupoc": 1.0, "doa": NaN, "doa_know_support": 0, "doa_z_support": 0}}
{"id": 20, "metrics": {"accuracy": 0.7272727272727273, "0.0": {"precision": 1.0, "recall": 0.25, "f1": 0.4, "support": 4}, "1.0": {"precision": 0.7, "recall": 1.0, "f1": 0.8235294117647058, "support": 7}, "macro_avg": {"precision": 0.85, "recall": 0.625, "f1": 0.611764705882353, "support": 11}, "macro_auc": 0.9642857142857143, "macro_aupoc": 0.9821428571428572, "doa": NaN, "doa_know_support": 0, "doa_z_support": 0}}
{"id": 21, "metrics": {"accuracy": 0.42857142857142855, "0.0": {"precision": 0.5, "recall": 0.25, "f1": 0.3333333333333333, "support": 4}, "1.0": {"precision": 0.4, "recall": 0.6666666666666666, "f1": 0.5, "support": 3}, "macro_avg": {"precision": 0.45, "recall": 0.4583333333333333, "f1": 0.41666666666666663, "support": 7}, "macro_auc": 0.41666666666666663, "macro_aupoc": 0.6095238095238096, "doa": 0.0, "doa_know_support": 1, "doa_z_support": 1}}
{"id": 22, "metrics": {"doa": NaN, "doa_know_support": 0, "doa_z_support": 0}}
{"id": 23, "metrics": {"accuracy": 0.6, "0.0": {"precision": 0.0, "recall": 0.0, "f1": 0.0, "support": 1}, "1.0": {"precision": 0.75, "recall": 0.75, "f1": 0.75, "support": 4}, "macro_avg": {"precision": 0.375, "recall": 0.375, "f1": 0.375, "support": 5}, "macro_auc": 0.25, "macro_aupoc": 0.8041666666666667, "doa": NaN, "doa_know_support": 0, "doa_z_support": 0}}
{"id": 24, "metrics": {"accuracy": 0.75, "0.0": {"precision": 0.0, "recall": 0.0, "f1": 0.0, "support": 1}, "1.0": {"precision": 0.75, "recall": 1.0, "f1": 0.8571428571428571, "support": 3}, "macro_avg": {"precision": 0.375, "recall": 0.5, "f1": 0.42857142857142855, "support": 4}, "macro_auc": 1.0, "macro_aupoc": 1.0, "doa": NaN, "doa_know_support": 0, "doa_z_support": 0}}
{"id": 25, "metrics": {"accuracy": 1.0, "0.0": {"precision": 1.0, "recall": 1.0, "f1": 1.0, "support": 1}, "1.0": {"precision": 1.0, "recall": 1.0, "f1": 1.0, "support": 3}, "macro_avg": {"precision": 1.0, "recall": 1.0, "f1": 1.0, "support": 4}, "macro_auc": 1.0, "macro_aupoc": 1.0, "doa": NaN, "doa_know_support": 0, "doa_z_support": 0}}
{"id": 26, "metrics": {"accuracy": 1.0, "0.0": {"precision": 1.0, "recall": 1.0, "f1": 1.0, "support": 3}, "1.0": {"precision": 1.0, "recall": 1.0, "f1": 1.0, "support": 4}, "macro_avg": {"precision": 1.0, "recall": 1.0, "f1": 1.0, "support": 7}, "macro_auc": 1.0, "macro_aupoc": 1.0, "doa": NaN, "doa_know_support": 0, "doa_z_support": 0}}
{"id": 27, "metrics": {"accuracy": 0.75, "0.0": {"precision": 1.0, "recall": 0.5, "f1": 0.6666666666666666, "support": 2}, "1.0": {"precision": 0.6666666666666666, "recall": 1.0, "f1": 0.8, "support": 2}, "macro_avg": {"precision": 0.8333333333333333, "recall": 0.75, "f1": 0.7333333333333334, "support": 4}, "macro_auc": 0.75, "macro_aupoc": 0.8333333333333333, "doa": NaN,