{"id": 48, "metrics": {"theta": {"delta": 36103.0625, "delta_ave": 0.02216721884906292, "support": 3277}, "a": {"delta": 1635.988037109375, "delta_ave": 0.002995201386511326, "support": 1099}, "b": {"delta": 29.515010833740234, "delta_ave": 0.02685624361038208, "support": 1099}, "user": {"delta": 36103.0625, "delta_ave": 0.02216721884906292, "support": 3277}, "item": {"delta": 1665.5030479431152, "delta_ave": 0.003043115125916689, "support": 1099}, "macro_ave": 0.012605166987489804, "micro_ave": 0.017364341794278253}}
