{"id": 48, "metrics": {"accuracy": 0.653982883475971, "0.0": {"precision": 0.35372843666698894, "recall": 0.37568760910064397, "f1": 0.36437748089973965, "support": 68171}, "1.0": {"precision": 0.7709697729608722, "recall": 0.7538027665093471, "f1": 0.7622896303666538, "support": 190059}, "macro_avg": {"precision": 0.5623491048139306, "recall": 0.5647451878049955, "f1": 0.5633335556331966, "support": 258230}, "macro_auc": 0.6555741445810339, "macro_aupoc": 0.8336174713922428, "doa": 0.5475579570330814, "doa_know_support": 360, "doa_z_support": 16693221}}
