{"id": 48, "metrics": {"accuracy": 0.6455407969639468, "0.0": {"precision": 0.3429144385026738, "recall": 0.3669527896995708, "f1": 0.354526606772633, "support": 1398}, "1.0": {"precision": 0.7655007949125596, "recall": 0.7461260330578512, "f1": 0.7556892492806697, "support": 3872}, "macro_avg": {"precision": 0.5542076167076166, "recall": 0.556539411378711, "f1": 0.5551079280266513, "support": 5270}, "macro_auc": 0.6405245946097731, "macro_aupoc": 0.8231157019294699, "doa": 0.5414568368838962, "doa_know_support": 269, "doa_z_support": 6887}}
