{"id": 48, "metrics": {"theta": {"delta": 41059.35546875, "delta_ave": 0.012115324847400188, "support": 6819}, "a": {"delta": 1696.688720703125, "delta_ave": 0.0028931021224707365, "support": 1180}, "b": {"delta": 30.69800567626953, "delta_ave": 0.026015259325504303, "support": 1180}, "user": {"delta": 41059.35546875, "delta_ave": 0.012115324847400188, "support": 6819}, "item": {"delta": 1727.3867263793945, "delta_ave": 0.002939532157014981, "support": 1180}, "macro_ave": 0.007527428502207585, "micro_ave": 0.010761726225740663}}
