{"id": 48, "metrics": {"accuracy": 0.6981025737366147, "0.0": {"precision": 0.579971181556196, "recall": 0.4401312192454893, "f1": 0.5004662729250855, "support": 1829}, "1.0": {"precision": 0.7397712833545108, "recall": 0.8331425300515168, "f1": 0.7836855566025037, "support": 3494}, "macro_avg": {"precision": 0.6598712324553534, "recall": 0.636636874648503, "f1": 0.6420759147637947, "support": 5323}, "macro_auc": 0.7106052772494782, "macro_aupoc": 0.8004859218574054, "doa": 0.6581097164168315, "doa_know_support": 62, "doa_z_support": 966}}
