{"id": 0, "metrics": {"accuracy": 0.691608603453499, "0.0": {"precision": 0.0, "recall": 0.0, "f1": 0.0, "support": 1018}, "1.0": {"precision": 0.691608603453499, "recall": 1.0, "f1": 0.8176934097421203, "support": 2283}, "macro_avg": {"precision": 0.3458043017267495, "recall": 0.5, "f1": 0.4088467048710602, "support": 3301}, "macro_auc": 0.6635693306725114, "macro_aupoc": 0.8020921446045177, "doa": 0.5392067630250799, "doa_know_support": 203, "doa_z_support": 2197}}
{"id": 1, "metrics": {"accuracy": 0.696991576413959, "0.0": {"precision": 0.0, "recall": 0.0, "f1": 0.0, "support": 1259}, "1.0": {"precision": 0.696991576413959, "recall": 1.0, "f1": 0.8214437668415828, "support": 2896}, "macro_avg": {"precision": 0.3484957882069795, "recall": 0.5, "f1": 0.4107218834207914, "support": 4155}, "macro_auc": 0.7106902127883657, "macro_aupoc": 0.8256908364666193, "doa": 0.5579207591994788, "doa_know_support": 223, "doa_z_support": 2937}}
{"id": 2, "metrics": {"accuracy": 0.6871459694989107, "0.0": {"precision": 0.0, "recall": 0.0, "f1": 0.0, "support": 1436}, "1.0": {"precision": 0.6871459694989107, "recall": 1.0, "f1": 0.8145661157024794, "support": 3154}, "macro_avg": {"precision": 0.34357298474945536, "recall": 0.5, "f1": 0.4072830578512397, "support": 4590}, "macro_auc": 0.7070233359769529, "macro_aupoc": 0.8149092972323801, "doa": 0.5202480991763371, "doa_know_support": 248, "doa_z_support": 3173}}
{"id": 3, "metrics": {"accuracy": 0.7084474404887298, "0.0": {"precision": 0.7087378640776699, "recall": 0.051156271899089, "f1": 0.0954248366013072, "support": 1427}, "1.0": {"precision": 0.7084409991386735, "recall": 0.9909638554216867, "f1": 0.8262179809141135, "support": 3320}, "macro_avg": {"precision": 0.7085894316081718, "recall": 0.5210600636603879, "f1": 0.4608214087577103, "support": 4747}, "macro_auc": 0.7368361673744733, "macro_aupoc": 0.8355180197070577, "doa": 0.5517134207404897, "doa_know_support": 270, "doa_z_support": 3213}}
{"id": 4, "metrics": {"accuracy": 0.7231661003397961, "0.0": {"precision": 0.5935613682092555, "recall": 0.19959404600811909, "f1": 0.29873417721518986, "support": 1478}, "1.0": {"precision": 0.7374611628939192, "recall": 0.9426950354609929, "f1": 0.8275432698294111, "support": 3525}, "macro_avg": {"precision": 0.6655112655515873, "recall": 0.571144540734556, "f1": 0.5631387235223004, "support": 5003}, "macro_auc": 0.7042356452557126, "macro_aupoc": 0.8148273219868716, "doa": 0.547583567742865, "doa_know_support": 269, "doa_z_support": 3879}}
{"id": 5, "metrics": {"accuracy": 0.7103190232374951, "0.0": {"precision": 0.5402476780185759, "recall": 0.22915298752462246, "f1": 0.32180728446288615, "support": 1523}, "1.0": {"precision": 0.7351083032490975, "recall": 0.9164556962025316, "f1": 0.8158257167897834, "support": 3555}, "macro_avg": {"precision": 0.6376779906338367, "recall": 0.5728043418635771, "f1": 0.5688165006263348, "support": 5078}, "macro_auc": 0.6957373715545876, "macro_aupoc": 0.8225426679012655, "doa": 0.5408753469147827, "doa_know_support": 282, "doa_z_support": 3338}}
{"id": 6, "metrics": {"accuracy": 0.7251495850221965, "0.0": {"precision": 0.5722801788375559, "recall": 0.252465483234714, "f1": 0.3503649635036496, "support": 1521}, "1.0": {"precision": 0.7478935698447894, "recall": 0.9215846994535519, "f1": 0.825703794369645, "support": 3660}, "macro_avg": {"precision": 0.6600868743411726, "recall": 0.5870250913441329, "f1": 0.5880343789366473, "support": 5181}, "macro_auc": 0.6975430494030747, "macro_aupoc": 0.8202870362977762, "doa": 0.5602878696358365, "doa_know_support": 291, "doa_z_support": 3363}}
{"id": 7, "metrics": {"accuracy": 0.7277970011534025, "0.0": {"precision": 0.5654205607476636, "recall": 0.31675392670157065, "f1": 0.4060402684563758, "support": 1528}, "1.0": {"precision": 0.7597791072250345, "recall": 0.8987479586281981, "f1": 0.8234413965087283, "support": 3674}, "macro_avg": {"precision": 0.662599833986349, "recall": 0.6077509426648844, "f1": 0.6147408324825521, "support": 5202}, "macro_auc": 0.6935487663416622, "macro_aupoc": 0.8124185769979344, "doa": 0.5689817548356504, "doa_know_support": 274, "doa_z_support": 3317}}
{"id": 8, "metrics": {"accuracy": 0.7126327769347496, "0.0": {"precision": 0.554932735426009, "recall": 0.3068815871047737, "f1": 0.39520958083832336, "support": 1613}, "1.0": {"precision": 0.7447488584474886, "recall": 0.8915004099480732, "f1": 0.8115437243438238, "support": 3659}, "macro_avg": {"precision": 0.6498407969367488, "recall": 0.5991909985264234, "f1": 0.6033766525910735, "support": 5272}, "macro_auc": 0.7013405022427268, "macro_aupoc": 0.8200578638417417, "doa": 0.5417083953257996, "doa_know_support": 292, "doa_z_support": 3596}}
{"id": 9, "metrics": {"accuracy": 0.7165755232887046, "0.0": {"precision": 0.5281124497991968, "recall": 0.3373957665169981, "f1": 0.4117416829745597, "support": 1559}, "1.0": {"precision": 0.760157882516833, "recall": 0.874465811965812, "f1": 0.8133151161346416, "support": 3744}, "macro_avg": {"precision": 0.6441351661580149, "recall": 0.605930789241405, "f1": 0.6125283995546007, "support": 5303}, "macro_auc": 0.697996589283071, "macro_aupoc": 0.8236307384764137, "doa": 0.5598679840008507, "doa_know_support": 280, "doa_z_support": 3824}}
{"id": 10, "metrics": {"accuracy": 0.7268292682926829, "0.0": {"precision": 0.5658914728682171, "recall": 0.2811296534017972, "f1": 0.3756432246998285, "support": 1558}, "1.0": {"precision": 0.7541703248463565, "recall": 0.9109225874867445, "f1": 0.8251681075888568, "support": 3772}, "macro_avg": {"precision": 0.6600308988572867, "recall": 0.5960261204442708, "f1": 0.6004056661443427, "support": 5330}, "macro_auc": 0.6908300571605928, "macro_aupoc": 0.8122124546920559, "doa": 0.5765231106462388, "doa_know_support": 278, "doa_z_support": 3914}}
{"id": 11, "metrics": {"accuracy": 0.7298206278026906, "0.0": {"precision": 0.5679156908665105, "recall": 0.31049935979513443, "f1": 0.40149006622516553, "support": 1562}, "1.0": {"precision": 0.7605602489995553, "recall": 0.9026385224274406, "f1": 0.825530888030888, "support": 3790}, "macro_avg": {"precision": 0.664237969933033, "recall": 0.6065689411112876, "f1": 0.6135104771280268, "support": 5352}, "macro_auc": 0.6844960624866976, "macro_aupoc": 0.8097014714173918, "doa": 0.5556868213199379, "doa_know_support": 278, "doa_z_support": 3795}}
{"id": 12, "metrics": {"accuracy": 0.7062220566318927, "0.0": {"precision": 0.49727767695099817, "recall": 0.3488224061107575, "f1": 0.4100261878039656, "support": 1571}, "1.0": {"precision": 0.760196905766526, "recall": 0.8540953384250725, "f1": 0.8044152300632519, "support": 3797}, "macro_avg": {"precision": 0.6287372913587621, "recall": 0.601458872267915, "f1": 0.6072207089336088, "support": 5368}, "macro_auc": 0.6780918702443066, "macro_aupoc": 0.806868226132058, "doa": 0.5276297070602112, "doa_know_support": 290, "doa_z_support": 4058}}
{"id": 13, "metrics": {"accuracy": 0.7253703703703703, "0.0": {"precision": 0.6030769230769231, "recall": 0.24242424242424243, "f1": 0.3458314953683282, "support": 1617}, "1.0": {"precision": 0.7421052631578947, "recall": 0.9318001586042823, "f1": 0.8262041485995546, "support": 3783}, "macro_avg": {"precision": 0.6725910931174088, "recall": 0.5871122005142624, "f1": 0.5860178219839414, "support": 5400}, "macro_auc": 0.7095936300649113, "macro_aupoc": 0.8161324197886435, "doa": 0.5379959692658273, "doa_know_support": 289, "doa_z_support": 3801}}
{"id": 14, "metrics": {"accuracy": 0.7127010537992235, "0.0": {"precision": 0.5530612244897959, "recall": 0.32689987937273823, "f1": 0.41091736163760423, "support": 1658}, "1.0": {"precision": 0.748024384736961, "recall": 0.8832311383631032, "f1": 0.8100244498777507, "support": 3751}, "macro_avg": {"precision": 0.6505428046133784, "recall": 0.6050655088679207, "f1": 0.6104709057576775, "support": 5409}, "macro_auc": 0.7035769150743557, "macro_aupoc": 0.8132743268094365, "doa": 0.5577731692505539, "doa_know_support": 282,