{"id": 1, "metrics": {"theta": {"delta": 345885.46875, "delta_ave": 0.22079524397850037, "support": 3152}, "a": {"delta": 219992.671875, "delta_ave": 0.24334314465522766, "support": 1819}, "b": {"delta": 200147.09375, "delta_ave": 0.22139112651348114, "support": 1819}, "user": {"delta": 345885.46875, "delta_ave": 0.22079524397850037, "support": 3152}, "item": {"delta": 420139.765625, "delta_ave": 0.2323671355843544, "support": 1819}, "macro_ave": 0.22658118978142738, "micro_ave": 0.22502965774455316}}
{"id": 2, "metrics": {"theta": {"delta": 352900.3125, "delta_ave": 0.1503092646598816, "support": 4724}, "a": {"delta": 140520.109375, "delta_ave": 0.1398993730545044, "support": 2021}, "b": {"delta": 159619.5, "delta_ave": 0.15891440212726593, "support": 2021}, "user": {"delta": 352900.3125, "delta_ave": 0.1503092646598816, "support": 4724}, "item": {"delta": 300139.609375, "delta_ave": 0.14940688759088516, "support": 2021}, "macro_ave": 0.14985807612538338, "micro_ave": 0.15003888600066118}}
{"id": 3, "metrics": {"theta": {"delta": 502553.09375, "delta_ave": 0.17545951902866364, "support": 5763}, "a": {"delta": 196750.0, "delta_ave": 0.18887178599834442, "support": 2096}, "b": {"delta": 222434.9375, "delta_ave": 0.21352824568748474, "support": 2096}, "user": {"delta": 502553.09375, "delta_ave": 0.17545951902866364, "support": 5763}, "item": {"delta": 419184.9375, "delta_ave": 0.20120001584291458, "support": 2096}, "macro_ave": 0.1883297674357891, "micro_ave": 0.182324524922883}}
{"id": 4, "metrics": {"theta": {"delta": 566727.3125, "delta_ave": 0.17556527256965637, "support": 6495}, "a": {"delta": 166734.96875, "delta_ave": 0.15750367939472198, "support": 2130}, "b": {"delta": 165184.84375, "delta_ave": 0.15603937208652496, "support": 2130}, "user": {"delta": 566727.3125, "delta_ave": 0.17556527256965637, "support": 6495}, "item": {"delta": 331919.8125, "delta_ave": 0.15677152574062347, "support": 2130}, "macro_ave": 0.16616839915513992, "micro_ave": 0.1709240342223126}}
{"id": 5, "metrics": {"theta": {"delta": 523202.40625, "delta_ave": 0.1479995995759964, "support": 7113}, "a": {"delta": 172532.203125, "delta_ave": 0.16146385669708252, "support": 2150}, "b": {"delta": 233045.515625, "delta_ave": 0.2180950939655304, "support": 2150}, "user": {"delta": 523202.40625, "delta_ave": 0.1479995995759964, "support": 7113}, "item": {"delta": 405577.71875, "delta_ave": 0.18977947533130646, "support": 2150}, "macro_ave": 0.16888953745365143, "micro_ave": 0.1576969689891365}}
{"id": 6, "metrics": {"theta": {"delta": 399542.84375, "delta_ave": 0.10680339485406876, "support": 7527}, "a": {"delta": 52938.63671875, "delta_ave": 0.04938172176480293, "support": 2157}, "b": {"delta": 94222.1796875, "delta_ave": 0.08789144456386566, "support": 2157}, "user": {"delta": 399542.84375, "delta_ave": 0.10680339485406876, "support": 7527}, "item": {"delta": 147160.81640625, "delta_ave": 0.0686365831643343, "support": 2157}, "macro_ave": 0.08771998900920153, "micro_ave": 0.09830217502602691}}
{"id": 7, "metrics": {"theta": {"delta": 419678.96875, "delta_ave": 0.107024647295475, "support": 7890}, "a": {"delta": 38365.69140625, "delta_ave": 0.035672158002853394, "support": 2164}, "b": {"delta": 67521.1171875, "delta_ave": 0.06278067082166672, "support": 2164}, "user": {"delta": 419678.96875, "delta_ave": 0.107024647295475, "support": 7890}, "item": {"delta": 105886.80859375, "delta_ave": 0.049226414412260056, "support": 2164}, "macro_ave": 0.07812553085386753, "micro_ave": 0.0945842876416778}}
{"id": 8, "metrics": {"theta": {"delta": 390546.5, "delta_ave": 0.09632358700037003, "support": 8158}, "a": {"delta": 35483.33203125, "delta_ave": 0.032870642840862274, "support": 2172}, "b": {"delta": 73266.2578125, "delta_ave": 0.06787155568599701, "support": 2172}, "user": {"delta": 390546.5, "delta_ave": 0.09632358700037003, "support": 8158}, "item": {"delta": 108749.58984375, "delta_ave": 0.05037109926342964, "support": 2172}, "macro_ave": 0.07334734313189983, "micro_ave": 0.08666155376081199}}
{"id": 9, "metrics": {"theta": {"delta": 409193.90625, "delta_ave": 0.09793359786272049, "support": 8407}, "a": {"delta": 41761.75390625, "delta_ave": 0.03858019784092903, "support": 2178}, "b": {"delta": 74549.125, "delta_ave": 0.06886971741914749, "support": 2178}, "user": {"delta": 409193.90625, "delta_ave": 0.09793359786272049, "support": 8407}, "item": {"delta": 116310.87890625, "delta_ave": 0.05372495763003826, "support": 2178}, "macro_ave": 0.07582927774637938, "micro_ave": 0.08883710108173024}}
{"id": 10, "metrics": {"theta": {"delta": 416130.875, "delta_ave": 0.09742674976587296, "support": 8594}, "a": {"delta": 47766.2265625, "delta_ave": 0.04402615875005722, "support": 2183}, "b": {"delta": 73361.1796875, "delta_ave": 0.06761704385280609, "support": 2183}, "user": {"delta": 416130.875, "delta_ave": 0.09742674976587296, "support": 8594}, "item": {"delta": 121127.40625, "delta_ave": 0.055821601301431656, "support": 2183}, "macro_ave": 0.0766241755336523, "micro_ave": 0.0889991688901306}}
{"id": 11, "metrics": {"theta": {"delta": 402858.59375, "delta_ave": 0.09256374090909958, "support": 8757}, "a": {"delta": 38774.546875, "delta_ave": 0.035624291747808456, "support": 2190}, "b": {"delta": 66067.7890625, "delta_ave": 0.060700081288814545, "support": 2190}, "user": {"delta": 402858.59375, "delta_ave": 0.09256374090909958, "support": 8757}, "item": {"delta": 104842.3359375, "delta_ave": 0.0481621865183115, "support": 2190}, "macro_ave": 0.07036296371370554, "micro_ave": 0.08368099640230997}}
{"id": 12, "metrics": {"theta": {"delta": 410553.21875, "delta_ave": 0.09286821633577347, "support": 8895}, "a": {"delta": 38566.0234375, "delta_ave": 0.035400379449129105, "support": 2192}, "b": {"delta": 66230.8984375, "delta_ave": 0.060794416815042496, "support": 2192}, "user": {"delta": 410553.21875, "delta_ave": 0.09286821633577347, "support": 8895}, "item": {"delta": 104796.921875, "delta_ave": 0.0480973981320858, "support": 2192}, "macro_ave": 0.07048280723392963, "micro_ave": 0.08401662135945134}}
{"id": 13, "metrics": {"theta": {"delta": 415687.25, "delta_ave": 0.0927676185965538, "support": 9016}, "a": {"delta": 42743.98046875, "delta_ave": 0.03918176889419556, "support": 2195}, "b": {"delta": 71824.375, "delta_ave": 0.06583865731954575, "support": 2195}, "user": {"delta": 415687.25, "delta_ave": 0.0927676185965538, "support": 9016}, "item": {"delta": 114568.35546875, "delta_ave": 0.05251021310687065, "support": 2195}, "macro_ave": 0.07263891585171223, "micro_ave": 0.08488562724432344}}
{"id": 14, "metrics": {"theta": {"delta": 446110.40625, "delta_ave": 0.09844335168600082, "support": 9118}, "a": {"delta": 48716.9453125, "delta_ave": 0.04461630433797836, "support": 2197}, "b": {"delta": 73710.953125, "delta_ave": 0.06750649958848953, "support": 2197}, "user": {"delta": 446110.40625, "delta_ave": 0.09844335168600082, "support": 9118}, "item": {"delta": 122427.8984375, "delta_ave": 0.05606140196323395, "support": 2197}, "macro_ave": 0.07725237682461739, "micro_ave": 0.09021417417465138}}
{"id": 15, "metrics": {"theta": {"delta": 433734.0, "delta_ave": 0.09489009529352188, "support": 9197}, "a": {"delta": 45187.60546875, "delta_ave": 0.04138404130935669, "support": 2197}, "b": {"delta": 72791.5078125, "delta_ave": 0.0666644424200058, "support": 2197}, "user": {"delta": 433734.0, "delta_ave": 0.09489009529352188, "support": 9197}, "item": {"delta": 117979.11328125, "delta_ave": 0.054024241864681244, "support": 2197}, "macro_ave": 0.07445716857910156, "micro_ave": 0.08701030944279668}}
{"id": 16, "metrics": {"theta": {"delta": 462937.28125, "delta_ave": 0.1005140095949173, "support": 9267}, "a": {"delta": 47927.9140625, "delta_ave": 0.04387371987104416, "support": 2198}, "b": {"delta": 69169.4765625, "delta_ave": 0.06331846863031387, "support": 2198}, "user": {"delta": 462937.28125, "delta_ave": 0.1005140095949173, "support": 9267}, "item": {"delta": 117097.390625,