{"id": 0, "metrics": {"accuracy": 0.27548122436099715, "0.0": {"precision": 0.27548122436099715, "recall": 1.0, "f1": 0.4319643740722414, "support": 873}, "1.0": {"precision": 0.0, "recall": 0.0, "f1": 0.0, "support": 2296}, "macro_avg": {"precision": 0.13774061218049857, "recall": 0.5, "f1": 0.2159821870361207, "support": 3169}, "macro_auc": 0.47994619857833337, "macro_aupoc": 0.7120435781870337, "doa": 0.5241626173825902, "doa_know_support": 218, "doa_z_support": 2440}}
{"id": 1, "metrics": {"accuracy": 0.7145214521452146, "0.0": {"precision": 0.45098039215686275, "recall": 0.26090750436300175, "f1": 0.33056937534549474, "support": 1146}, "1.0": {"precision": 0.7633417155630065, "recall": 0.8824289405684754, "f1": 0.8185767790262173, "support": 3096}, "macro_avg": {"precision": 0.6071610538599346, "recall": 0.5716682224657386, "f1": 0.574573077185856, "support": 4242}, "macro_auc": 0.658023526387705, "macro_aupoc": 0.8199585312622468, "doa": 0.538401536303292, "doa_know_support": 243, "doa_z_support": 4394}}
{"id": 2, "metrics": {"accuracy": 0.7284002522598276, "0.0": {"precision": 0.46995073891625616, "recall": 0.3874898456539399, "f1": 0.4247551202137133, "support": 1231}, "1.0": {"precision": 0.7985034740780331, "recall": 0.8474191718661372, "f1": 0.8222344523940562, "support": 3526}, "macro_avg": {"precision": 0.6342271064971446, "recall": 0.6174545087600386, "f1": 0.6234947863038848, "support": 4757}, "macro_auc": 0.703670493716631, "macro_aupoc": 0.8584612869814064, "doa": 0.566329793323421, "doa_know_support": 270, "doa_z_support": 5431}}
{"id": 3, "metrics": {"accuracy": 0.7520032874460654, "0.0": {"precision": 0.5209080047789725, "recall": 0.35104669887278583, "f1": 0.4194324194324194, "support": 1242}, "1.0": {"precision": 0.8, "recall": 0.8893793103448275, "f1": 0.8423252775963423, "support": 3625}, "macro_avg": {"precision": 0.6604540023894863, "recall": 0.6202130046088067, "f1": 0.6308788485143808, "support": 4867}, "macro_auc": 0.7173656505080793, "macro_aupoc": 0.867336290589677, "doa": 0.5581042227166303, "doa_know_support": 258, "doa_z_support": 5843}}
{"id": 4, "metrics": {"accuracy": 0.7651336477987422, "0.0": {"precision": 0.593200468933177, "recall": 0.37370753323485967, "f1": 0.45854100589034885, "support": 1354}, "1.0": {"precision": 0.7997638724911452, "recall": 0.9070701660417783, "f1": 0.850043920190739, "support": 3734}, "macro_avg": {"precision": 0.6964821707121611, "recall": 0.640388849638319, "f1": 0.654292463040544, "support": 5088}, "macro_auc": 0.7487902099672537, "macro_aupoc": 0.8725794593088634, "doa": 0.6144403188789789, "doa_know_support": 272, "doa_z_support": 6135}}
{"id": 5, "metrics": {"accuracy": 0.7706993960646795, "0.0": {"precision": 0.5878962536023055, "recall": 0.3140877598152425, "f1": 0.40943301555444056, "support": 1299}, "1.0": {"precision": 0.7992791169182248, "recall": 0.9254042775169535, "f1": 0.8577299649462106, "support": 3834}, "macro_avg": {"precision": 0.6935876852602652, "recall": 0.619746018666098, "f1": 0.6335814902503256, "support": 5133}, "macro_auc": 0.7389630601445758, "macro_aupoc": 0.8753577125681238, "doa": 0.5784694381551841, "doa_know_support": 267, "doa_z_support": 6861}}
{"id": 6, "metrics": {"accuracy": 0.7766859344894027, "0.0": {"precision": 0.6306413301662708, "recall": 0.38506163886874545, "f1": 0.47816298964430426, "support": 1379}, "1.0": {"precision": 0.8049678012879485, "recall": 0.9183941222776174, "f1": 0.8579482779752421, "support": 3811}, "macro_avg": {"precision": 0.7178045657271097, "recall": 0.6517278805731814, "f1": 0.6680556338097732, "support": 5190}, "macro_auc": 0.7638973590627033, "macro_aupoc": 0.8835386717359186, "doa": 0.5749531208138843, "doa_know_support": 256, "doa_z_support": 7010}}
{"id": 7, "metrics": {"accuracy": 0.7732334869431644, "0.0": {"precision": 0.6114341085271318, "recall": 0.44720056697377747, "f1": 0.5165779778960294, "support": 1411}, "1.0": {"precision": 0.8132183908045977, "recall": 0.8943903081380037, "f1": 0.8518750783895648, "support": 3797}, "macro_avg": {"precision": 0.7123262496658647, "recall": 0.6707954375558906, "f1": 0.684226528142797, "support": 5208}, "macro_auc": 0.775135056640449, "macro_aupoc": 0.8907364010145793, "doa": 0.6206369458195243, "doa_know_support": 281, "doa_z_support": 6692}}
{"id": 8, "metrics": {"accuracy": 0.7785196489889356, "0.0": {"precision": 0.6146971201588878, "recall": 0.444683908045977, "f1": 0.516048353480617, "support": 1392}, "1.0": {"precision": 0.8174734356552539, "recall": 0.8992207792207793, "f1": 0.8564007421150278, "support": 3850}, "macro_avg": {"precision": 0.7160852779070708, "recall": 0.6719523436333781, "f1": 0.6862245477978224, "support": 5242}, "macro_auc": 0.7807689580534408, "macro_aupoc": 0.8927293450404344, "doa": 0.601580537143293, "doa_know_support": 277, "doa_z_support": 6814}}
{"id": 9, "metrics": {"accuracy": 0.7815013404825737, "0.0": {"precision": 0.603515625, "recall": 0.4567627494456763, "f1": 0.5199831720656289, "support": 1353}, "1.0": {"precision": 0.8249166269652215, "recall": 0.8950633238562936, "f1": 0.8585595636543945, "support": 3869}, "macro_avg": {"precision": 0.7142161259826108, "recall": 0.6759130366509849, "f1": 0.6892713678600118, "support": 5222}, "macro_auc": 0.7768916494118066, "macro_aupoc": 0.8952418601007983, "doa": 0.6004695141027342, "doa_know_support": 281, "doa_z_support": 6771}}
{"id": 10, "metrics": {"accuracy": 0.7729698818147159, "0.0": {"precision": 0.5721115537848606, "recall": 0.5233236151603499, "f1": 0.546631138180434, "support": 1372}, "1.0": {"precision": 0.836131295414683, "recall": 0.861383582860093, "f1": 0.8485696122059758, "support": 3874}, "macro_avg": {"precision": 0.7041214245997718, "recall": 0.6923535990102214, "f1": 0.697600375193205, "support": 5246}, "macro_auc": 0.7858870002754402, "macro_aupoc": 0.9023238398053657, "doa": 0.6039514929749445, "doa_know_support": 272, "doa_z_support": 6862}}
{"id": 11, "metrics": {"accuracy": 0.7785388127853882, "0.0": {"precision": 0.5904121110176619, "recall": 0.5090645395213923, "f1": 0.5467289719626167, "support": 1379}, "1.0": {"precision": 0.8335382345709368, "recall": 0.8743874129481558, "f1": 0.8534743202416919, "support": 3877}, "macro_avg": {"precision": 0.7119751727942993, "recall": 0.691725976234774, "f1": 0.7001016461021543, "support": 5256}, "macro_auc": 0.7921666854020746, "macro_aupoc": 0.904139542259509, "doa": 0.6230965179063693, "doa_know_support": 266, "doa_z_support": 6669}}
{"id": 12, "metrics": {"accuracy": 0.7796577946768061, "0.0": {"precision": 0.5983402489626556, "recall": 0.5164756446991404, "f1": 0.55440215301807, "support": 1396}, "1.0": {"precision": 0.8335388409371147, "recall": 0.8747412008281573, "f1": 0.853643136759692, "support": 3864}, "macro_avg": {"precision": 0.7159395449498851, "recall": 0.6956084227636489, "f1": 0.704022644888881, "support": 5260}, "macro_auc": 0.7805789018609811, "macro_aupoc": 0.8937781625757151, "doa": 0.6322424615109848, "doa_know_support": 263, "doa_z_support": 6697}}
{"id": 13, "metrics": {"accuracy": 0.7865424824177913, "0.0": {"precision": 0.6073469387755102, "recall": 0.5367965367965368, "f1": 0.5698965913443125, "support": 1386}, "1.0": {"precision": 0.8409316154608524, "recall": 0.8758709677419355, "f1": 0.85804575906965, "support": 3875}, "macro_avg": {"precision": 0.7241392771181813, "recall": 0.7063337522692361, "f1": 0.7139711752069813, "support": 5261}, "macro_auc": 0.8013331471395988, "macro_aupoc": 0.9059855269966903, "doa": 0.6364430296480844, "doa_know_support": 266, "doa_z_support": 6727}}
{"id": 14, "metrics": {"accuracy": 0.7787072243346007, "0.0": {"precision": 0.5989445910290238, "recall": 0.490280777537797, "f1": 0.5391923990498813, "support": 1389}, "1.0": {"precision": 0.828280378365268, "recall": 0.8822009816584861, "f1": 0.8543907930948212, "support": 3871}, "macro_avg": {"precision": 0.7136124846971459, "recall": 0.6862408795981416, "f1": 0.6967915960723512, "support": 5260},