{"id": 1, "metrics": {"theta": {"delta": 97934.875, "delta_ave": 0.05958634987473488, "support": 3307}, "a": {"delta": 1335.2364501953125, "delta_ave": 0.0024715662002563477, "support": 1087}, "b": {"delta": 1014.4364013671875, "delta_ave": 0.9332441687583923, "support": 1087}, "user": {"delta": 97934.875, "delta_ave": 0.05958634987473488, "support": 3307}, "item": {"delta": 2349.6728515625, "delta_ave": 0.004340587490533729, "support": 1087}, "macro_ave": 0.031963468682634305, "micro_ave": 0.04591949877969012}}
{"id": 2, "metrics": {"theta": {"delta": 75442.8046875, "delta_ave": 0.04583224281668663, "support": 3312}, "a": {"delta": 1241.032470703125, "delta_ave": 0.0022824928164482117, "support": 1094}, "b": {"delta": 717.3628540039062, "delta_ave": 0.6557247042655945, "support": 1094}, "user": {"delta": 75442.8046875, "delta_ave": 0.04583224281668663, "support": 3312}, "item": {"delta": 1958.3953247070312, "delta_ave": 0.003594625771165373, "support": 1094}, "macro_ave": 0.024713434293926, "micro_ave": 0.035344736450867234}}
{"id": 3, "metrics": {"theta": {"delta": 64420.890625, "delta_ave": 0.0390537790954113, "support": 3319}, "a": {"delta": 4057.12451171875, "delta_ave": 0.007502967491745949, "support": 1088}, "b": {"delta": 794.6624145507812, "delta_ave": 0.7303882241249084, "support": 1088}, "user": {"delta": 64420.890625, "delta_ave": 0.0390537790954113, "support": 3319}, "item": {"delta": 4851.786926269531, "delta_ave": 0.008954544312294468, "support": 1088}, "macro_ave": 0.024004161703852885, "micro_ave": 0.03162288110493454}}
{"id": 4, "metrics": {"theta": {"delta": 100434.359375, "delta_ave": 0.060485247522592545, "support": 3341}, "a": {"delta": 2756.2705078125, "delta_ave": 0.00507858581840992, "support": 1092}, "b": {"delta": 694.5504760742188, "delta_ave": 0.6360352635383606, "support": 1092}, "user": {"delta": 100434.359375, "delta_ave": 0.060485247522592545, "support": 3341}, "item": {"delta": 3450.8209838867188, "delta_ave": 0.00634556709897207, "support": 1092}, "macro_ave": 0.03341540731078231, "micro_ave": 0.047148786655776945}}
{"id": 5, "metrics": {"theta": {"delta": 99070.7109375, "delta_ave": 0.059326622635126114, "support": 3360}, "a": {"delta": 1470.7587890625, "delta_ave": 0.002719920128583908, "support": 1088}, "b": {"delta": 600.2120971679688, "delta_ave": 0.5516655445098877, "support": 1088}, "user": {"delta": 99070.7109375, "delta_ave": 0.059326622635126114, "support": 3360}, "item": {"delta": 2070.9708862304688, "delta_ave": 0.0038222205791487752, "support": 1088}, "macro_ave": 0.03157442160713744, "micro_ave": 0.04575000630488705}}
{"id": 6, "metrics": {"theta": {"delta": 73348.421875, "delta_ave": 0.04374105855822563, "support": 3374}, "a": {"delta": 933.17333984375, "delta_ave": 0.0017337141325697303, "support": 1083}, "b": {"delta": 427.0765686035156, "delta_ave": 0.39434584975242615, "support": 1083}, "user": {"delta": 73348.421875, "delta_ave": 0.04374105855822563, "support": 3374}, "item": {"delta": 1360.2499084472656, "delta_ave": 0.00252209191493892, "support": 1083}, "macro_ave": 0.023131575236582276, "micro_ave": 0.03372532131912321}}
{"id": 7, "metrics": {"theta": {"delta": 54520.09765625, "delta_ave": 0.03272624686360359, "support": 3352}, "a": {"delta": 563.9048461914062, "delta_ave": 0.0010466950479894876, "support": 1084}, "b": {"delta": 387.4148864746094, "delta_ave": 0.3573938012123108, "support": 1084}, "user": {"delta": 54520.09765625, "delta_ave": 0.03272624686360359, "support": 3352}, "item": {"delta": 951.3197326660156, "delta_ave": 0.0017622514860704541, "support": 1084}, "macro_ave": 0.017244249174837023, "micro_ave": 0.025159752050879083}}
{"id": 8, "metrics": {"theta": {"delta": 0.0, "delta_ave": 0.0, "support": 3338}, "a": {"delta": 0.0, "delta_ave": 0.0, "support": 1077}, "b": {"delta": 0.0, "delta_ave": 0.0, "support": 1077}, "user": {"delta": 0.0, "delta_ave": 0.0, "support": 3338}, "item": {"delta": 0.0, "delta_ave": 0.0, "support": 1077}, "macro_ave": 0.0, "micro_ave": 0.0}}
{"id": 9, "metrics": {"theta": {"delta": 51539.703125, "delta_ave": 0.03141521289944649, "support": 3301}, "a": {"delta": 1739.450927734375, "delta_ave": 0.003249676199629903, "support": 1077}, "b": {"delta": 411.3700866699219, "delta_ave": 0.3819592297077179, "support": 1077}, "user": {"delta": 51539.703125, "delta_ave": 0.03141521289944649, "support": 3301}, "item": {"delta": 2150.821014404297, "delta_ave": 0.0040101371504493565, "support": 1077}, "macro_ave": 0.017712675024947923, "micro_ave": 0.02467348914849402}}
{"id": 10, "metrics": {"theta": {"delta": 0.0, "delta_ave": 0.0, "support": 3353}, "a": {"delta": 0.0, "delta_ave": 0.0, "support": 1069}, "b": {"delta": 0.0, "delta_ave": 0.0, "support": 1069}, "user": {"delta": 0.0, "delta_ave": 0.0, "support": 3353}, "item": {"delta": 0.0, "delta_ave": 0.0, "support": 1069}, "macro_ave": 0.0, "micro_ave": 0.0}}
{"id": 11, "metrics": {"theta": {"delta": 0.0, "delta_ave": 0.0, "support": 3353}, "a": {"delta": 0.0, "delta_ave": 0.0, "support": 1098}, "b": {"delta": 0.0, "delta_ave": 0.0, "support": 1098}, "user": {"delta": 0.0, "delta_ave": 0.0, "support": 3353}, "item": {"delta": 0.0, "delta_ave": 0.0, "support": 1098}, "macro_ave": 0.0, "micro_ave": 0.0}}
{"id": 12, "metrics": {"theta": {"delta": 0.0, "delta_ave": 0.0, "support": 3319}, "a": {"delta": 0.0, "delta_ave": 0.0, "support": 1092}, "b": {"delta": 0.0, "delta_ave": 0.0, "support": 1092}, "user": {"delta": 0.0, "delta_ave": 0.0, "support": 3319}, "item": {"delta": 0.0, "delta_ave": 0.0, "support": 1092}, "macro_ave": 0.0, "micro_ave": 0.0}}
{"id": 13, "metrics": {"theta": {"delta": 0.0, "delta_ave": 0.0, "support": 3332}, "a": {"delta": 0.0, "delta_ave": 0.0, "support": 1097}, "b": {"delta": 0.0, "delta_ave": 0.0, "support": 1097}, "user": {"delta": 0.0, "delta_ave": 0.0, "support": 3332}, "item": {"delta": 0.0, "delta_ave": 0.0, "support": 1097}, "macro_ave": 0.0, "micro_ave": 0.0}}
{"id": 14, "metrics": {"theta": {"delta": 0.0, "delta_ave": 0.0, "support": 3409}, "a": {"delta": 0.0, "delta_ave": 0.0, "support": 1103}, "b": {"delta": 0.0, "delta_ave": 0.0, "support": 1103}, "user": {"delta": 0.0, "delta_ave": 0.0, "support": 3409}, "item": {"delta": 0.0, "delta_ave": 0.0, "support": 1103}, "macro_ave": 0.0, "micro_ave": 0.0}}
{"id": 15, "metrics": {"theta": {"delta": 0.0, "delta_ave": 0.0, "support": 3388}, "a": {"delta": 0.0, "delta_ave": 0.0, "support": 1087}, "b": {"delta": 0.0, "delta_ave": 0.0, "support": 1087}, "user": {"delta": 0.0, "delta_ave": 0.0, "support": 3388}, "item": {"delta": 0.0, "delta_ave": 0.0, "support": 1087}, "macro_ave": 0.0, "micro_ave": 0.0}}
{"id": 16, "metrics": {"theta": {"delta": 0.0, "delta_ave": 0.0, "support": 3365}, "a": {"delta": 0.0, "delta_ave": 0.0, "support": 1094}, "b": {"delta": 0.0, "delta_ave": 0.0, "support": 1094}, "user": {"delta": 0.0, "delta_ave": 0.0, "support": 3365}, "item": {"delta": 0.0, "delta_ave": 0.0, "support": 1094}, "macro_ave": 0.0, "micro_ave": 0.0}}
{"id": 17, "metrics": {"theta": {"delta": 0.0, "delta_ave": 0.0, "support": 3344}, "a": {"delta": 0.0, "delta_ave": 0.0, "support": 1088}, "b": {"delta": 0.0, "delta_ave": 0.0, "support": 1088}, "user": {"delta": 0.0, "delta_ave": 0.0, "support": 3344}, "item": {"delta": 0.0, "delta_ave": 0.0, "support": 1088}, "macro_ave": 0.0, "micro_ave": 0.0}}
{"id": 18, "metrics": {"theta": {"delta": 0.0, "delta_ave": 0.0, "support": 3327}, "a": {"delta": 0.0, "delta_ave": 0.0, "support": 1097}, "b": {"delta": 0.0, "delta_ave": 0.0, "support": 1097}, "user": {"delta": 0.0, "delta_ave": 0.0, "support": 3327}, "item": {"delta": 0.0, "delta_ave": 0.0, "support": 1097}, "macro_ave": 0.0, "micro_ave": 0.0}}
{"id": 19, "metrics": {"theta": {"delta": 0.0, "delta_ave": 0.0, "support": 3343}, "a": {"delta": 0.0, "delta_ave": 0.0, "support": 1099}, "b": {"delta": 0.0, "delta_ave": 0.0, "support": 1099}, "user": {"delta": 0.0, "delta_ave": 0.0, "support": 3343}, "item": {"delta": 0.0, "delta_ave": 0.0,