{"id": 0, "metrics": {"accuracy": 0.2640736949846469, "0.0": {"precision": 0.2640736949846469, "recall": 1.0, "f1": 0.4178137651821862, "support": 258}, "1.0": {"precision": 0.0, "recall": 0.0, "f1": 0.0, "support": 719}, "macro_avg": {"precision": 0.13203684749232344, "recall": 0.5, "f1": 0.2089068825910931, "support": 977}, "macro_auc": 0.5044581729577039, "macro_aupoc": 0.72894693728224, "doa": 0.48358150336265426, "doa_know_support": 106, "doa_z_support": 577}}
{"id": 1, "metrics": {"accuracy": 0.8512396694214877, "0.0": {"precision": 0.7857142857142857, "recall": 0.4230769230769231, "f1": 0.55, "support": 26}, "1.0": {"precision": 0.8598130841121495, "recall": 0.968421052631579, "f1": 0.9108910891089109, "support": 95}, "macro_avg": {"precision": 0.8227636849132176, "recall": 0.695748987854251, "f1": 0.7304455445544555, "support": 121}, "macro_auc": 0.8647773279352228, "macro_aupoc": 0.9499075176159277, "doa": 0.75, "doa_know_support": 8, "doa_z_support": 11}}
{"id": 2, "metrics": {"accuracy": 0.8026315789473685, "0.0": {"precision": 0.7619047619047619, "recall": 0.6153846153846154, "f1": 0.6808510638297872, "support": 26}, "1.0": {"precision": 0.8181818181818182, "recall": 0.9, "f1": 0.8571428571428572, "support": 50}, "macro_avg": {"precision": 0.7900432900432901, "recall": 0.7576923076923077, "f1": 0.7689969604863223, "support": 76}, "macro_auc": 0.8869230769230769, "macro_aupoc": 0.9427694449559707, "doa": 1.0, "doa_know_support": 2, "doa_z_support": 2}}
{"id": 3, "metrics": {"accuracy": 0.8518518518518519, "0.0": {"precision": 0.7, "recall": 0.875, "f1": 0.7777777777777777, "support": 8}, "1.0": {"precision": 0.9411764705882353, "recall": 0.8421052631578947, "f1": 0.8888888888888888, "support": 19}, "macro_avg": {"precision": 0.8205882352941176, "recall": 0.8585526315789473, "f1": 0.8333333333333333, "support": 27}, "macro_auc": 0.881578947368421, "macro_aupoc": 0.940247796262543, "doa": NaN, "doa_know_support": 0, "doa_z_support": 0}}
{"id": 4, "metrics": {"accuracy": 0.875, "0.0": {"precision": 0.8333333333333334, "recall": 1.0, "f1": 0.9090909090909091, "support": 5}, "1.0": {"precision": 1.0, "recall": 0.6666666666666666, "f1": 0.8, "support": 3}, "macro_avg": {"precision": 0.9166666666666667, "recall": 0.8333333333333333, "f1": 0.8545454545454545, "support": 8}, "macro_auc": 1.0, "macro_aupoc": 1.0, "doa": NaN, "doa_know_support": 0, "doa_z_support": 0}}
{"id": 5, "metrics": {"doa": NaN, "doa_know_support": 0, "doa_z_support": 0}}
{"id": 6, "metrics": {"accuracy": 0.8181818181818182, "0.0": {"precision": 0.75, "recall": 0.75, "f1": 0.75, "support": 4}, "1.0": {"precision": 0.8571428571428571, "recall": 0.8571428571428571, "f1": 0.8571428571428571, "support": 7}, "macro_avg": {"precision": 0.8035714285714286, "recall": 0.8035714285714286, "f1": 0.8035714285714286, "support": 11}, "macro_auc": 0.7857142857142857, "macro_aupoc": 0.8843537414965985, "doa": NaN, "doa_know_support": 0, "doa_z_support": 0}}
{"id": 7, "metrics": {"accuracy": 0.8277377794619174, "0.0": {"precision": 0.7215648854961833, "recall": 0.5505241700640652, "f1": 0.6245457548728114, "support": 6868}, "1.0": {"precision": 0.8540425531914894, "recall": 0.9252638049380186, "f1": 0.8882277734067664, "support": 19522}, "macro_avg": {"precision": 0.7878037193438363, "recall": 0.737893987501042, "f1": 0.7563867641397889, "support": 26390}, "macro_auc": 0.8647600146411285, "macro_aupoc": 0.943425628061962, "doa": 0.7434664295300265, "doa_know_support": 345, "doa_z_support": 168528}}
{"id": 8, "metrics": {"accuracy": 0.8208791208791208, "0.0": {"precision": 0.7032466299601291, "recall": 0.5393127548048923, "f1": 0.6104655953852494, "support": 6868}, "1.0": {"precision": 0.8502106708327416, "recall": 0.9199364819178363, "f1": 0.8837003321441752, "support": 19522}, "macro_avg": {"precision": 0.7767286503964353, "recall": 0.7296246183613643, "f1": 0.7470829637647123, "support": 26390}, "macro_auc": 0.8587615628250183, "macro_aupoc": 0.9403572765865607, "doa": 0.7335081689228575, "doa_know_support": 345, "doa_z_support": 168527}}
{"id": 9, "metrics": {"accuracy": 0.8208791208791208, "0.0": {"precision": 0.7065406135442793, "recall": 0.533197437390798, "f1": 0.6077503941581611, "support": 6868}, "1.0": {"precision": 0.8488235016739756, "recall": 0.922087900829833, "f1": 0.8839401900365832, "support": 19522}, "macro_avg": {"precision": 0.7776820576091275, "recall": 0.7276426691103155, "f1": 0.7458452920973722, "support": 26390}, "macro_auc": 0.8549239274991457, "macro_aupoc": 0.9385978249139694, "doa": 0.7322104918416682, "doa_know_support": 345, "doa_z_support": 168527}}
{"id": 10, "metrics": {"accuracy": 0.8147404319818113, "0.0": {"precision": 0.6589558232931727, "recall": 0.5972626674432149, "f1": 0.6265943634002902, "support": 6868}, "1.0": {"precision": 0.862831638978428, "recall": 0.8912508964245467, "f1": 0.8768110464383803, "support": 19522}, "macro_avg": {"precision": 0.7608937311358004, "recall": 0.7442567819338808, "f1": 0.7517027049193352, "support": 26390}, "macro_auc": 0.8508520127852411, "macro_aupoc": 0.9358377351549712, "doa": 0.7245057197002396, "doa_know_support": 345, "doa_z_support": 168529}}
{"id": 11, "metrics": {"accuracy": 0.8147404319818113, "0.0": {"precision": 0.6617623017819192, "recall": 0.5894001164822364, "f1": 0.6234886407393145, "support": 6868}, "1.0": {"precision": 0.8608987323040497, "recall": 0.8940170064542567, "f1": 0.8771453700213594, "support": 19522}, "macro_avg": {"precision": 0.7613305170429845, "recall": 0.7417085614682466, "f1": 0.750317005380337, "support": 26390}, "macro_auc": 0.8472462104936999, "macro_aupoc": 0.9341463265479398, "doa": 0.7170619969065554, "doa_know_support": 345, "doa_z_support": 168529}}
{"id": 12, "metrics": {"accuracy": 0.8133004926108375, "0.0": {"precision": 0.6615077383924114, "recall": 0.5787711124053582, "f1": 0.6173798244932825, "support": 6868}, "1.0": {"precision": 0.8580540699671263, "recall": 0.8958098555475873, "f1": 0.8765255745182066, "support": 19522}, "macro_avg": {"precision": 0.7597809041797688, "recall": 0.7372904839764727, "f1": 0.7469526995057445, "support": 26390}, "macro_auc": 0.8460782854366118, "macro_aupoc": 0.9336202986848698, "doa": 0.7187140681643515, "doa_know_support": 345, "doa_z_support": 168529}}
{"id": 13, "metrics": {"accuracy": 0.8109132247063282, "0.0": {"precision": 0.6577620967741935, "recall": 0.5700349446709376, "f1": 0.6107644305772231, "support": 6868}, "1.0": {"precision": 0.8555142381837754, "recall": 0.895656182768159, "f1": 0.8751251251251251, "support": 19522}, "macro_avg": {"precision": 0.7566381674789844, "recall": 0.7328455637195483, "f1": 0.7429447778511741, "support": 26390}, "macro_auc": 0.843412382678694, "macro_aupoc": 0.9326932299306725, "doa": 0.7167968604269845, "doa_know_support": 345, "doa_z_support": 168527}}
{"id": 14, "metrics": {"accuracy": 0.8109511178476696, "0.0": {"precision": 0.6599148936170213, "recall": 0.564502038439138, "f1": 0.6084909362002668, "support": 6868}, "1.0": {"precision": 0.854204240799415, "recall": 0.8976539289007274, "f1": 0.8753902640057947, "support": 19522}, "macro_avg": {"precision": 0.7570595672082181, "recall": 0.7310779836699327, "f1": 0.7419406001030308, "support": 26390}, "macro_auc": 0.8416791037896585, "macro_aupoc": 0.931830793505404, "doa": 0.7086821498035571, "doa_know_support": 345, "doa_z_support": 168529}}
{"id": 15, "metrics": {"accuracy": 0.8090564607805987, "0.0": {"precision": 0.6576996033798931, "recall": 0.5553290623179965, "f1": 0.6021946790873923, "support": 6868}, "1.0": {"precision": 0.8516827740274877, "recall": 0.8983198442782502, "f1": 0.8743798768479046, "support": 19522}, "macro_avg": {"precision": 0.7546911887036905, "recall": 0.7268244532981234, "f1": 0.7382872779676485, "support": 26390}, "macro_auc": 0.8386862585388932, "macro_aupoc": 0.9298807686293562, "doa": 0.7029589552687994, "doa_know_support": 345, "doa_z_support": 168528}}
{"id": 16, "metrics": {"accuracy": 0.8064418340280409,