{"id": 0, "metrics": {"accuracy": 0.6999053329125907, "0.0": {"precision": 0.44108761329305135, "recall": 0.3344788087056128, "f1": 0.3804560260586319, "support": 873}, "1.0": {"precision": 0.7682489030714, "recall": 0.8388501742160279, "f1": 0.801998750780762, "support": 2296}, "macro_avg": {"precision": 0.6046682581822257, "recall": 0.5866644914608203, "f1": 0.5912273884196969, "support": 3169}, "macro_auc": 0.6736637451057867, "macro_aupoc": 0.8366163176813015, "doa": 0.5572511645282224, "doa_know_support": 218, "doa_z_support": 2440}}
{"id": 1, "metrics": {"accuracy": 0.7142857142857143, "0.0": {"precision": 0.5517241379310345, "recall": 0.5517241379310345, "f1": 0.5517241379310345, "support": 29}, "1.0": {"precision": 0.7903225806451613, "recall": 0.7903225806451613, "f1": 0.7903225806451614, "support": 62}, "macro_avg": {"precision": 0.6710233592880979, "recall": 0.6710233592880979, "f1": 0.6710233592880979, "support": 91}, "macro_auc": 0.7007786429365962, "macro_aupoc": 0.7968544052828566, "doa": 0.5698717948717948, "doa_know_support": 13, "doa_z_support": 43}}
{"id": 2, "metrics": {"accuracy": 0.7083333333333334, "0.0": {"precision": 1.0, "recall": 0.4166666666666667, "f1": 0.5882352941176471, "support": 12}, "1.0": {"precision": 0.631578947368421, "recall": 1.0, "f1": 0.7741935483870968, "support": 12}, "macro_avg": {"precision": 0.8157894736842105, "recall": 0.7083333333333334, "f1": 0.6812144212523719, "support": 24}, "macro_auc": 0.8819444444444444, "macro_aupoc": 0.7890583953083953, "doa": 0.75, "doa_know_support": 4, "doa_z_support": 7}}
{"id": 3, "metrics": {"accuracy": 0.6, "0.0": {"precision": 0.0, "recall": 0.0, "f1": 0.0, "support": 3}, "1.0": {"precision": 0.6666666666666666, "recall": 0.8571428571428571, "f1": 0.75, "support": 7}, "macro_avg": {"precision": 0.3333333333333333, "recall": 0.42857142857142855, "f1": 0.375, "support": 10}, "macro_auc": 0.6666666666666667, "macro_aupoc": 0.8486394557823129, "doa": 0.8, "doa_know_support": 5, "doa_z_support": 5}}
{"id": 4, "metrics": {"doa": NaN, "doa_know_support": 0, "doa_z_support": 0}}
{"id": 5, "metrics": {"doa": NaN, "doa_know_support": 0, "doa_z_support": 0}}
{"id": 6, "metrics": {"accuracy": 0.5, "0.0": {"precision": 0.6666666666666666, "recall": 0.6666666666666666, "f1": 0.6666666666666666, "support": 3}, "1.0": {"precision": 0.0, "recall": 0.0, "f1": 0.0, "support": 1}, "macro_avg": {"precision": 0.3333333333333333, "recall": 0.3333333333333333, "f1": 0.3333333333333333, "support": 4}, "macro_auc": 0.6666666666666667, "macro_aupoc": 0.5, "doa": 0.0, "doa_know_support": 1, "doa_z_support": 1}}
{"id": 7, "metrics": {"accuracy": 0.7788018433179723, "0.0": {"precision": 0.6191352345906164, "recall": 0.47696669029057404, "f1": 0.5388310648518816, "support": 1411}, "1.0": {"precision": 0.8209172530939093, "recall": 0.8909665525414802, "f1": 0.8545087143217985, "support": 3797}, "macro_avg": {"precision": 0.7200262438422629, "recall": 0.6839666214160272, "f1": 0.6966698895868401, "support": 5208}, "macro_auc": 0.7884653612357998, "macro_aupoc": 0.8997327008873224, "doa": 0.619926205738139, "doa_know_support": 281, "doa_z_support": 6692}}
{"id": 8, "metrics": {"accuracy": 0.7785196489889356, "0.0": {"precision": 0.6146971201588878, "recall": 0.444683908045977, "f1": 0.516048353480617, "support": 1392}, "1.0": {"precision": 0.8174734356552539, "recall": 0.8992207792207793, "f1": 0.8564007421150278, "support": 3850}, "macro_avg": {"precision": 0.7160852779070708, "recall": 0.6719523436333781, "f1": 0.6862245477978224, "support": 5242}, "macro_auc": 0.7807689580534408, "macro_aupoc": 0.8927293450404344, "doa": 0.601580537143293, "doa_know_support": 277, "doa_z_support": 6814}}
{"id": 9, "metrics": {"accuracy": 0.772692454998085, "0.0": {"precision": 0.5644409937888198, "recall": 0.5373244641537325, "f1": 0.5505490344566453, "support": 1353}, "1.0": {"precision": 0.8408744280630401, "recall": 0.8550012923235978, "f1": 0.8478790208894015, "support": 3869}, "macro_avg": {"precision": 0.70265771092593, "recall": 0.6961628782386651, "f1": 0.6992140276730234, "support": 5222}, "macro_auc": 0.7827457893460958, "macro_aupoc": 0.8973307993956674, "doa": 0.5945828085688802, "doa_know_support": 281, "doa_z_support": 6771}}
{"id": 10, "metrics": {"accuracy": 0.7729698818147159, "0.0": {"precision": 0.5721115537848606, "recall": 0.5233236151603499, "f1": 0.546631138180434, "support": 1372}, "1.0": {"precision": 0.836131295414683, "recall": 0.861383582860093, "f1": 0.8485696122059758, "support": 3874}, "macro_avg": {"precision": 0.7041214245997718, "recall": 0.6923535990102214, "f1": 0.697600375193205, "support": 5246}, "macro_auc": 0.7858870002754402, "macro_aupoc": 0.9023238398053657, "doa": 0.6039514929749445, "doa_know_support": 272, "doa_z_support": 6862}}
{"id": 11, "metrics": {"accuracy": 0.7785388127853882, "0.0": {"precision": 0.5904121110176619, "recall": 0.5090645395213923, "f1": 0.5467289719626167, "support": 1379}, "1.0": {"precision": 0.8335382345709368, "recall": 0.8743874129481558, "f1": 0.8534743202416919, "support": 3877}, "macro_avg": {"precision": 0.7119751727942993, "recall": 0.691725976234774, "f1": 0.7001016461021543, "support": 5256}, "macro_auc": 0.7921666854020746, "macro_aupoc": 0.904139542259509, "doa": 0.6230965179063693, "doa_know_support": 266, "doa_z_support": 6669}}
{"id": 12, "metrics": {"accuracy": 0.7796577946768061, "0.0": {"precision": 0.5983402489626556, "recall": 0.5164756446991404, "f1": 0.55440215301807, "support": 1396}, "1.0": {"precision": 0.8335388409371147, "recall": 0.8747412008281573, "f1": 0.853643136759692, "support": 3864}, "macro_avg": {"precision": 0.7159395449498851, "recall": 0.6956084227636489, "f1": 0.704022644888881, "support": 5260}, "macro_auc": 0.7805789018609811, "macro_aupoc": 0.8937781625757151, "doa": 0.6322424615109848, "doa_know_support": 263, "doa_z_support": 6697}}
{"id": 13, "metrics": {"accuracy": 0.7865424824177913, "0.0": {"precision": 0.6073469387755102, "recall": 0.5367965367965368, "f1": 0.5698965913443125, "support": 1386}, "1.0": {"precision": 0.8409316154608524, "recall": 0.8758709677419355, "f1": 0.85804575906965, "support": 3875}, "macro_avg": {"precision": 0.7241392771181813, "recall": 0.7063337522692361, "f1": 0.7139711752069813, "support": 5261}, "macro_auc": 0.8013331471395988, "macro_aupoc": 0.9059855269966903, "doa": 0.6364430296480844, "doa_know_support": 266, "doa_z_support": 6727}}
{"id": 14, "metrics": {"accuracy": 0.7787072243346007, "0.0": {"precision": 0.5989445910290238, "recall": 0.490280777537797, "f1": 0.5391923990498813, "support": 1389}, "1.0": {"precision": 0.828280378365268, "recall": 0.8822009816584861, "f1": 0.8543907930948212, "support": 3871}, "macro_avg": {"precision": 0.7136124846971459, "recall": 0.6862408795981416, "f1": 0.6967915960723512, "support": 5260}, "macro_auc": 0.793508299237895, "macro_aupoc": 0.9053345562239252, "doa": 0.6151767909756057, "doa_know_support": 264, "doa_z_support": 7316}}
{"id": 15, "metrics": {"accuracy": 0.7725720789074355, "0.0": {"precision": 0.5972101133391456, "recall": 0.48171589310829815, "f1": 0.5332814324639938, "support": 1422}, "1.0": {"precision": 0.8213333333333334, "recall": 0.88, "f1": 0.8496551724137932, "support": 3850}, "macro_avg": {"precision": 0.7092717233362396, "recall": 0.6808579465541491, "f1": 0.6914683024388935, "support": 5272}, "macro_auc": 0.7891820556377518, "macro_aupoc": 0.8981496484110061, "doa": 0.5892629281548123, "doa_know_support": 265, "doa_z_support": 7065}}
{"id": 16, "metrics": {"accuracy": 0.7717763408139977, "0.0": {"precision": 0.5929054054054054, "recall": 0.4943661971830986, "f1": 0.5391705069124425, "support": 1420}, "1.0": {"precision": 0.8237604320078546, "recall": 0.8744137571651902, "f1": 0.8483316481294236, "support": 3838}, "macro_avg": {"precision": 0.7083329187066301, "recall": 0.6843899771741444, "f1": 0.693751077520933, "support": 5258}, "macro_auc": 0.7910309433463731, "macro_aupoc": 0.899958229292203,