{"id": 48, "metrics": {"accuracy": 0.7033627653578809, "0.0": {"precision": 0.5865650969529086, "recall": 0.46309458720612356, "f1": 0.5175679804460739, "support": 1829}, "1.0": {"precision": 0.7468419695797887, "recall": 0.8291356611333714, "f1": 0.7858402278584022, "support": 3494}, "macro_avg": {"precision": 0.6667035332663487, "recall": 0.6461151241697475, "f1": 0.651704104152238, "support": 5323}, "macro_auc": 0.6941880058073466, "macro_aupoc": 0.7780136597450016, "doa": 0.7192537377008852, "doa_know_support": 57, "doa_z_support": 669}}
