{"id": 48, "metrics": {"theta": {"delta": 8291.9580078125, "delta_ave": 0.02704143337905407, "support": 2493}, "a": {"delta": 16577.576171875, "delta_ave": 0.007654307410120964, "support": 17608}, "b": {"delta": 19239.111328125, "delta_ave": 0.008883208967745304, "support": 17608}, "user": {"delta": 8291.9580078125, "delta_ave": 0.02704143337905407, "support": 2493}, "item": {"delta": 35816.6875, "delta_ave": 0.008268758188933134, "support": 17608}, "macro_ave": 0.017655095783993602, "micro_ave": 0.010597014457226826}}
