{"id": 0, "metrics": {"accuracy": 0.6465302046929605, "0.0": {"precision": 0.09090909090909091, "recall": 0.002898550724637681, "f1": 0.005617977528089888, "support": 690}, "1.0": {"precision": 0.6527006562342251, "recall": 0.9847677075399848, "f1": 0.785063752276867, "support": 1313}, "macro_avg": {"precision": 0.37180487357165803, "recall": 0.4938331291323112, "f1": 0.39534086490247844, "support": 2003}, "macro_auc": 0.4942547766482333, "macro_aupoc": 0.6577501729197712, "doa": 0.4400613396012099, "doa_know_support": 52, "doa_z_support": 420}}
{"id": 1, "metrics": {"accuracy": 0.5342465753424658, "0.0": {"precision": 0.0, "recall": 0.0, "f1": 0.0, "support": 34}, "1.0": {"precision": 0.5342465753424658, "recall": 1.0, "f1": 0.6964285714285715, "support": 39}, "macro_avg": {"precision": 0.2671232876712329, "recall": 0.5, "f1": 0.34821428571428575, "support": 73}, "macro_auc": 0.5708898944193062, "macro_aupoc": 0.6122995167971071, "doa": 0.0, "doa_know_support": 1, "doa_z_support": 1}}
{"id": 2, "metrics": {"accuracy": 0.6428571428571429, "0.0": {"precision": 0.0, "recall": 0.0, "f1": 0.0, "support": 5}, "1.0": {"precision": 0.6428571428571429, "recall": 1.0, "f1": 0.782608695652174, "support": 9}, "macro_avg": {"precision": 0.32142857142857145, "recall": 0.5, "f1": 0.391304347826087, "support": 14}, "macro_auc": 0.6, "macro_aupoc": 0.6731922398589065, "doa": NaN, "doa_know_support": 0, "doa_z_support": 0}}
{"id": 3, "metrics": {"accuracy": 0.7142857142857143, "0.0": {"precision": 0.0, "recall": 0.0, "f1": 0.0, "support": 2}, "1.0": {"precision": 0.7142857142857143, "recall": 1.0, "f1": 0.8333333333333333, "support": 5}, "macro_avg": {"precision": 0.35714285714285715, "recall": 0.5, "f1": 0.41666666666666663, "support": 7}, "macro_auc": 0.6000000000000001, "macro_aupoc": 0.8528571428571428, "doa": NaN, "doa_know_support": 0, "doa_z_support": 0}}
{"id": 4, "metrics": {"doa": NaN, "doa_know_support": 0, "doa_z_support": 0}}{{"id": 15, "metrics": {"accuracy": 0.6666666666666666, "0.0": {"precision": 0.0, "recall": 0.0, "f1": 0.0, "support": 7}, "1.0": {"precision": 0.6666666666666666, "recall": 1.0, "f1": 0.8, "support": 14}, "macro_avg": {"precision": 0.3333333333333333, "recall": 0.5, "f1": 0.4, "support": 21}, "macro_auc": 0.7448979591836735, "macro_aupoc": 0.8857917409387996, "doa": NaN, "doa_know_support": 0, "doa_z_support": 0}}
{"id": 16, "metrics": {"accuracy": 0.7894736842105263, "0.0": {"precision": 0.0, "recall": 0.0, "f1": 0.0, "support": 4}, "1.0": {"precision": 0.7894736842105263, "recall": 1.0, "f1": 0.8823529411764706, "support": 15}, "macro_avg": {"precision": 0.39473684210526316, "recall": 0.5, "f1": 0.4411764705882353, "support": 19}, "macro_auc": 0.5666666666666667, "macro_aupoc": 0.8844537219459819, "doa": 1.0, "doa_know_support": 1, "doa_z_support": 1}}
{"id": 17, "metrics": {"accuracy": 0.8823529411764706, "0.0": {"precision": 0.0, "recall": 0.0, "f1": 0.0, "support": 2}, "1.0": {"precision": 0.8823529411764706, "recall": 1.0, "f1": 0.9375, "support": 15}, "macro_avg": {"precision": 0.4411764705882353, "recall": 0.5, "f1": 0.46875, "support": 17}, "macro_auc": 0.36666666666666664, "macro_aupoc": 0.8710009815892168, "doa": NaN, "doa_know_support": 0, "doa_z_support": 0}}
{"id": 18, "metrics": {"accuracy": 0.625, "0.0": {"precision": 0.0, "recall": 0.0, "f1": 0.0, "support": 6}, "1.0": {"precision": 0.625, "recall": 1.0, "f1": 0.7692307692307693, "support": 10}, "macro_avg": {"precision": 0.3125, "recall": 0.5, "f1": 0.38461538461538464, "support": 16}, "macro_auc": 0.6833333333333333, "macro_aupoc": 0.7205233655233655, "doa": NaN, "doa_know_support": 0, "doa_z_support": 0}}
{"id": 19, "metrics": {"accuracy": 0.7272727272727273, "0.0": {"precision": 0.0, "recall": 0.0, "f1": 0.0, "support": 3}, "1.0": {"precision": 0.7272727272727273, "recall": 1.0, "f1": 0.8421052631578948, "support": 8}, "macro_avg": {"precision": 0.36363636363636365, "recall": 0.5, "f1": 0.4210526315789474, "support": 11}, "macro_auc": 0.7500000000000001, "macro_aupoc": 0.8755456349206349, "doa": NaN, "doa_know_support": 0, "doa_z_support": 0}}
{"id": 20, "metrics": {"accuracy": 0.6363636363636364, "0.0": {"precision": 0.0, "recall": 0.0, "f1": 0.0, "support": 4}, "1.0": {"precision": 0.6363636363636364, "recall": 1.0, "f1": 0.7777777777777778, "support": 7}, "macro_avg": {"precision": 0.3181818181818182, "recall": 0.5, "f1": 0.3888888888888889, "support": 11}, "macro_auc": 0.3214285714285714, "macro_aupoc": 0.6284941249226963, "doa": NaN, "doa_know_support": 0, "doa_z_support": 0}}
{"id": 21, "metrics": {"accuracy": 0.42857142857142855, "0.0": {"precision": 0.0, "recall": 0.0, "f1": 0.0, "support": 4}, "1.0": {"precision": 0.42857142857142855, "recall": 1.0, "f1": 0.6, "support": 3}, "macro_avg": {"precision": 0.21428571428571427, "recall": 0.5, "f1": 0.3, "support": 7}, "macro_auc": 0.5, "macro_aupoc": 0.5, "doa": 1.0, "doa_know_support": 1, "doa_z_support": 1}}
{"id": 22, "metrics": {"doa": NaN, "doa_know_support": 0, "doa_z_support": 0}}
{"id": 23, "metrics": {"accuracy": 0.8, "0.0": {"precision": 0.0, "recall": 0.0, "f1": 0.0, "support": 1}, "1.0": {"precision": 0.8, "recall": 1.0, "f1": 0.888888888888889, "support": 4}, "macro_avg": {"precision": 0.4, "recall": 0.5, "f1": 0.4444444444444445, "support": 5}, "macro_auc": 0.5, "macro_aupoc": 0.8875, "doa": NaN, "doa_know_support": 0, "doa_z_support": 0}}
{"id": 24, "metrics": {"accuracy": 0.75, "0.0": {"precision": 0.0, "recall": 0.0, "f1": 0.0, "support": 1}, "1.0": {"precision": 0.75, "recall": 1.0, "f1": 0.8571428571428571, "support": 3}, "macro_avg": {"precision": 0.375, "recall": 0.5, "f1": 0.42857142857142855, "support": 4}, "macro_auc": 1.0, "macro_aupoc": 1.0, "doa": NaN, "doa_know_support": 0, "doa_z_support": 0}}
{"id": 25, "metrics": {"accuracy": 0.75, "0.0": {"precision": 0.0, "recall": 0.0, "f1": 0.0, "support": 1}, "1.0": {"precision": 0.75, "recall": 1.0, "f1": 0.8571428571428571, "support": 3}, "macro_avg": {"precision": 0.375, "recall": 0.5, "f1": 0.42857142857142855, "support": 4}, "macro_auc": 0.6666666666666666, "macro_aupoc": 0.9166666666666665, "doa": NaN, "doa_know_support": 0, "doa_z_support": 0}}
{"id": 26, "metrics": {"accuracy": 0.5714285714285714, "0.0": {"precision": 0.0, "recall": 0.0, "f1": 0.0, "support": 3}, "1.0": {"precision": 0.5714285714285714, "recall": 1.0, "f1": 0.7272727272727273, "support": 4}, "macro_avg": {"precision": 0.2857142857142857, "recall": 0.5, "f1": 0.36363636363636365, "support": 7}, "macro_auc": 0.6666666666666667, "macro_aupoc": 0.8166666666666667, "doa": NaN, "doa_know_support": 0, "doa_z_support": 0}}
{"id": 27, "metrics": {"accuracy": 0.5, "0.0": {"precision": 0.0, "recall": 0.0, "f1": 0.0, "support": 2}, "1.0": {"precision": 0.5, "recall": 1.0, "f1": 0.6666666666666666, "support": 2}, "macro_avg": {"precision": 0.25, "recall": 0.5, "f1": 0.3333333333333333, "support": 4}, "macro_auc": 1.0, "macro_aupoc": 1.0, "doa": NaN, "doa_know_support": 0, "doa_z_support": 0}}
{"id": 28, "metrics": {"accuracy": 0.8, "0.0": {"precision": 0.0, "recall": 0.0, "f1": 0.0, "support": 1}, "1.0": {"precision": 0.8, "recall": 1.0, "f1": 0.888888888888889, "support": 4}, "macro_avg": {"precision": 0.4, "recall": 0.5, "f1": 0.4444444444444445, "support": 5}, "macro_auc": 0.0, "macro_aupoc": 0.6791666666666667, "doa": NaN, "doa_know_support": 0, "doa_z_support": 0}}
{"id": 29, "metrics": {"doa": NaN, "doa_know_support": 0, "doa_z_support": 0}}
{"id": 30, "metrics": {"accuracy": 0.6666666666666666, "0.0": {"precision": 0.0, "recall": 0.0, "f1": 0.0, "support": 1}, "1.0": {"precision": 0.6666666666666666, "recall": 1.0, "f1": 0.8, "support": 2}, "macro_avg": {"precision": 0.3333333333333333, "recall": 0.5, "f1": 0.4, "support": 3}, "macro_auc": 0.5, "macro_aupoc": 0.8333333333333333, "doa": 0.0, "doa_know_support": 1, "doa_z_support": 1}}
{"id": 31, "metrics": {"accuracy": 0.5, "0.0": {"precision": 0.0, "recall": 0.0, "f1": 0.0, "support": 1}, "1.0": {"precision": 0.5,