{"id": 0, "metrics": {"accuracy": 0.655516724912631, "0.0": {"precision": 0.0, "recall": 0.0, "f1": 0.0, "support": 690}, "1.0": {"precision": 0.655516724912631, "recall": 1.0, "f1": 0.7919179734620024, "support": 1313}, "macro_avg": {"precision": 0.3277583624563155, "recall": 0.5, "f1": 0.3959589867310012, "support": 2003}, "macro_auc": 0.48191937922889283, "macro_aupoc": 0.6478206692681975, "doa": 0.5133778369460685, "doa_know_support": 52, "doa_z_support": 420}}
{"id": 1, "metrics": {"accuracy": 0.6529680365296804, "0.0": {"precision": 0.0, "recall": 0.0, "f1": 0.0, "support": 1064}, "1.0": {"precision": 0.6529680365296804, "recall": 1.0, "f1": 0.7900552486187845, "support": 2002}, "macro_avg": {"precision": 0.3264840182648402, "recall": 0.5, "f1": 0.39502762430939226, "support": 3066}, "macro_auc": 0.5785344824348584, "macro_aupoc": 0.707838246323247, "doa": 0.5568652424473277, "doa_know_support": 51, "doa_z_support": 603}}
{"id": 2, "metrics": {"accuracy": 0.6486272439281943, "0.0": {"precision": 0.0, "recall": 0.0, "f1": 0.0, "support": 1331}, "1.0": {"precision": 0.6486272439281943, "recall": 1.0, "f1": 0.7868694955964771, "support": 2457}, "macro_avg": {"precision": 0.32431362196409713, "recall": 0.5, "f1": 0.39343474779823856, "support": 3788}, "macro_auc": 0.6005008153768485, "macro_aupoc": 0.7289333418684738, "doa": 0.5338605678373582, "doa_know_support": 57, "doa_z_support": 739}}
{"id": 3, "metrics": {"accuracy": 0.6455089820359281, "0.0": {"precision": 0.0, "recall": 0.0, "f1": 0.0, "support": 1480}, "1.0": {"precision": 0.6455089820359281, "recall": 1.0, "f1": 0.784570596797671, "support": 2695}, "macro_avg": {"precision": 0.32275449101796405, "recall": 0.5, "f1": 0.3922852983988355, "support": 4175}, "macro_auc": 0.6368189339617911, "macro_aupoc": 0.7458081608776768, "doa": 0.6373980200857992, "doa_know_support": 61, "doa_z_support": 847}}
{"id": 4, "metrics": {"accuracy": 0.6664383561643835, "0.0": {"precision": 0.0, "recall": 0.0, "f1": 0.0, "support": 1461}, "1.0": {"precision": 0.6664383561643835, "recall": 1.0, "f1": 0.7998355939169749, "support": 2919}, "macro_avg": {"precision": 0.33321917808219176, "recall": 0.5, "f1": 0.39991779695848745, "support": 4380}, "macro_auc": 0.653225380974188, "macro_aupoc": 0.7805181732447095, "doa": 0.6221742360358918, "doa_know_support": 54, "doa_z_support": 719}}
{"id": 5, "metrics": {"accuracy": 0.653056768558952, "0.0": {"precision": 0.0, "recall": 0.0, "f1": 0.0, "support": 1589}, "1.0": {"precision": 0.653056768558952, "recall": 1.0, "f1": 0.7901201954827632, "support": 2991}, "macro_avg": {"precision": 0.326528384279476, "recall": 0.5, "f1": 0.3950600977413816, "support": 4580}, "macro_auc": 0.6507823238963797, "macro_aupoc": 0.7738082150304485, "doa": 0.6402554271571081, "doa_know_support": 62, "doa_z_support": 916}}
{"id": 6, "metrics": {"accuracy": 0.649208025343189, "0.0": {"precision": 0.0, "recall": 0.0, "f1": 0.0, "support": 1661}, "1.0": {"precision": 0.649208025343189, "recall": 1.0, "f1": 0.7872967089255986, "support": 3074}, "macro_avg": {"precision": 0.3246040126715945, "recall": 0.5, "f1": 0.3936483544627993, "support": 4735}, "macro_auc": 0.6555813513506102, "macro_aupoc": 0.7671807594528602, "doa": 0.706441342877296, "doa_know_support": 60, "doa_z_support": 813}}
{"id": 7, "metrics": {"accuracy": 0.6525160488714019, "0.0": {"precision": 0.0, "recall": 0.0, "f1": 0.0, "support": 1678}, "1.0": {"precision": 0.6525160488714019, "recall": 1.0, "f1": 0.7897243107769424, "support": 3151}, "macro_avg": {"precision": 0.32625802443570096, "recall": 0.5, "f1": 0.3948621553884712, "support": 4829}, "macro_auc": 0.6749441783810425, "macro_aupoc": 0.7810940309089194, "doa": 0.6500222321267684, "doa_know_support": 64, "doa_z_support": 888}}
{"id": 8, "metrics": {"accuracy": 0.6560717196414018, "0.0": {"precision": 0.0, "recall": 0.0, "f1": 0.0, "support": 1688}, "1.0": {"precision": 0.6560717196414018, "recall": 1.0, "f1": 0.7923228346456692, "support": 3220}, "macro_avg": {"precision": 0.3280358598207009, "recall": 0.5, "f1": 0.3961614173228346, "support": 4908}, "macro_auc": 0.679867478879044, "macro_aupoc": 0.7888779773315184, "doa": 0.7224911422934748, "doa_know_support": 65, "doa_z_support": 839}}
{"id": 9, "metrics": {"accuracy": 0.6556291390728477, "0.0": {"precision": 0.0, "recall": 0.0, "f1": 0.0, "support": 1716}, "1.0": {"precision": 0.6556291390728477, "recall": 1.0, "f1": 0.792, "support": 3267}, "macro_avg": {"precision": 0.32781456953642385, "recall": 0.5, "f1": 0.396, "support": 4983}, "macro_auc": 0.6806609750824627, "macro_aupoc": 0.7896982071241881, "doa": 0.6252455905261611, "doa_know_support": 65, "doa_z_support": 829}}
id": 10, "metrics": {"accuracy": 0.6527305461092219, "0.0": {"precision": 0.0, "recall": 0.0, "f1": 0.0, "support": 1736}, "1.0": {"precision": 0.6527305461092219, "recall": 1.0, "f1": 0.7898813846526265, "support": 3263}, "macro_avg": {"precision": 0.32636527305461094, "recall": 0.5, "f1": 0.39494069232631324, "support": 4999}, "macro_auc": 0.6752693232740784, "macro_aupoc": 0.7828325936406677, "doa": 0.5769525177682094, "doa_know_support": 70, "doa_z_support": 953}}
{"id": 11, "metrics": {"accuracy": 0.6512136888181457, "0.0": {"precision": 0.0, "recall": 0.0, "f1": 0.0, "support": 1753}, "1.0": {"precision": 0.6512136888181457, "recall": 1.0, "f1": 0.7887697312929269, "support": 3273}, "macro_avg": {"precision": 0.32560684440907284, "recall": 0.5, "f1": 0.39438486564646347, "support": 5026}, "macro_auc": 0.6910489442479908, "macro_aupoc": 0.7891317624270612, "doa": 0.7138381362810833, "doa_know_support": 64, "doa_z_support": 892}}
