{"id": 1, "metrics": {"theta": {"delta": 1285.16748046875, "delta_ave": 0.8275386095046997, "support": 1553}, "a": {"delta": 775.984130859375, "delta_ave": 0.19193275272846222, "support": 4043}, "b": {"delta": 2636.0625, "delta_ave": 0.6520065665245056, "support": 4043}, "user": {"delta": 1285.16748046875, "delta_ave": 0.8275386095046997, "support": 1553}, "item": {"delta": 3412.046630859375, "delta_ave": 0.19204651974473225, "support": 4043}, "macro_ave": 0.509792564624716, "micro_ave": 0.3684080664561743}}
{"id": 2, "metrics": {"theta": {"delta": 486.7290344238281, "delta_ave": 0.24520353972911835, "support": 1985}, "a": {"delta": 1449.2315673828125, "delta_ave": 0.22132430970668793, "support": 6548}, "b": {"delta": 5963.99853515625, "delta_ave": 0.910812258720398, "support": 6548}, "user": {"delta": 486.7290344238281, "delta_ave": 0.24520353972911835, "support": 1985}, "item": {"delta": 7413.2301025390625, "delta_ave": 0.22142959111591282, "support": 6548}, "macro_ave": 0.23331656542251558, "micro_ave": 0.22696003621109775}}
{"id": 3, "metrics": {"theta": {"delta": 848.165771484375, "delta_ave": 0.38658422231674194, "support": 2194}, "a": {"delta": 1030.2486572265625, "delta_ave": 0.12367931008338928, "support": 8330}, "b": {"delta": 5060.279296875, "delta_ave": 0.607476532459259, "support": 8330}, "user": {"delta": 848.165771484375, "delta_ave": 0.38658422231674194, "support": 2194}, "item": {"delta": 6090.5279541015625, "delta_ave": 0.12373738201021389, "support": 8330}, "macro_ave": 0.2551608021634779, "micro_ave": 0.17853460432421261}}
{"id": 4, "metrics": {"theta": {"delta": 838.1394653320312, "delta_ave": 0.3634603023529053, "support": 2306}, "a": {"delta": 482.23492431640625, "delta_ave": 0.05029567331075668, "support": 9588}, "b": {"delta": 3833.369140625, "delta_ave": 0.3998090326786041, "support": 9588}, "user": {"delta": 838.1394653320312, "delta_ave": 0.3634603023529053, "support": 2306}, "item": {"delta": 4315.604064941406, "delta_ave": 0.0503321227173025, "support": 9588}, "macro_ave": 0.20689621253510387, "micro_ave": 0.11104118461739498}}
{"id": 5, "metrics": {"theta": {"delta": 655.037353515625, "delta_ave": 0.2754572629928589, "support": 2378}, "a": {"delta": 235.7532196044922, "delta_ave": 0.02232934534549713, "support": 10558}, "b": {"delta": 4263.33349609375, "delta_ave": 0.40380123257637024, "support": 10558}, "user": {"delta": 655.037353515625, "delta_ave": 0.2754572629928589, "support": 2378}, "item": {"delta": 4499.086715698242, "delta_ave": 0.022365472998421735, "support": 10558}, "macro_ave": 0.1489113679956403, "micro_ave": 0.06889084997791861}}
{"id": 6, "metrics": {"theta": {"delta": 796.6932373046875, "delta_ave": 0.3292120695114136, "support": 2420}, "a": {"delta": 135.02139282226562, "delta_ave": 0.011858545243740082, "support": 11386}, "b": {"delta": 2249.9384765625, "delta_ave": 0.197605699300766, "support": 11386}, "user": {"delta": 796.6932373046875, "delta_ave": 0.3292120695114136, "support": 2420}, "item": {"delta": 2384.9598693847656, "delta_ave": 0.011874857455389949, "support": 11386}, "macro_ave": 0.17054346348340177, "micro_ave": 0.06749966211825952}}
{"id": 7, "metrics": {"theta": {"delta": 916.72412109375, "delta_ave": 0.3732590079307556, "support": 2456}, "a": {"delta": 20.01348876953125, "delta_ave": 0.001661697868257761, "support": 12044}, "b": {"delta": 2586.384765625, "delta_ave": 0.2147446721792221, "support": 12044}, "user": {"delta": 916.72412109375, "delta_ave": 0.3732590079307556, "support": 2456}, "item": {"delta": 2606.3982543945312, "delta_ave": 0.0016793884431279117, "support": 12044}, "macro_ave": 0.18746919818694177, "micro_ave": 0.06461728813013574}}
{"id": 8, "metrics": {"theta": {"delta": 1168.037353515625, "delta_ave": 0.47308114171028137, "support": 2469}, "a": {"delta": 19.18941879272461, "delta_ave": 0.0015243004309013486, "support": 12589}, "b": {"delta": 1491.326416015625, "delta_ave": 0.11846265941858292, "support": 12589}, "user": {"delta": 1168.037353515625, "delta_ave": 0.47308114171028137, "support": 2469}, "item": {"delta": 1510.5158348083496, "delta_ave": 0.0015335886246255488, "support": 12589}, "macro_ave": 0.23730736516745346, "micro_ave": 0.07885135383703651}}
{"id": 9, "metrics": {"theta": {"delta": 650.765380859375, "delta_ave": 0.2627232074737549, "support": 2477}, "a": {"delta": 18.290246963500977, "delta_ave": 0.0014005855191498995, "support": 13059}, "b": {"delta": 1890.2607421875, "delta_ave": 0.14474773406982422, "support": 13059}, "user": {"delta": 650.765380859375, "delta_ave": 0.2627232074737549, "support": 2477}, "item": {"delta": 1908.550989151001, "delta_ave": 0.0014115615642150353, "support": 13059}, "macro_ave": 0.13206738451898495, "micro_ave": 0.0430740838941539}}
": 10, "metrics": {"theta": {"delta": 3030.046875, "delta_ave": 1.2213006019592285, "support": 2481}, "a": {"delta": 245.8067626953125, "delta_ave": 0.018256593495607376, "support": 13464}, "b": {"delta": 1203.722900390625, "delta_ave": 0.08940307050943375, "support": 13464}, "user": {"delta": 3030.046875, "delta_ave": 1.2213006019592285, "support": 2481}, "item": {"delta": 1449.5296630859375, "delta_ave": 0.01826187730377773, "support": 13464}, "macro_ave": 0.6197812396315031, "micro_ave": 0.20545153399052427}}
{"id": 11, "metrics": {"theta": {"delta": 769.3173828125, "delta_ave": 0.3092111647129059, "support": 2488}, "a": {"delta": 531.7506713867188, "delta_ave": 0.03852986544370651, "support": 13801}, "b": {"delta": 2446.496337890625, "delta_ave": 0.17726950347423553, "support": 13801}, "user": {"delta": 769.3173828125, "delta_ave": 0.3092111647129059, "support": 2488}, "item": {"delta": 2978.2470092773438, "delta_ave": 0.03853991758383334, "support": 13801}, "macro_ave": 0.17387554114836962, "micro_ave": 0.07988254529929362}}
