{"id": 0, "metrics": {"doa": NaN, "doa_know_support": 0, "doa_z_support": 0}}
{"id": 1, "metrics": {"accuracy": 0.15789473684210525, "0.0": {"precision": 0.15789473684210525, "recall": 1.0, "f1": 0.2727272727272727, "support": 3}, "1.0": {"precision": 0.0, "recall": 0.0, "f1": 0.0, "support": 16}, "macro_avg": {"precision": 0.07894736842105263, "recall": 0.5, "f1": 0.13636363636363635, "support": 19}, "macro_auc": 0.71875, "macro_aupoc": 0.9411286823341777, "doa": 0.18518518518518517, "doa_know_support": 1, "doa_z_support": 27}}
