{"id": 0, "metrics": {"accuracy": 1.0, "0.0": {"precision": 1.0, "recall": 1.0, "f1": 1.0, "support": 346}, "1.0": {"precision": 1.0, "recall": 1.0, "f1": 1.0, "support": 642}, "macro_avg": {"precision": 1.0, "recall": 1.0, "f1": 1.0, "support": 988}, "macro_auc": 1.0, "macro_aupoc": 1.0, "doa": 1.0, "doa_know_support": 7, "doa_z_support": 100784}}
{"id": 1, "metrics": {"accuracy": 0.28225806451612906, "0.0": {"precision": 0.28225806451612906, "recall": 1.0, "f1": 0.4402515723270441, "support": 245}, "1.0": {"precision": 0.0, "recall": 0.0, "f1": 0.0, "support": 623}, "macro_avg": {"precision": 0.14112903225806453, "recall": 0.5, "f1": 0.22012578616352205, "support": 868}, "macro_auc": 0.46605627804894023, "macro_aupoc": 0.7015477594607025, "doa": 0.6493931117533369, "doa_know_support": 7, "doa_z_support": 20578}}
