{"id": 1, "metrics": {"theta": {"delta": 120028.7109375, "delta_ave": 0.3233018219470978, "support": 747}, "a": {"delta": 247.45462036132812, "delta_ave": 0.07112808525562286, "support": 7}, "b": {"delta": 4.579357624053955, "delta_ave": 0.6541939377784729, "support": 7}, "user": {"delta": 120028.7109375, "delta_ave": 0.3233018219470978, "support": 747}, "item": {"delta": 252.03397798538208, "delta_ave": 0.07229890022052818, "support": 7}, "macro_ave": 0.197800361083813, "micro_ave": 0.32097155609552486}}
