{"id": 0, "metrics": {"accuracy": 0.35020242914979755, "0.0": {"precision": 0.35020242914979755, "recall": 1.0, "f1": 0.5187406296851573, "support": 346}, "1.0": {"precision": 0.0, "recall": 0.0, "f1": 0.0, "support": 642}, "macro_avg": {"precision": 0.17510121457489877, "recall": 0.5, "f1": 0.25937031484257866, "support": 988}, "macro_auc": 0.38617128554193003, "macro_aupoc": 0.6951484338335131, "doa": 0.42857142857142855, "doa_know_support": 7, "doa_z_support": 100784}}
{"id": 1, "metrics": {"accuracy": 0.3191244239631336, "0.0": {"precision": 0.2930622009569378, "recall": 1.0, "f1": 0.45328399629972255, "support": 245}, "1.0": {"precision": 1.0, "recall": 0.051364365971107544, "f1": 0.09770992366412214, "support": 623}, "macro_avg": {"precision": 0.6465311004784688, "recall": 0.5256821829855538, "f1": 0.27549695998192236, "support": 868}, "macro_auc": 0.6384675860713467, "macro_aupoc": 0.7857848872409555, "doa": 0.7856699470900771, "doa_know_support": 7, "doa_z_support": 20578}}
