{"id": 1, "metrics": {"theta": {"delta": 135772.625, "delta_ave": 0.2765023708343506, "support": 988}, "a": {"delta": 176.88623046875, "delta_ave": 0.07118158042430878, "support": 5}, "b": {"delta": 3.3660635948181152, "delta_ave": 0.6732127070426941, "support": 5}, "user": {"delta": 135772.625, "delta_ave": 0.2765023708343506, "support": 988}, "item": {"delta": 180.25229406356812, "delta_ave": 0.072390478268924, "support": 5}, "macro_ave": 0.17444642455163728, "micro_ave": 0.2754746170953505}}
