{"id": 48, "metrics": {"accuracy": 0.700544805560774, "0.0": {"precision": 0.5705705705705706, "recall": 0.519409513395298, "f1": 0.5437893531768746, "support": 1829}, "1.0": {"precision": 0.759704756697649, "recall": 0.7953634802518603, "f1": 0.7771252796420582, "support": 3494}, "macro_avg": {"precision": 0.6651376636341098, "recall": 0.6573864968235792, "f1": 0.6604573164094665, "support": 5323}, "macro_auc": 0.6888666128578462, "macro_aupoc": 0.7708707126522524, "doa": 0.7400952015086727, "doa_know_support": 55, "doa_z_support": 689}}
