{"id": 48, "metrics": {"theta": {"delta": 4627.32958984375, "delta_ave": 0.015090479515492916, "support": 2493}, "a": {"delta": 12042.32421875, "delta_ave": 0.005560260731726885, "support": 17608}, "b": {"delta": 13268.0732421875, "delta_ave": 0.006126221735030413, "support": 17608}, "user": {"delta": 4627.32958984375, "delta_ave": 0.015090479515492916, "support": 2493}, "item": {"delta": 25310.3974609375, "delta_ave": 0.005843241233378649, "support": 17608}, "macro_ave": 0.010466860374435782, "micro_ave": 0.0069901177587908606}}
