{"id": 48, "metrics": {"accuracy": 0.6973511177907196, "0.0": {"precision": 0.5750688705234159, "recall": 0.45653362493165667, "f1": 0.5089911612313318, "support": 1829}, "1.0": {"precision": 0.7432188065099458, "recall": 0.823411562678878, "f1": 0.7812627291242361, "support": 3494}, "macro_avg": {"precision": 0.6591438385166808, "recall": 0.6399725938052674, "f1": 0.6451269451777839, "support": 5323}, "macro_auc": 0.7121299561256773, "macro_aupoc": 0.7987652448274658, "doa": 0.6263844874237876, "doa_know_support": 63, "doa_z_support": 967}}
