{"id": 1, "metrics": {"theta": {"delta": 45837.65625, "delta_ave": 0.2366119772195816, "support": 1575}, "a": {"delta": 29899.294921875, "delta_ave": 0.06002066284418106, "support": 4050}, "b": {"delta": 1237.927978515625, "delta_ave": 0.30566123127937317, "support": 4050}, "user": {"delta": 45837.65625, "delta_ave": 0.2366119772195816, "support": 1575}, "item": {"delta": 31137.222900390625, "delta_ave": 0.06200163517027132, "support": 4050}, "macro_ave": 0.14930680619492645, "micro_ave": 0.1108925309440782}}
{"id": 2, "metrics": {"theta": {"delta": 35038.84375, "delta_ave": 0.1806395947933197, "support": 1577}, "a": {"delta": 21680.0390625, "delta_ave": 0.04334985092282295, "support": 4066}, "b": {"delta": 894.379150390625, "delta_ave": 0.2199653536081314, "support": 4066}, "user": {"delta": 35038.84375, "delta_ave": 0.1806395947933197, "support": 1577}, "item": {"delta": 22574.418212890625, "delta_ave": 0.044774169492865765, "support": 4066}, "macro_ave": 0.11270688214309274, "micro_ave": 0.08274329508188151}}
{"id": 3, "metrics": {"theta": {"delta": 23289.9921875, "delta_ave": 0.12137790769338608, "support": 1560}, "a": {"delta": 9188.556640625, "delta_ave": 0.018643302842974663, "support": 4007}, "b": {"delta": 503.26617431640625, "delta_ave": 0.12559674680233002, "support": 4007}, "user": {"delta": 23289.9921875, "delta_ave": 0.12137790769338608, "support": 1560}, "item": {"delta": 9691.822814941406, "delta_ave": 0.01950583061684043, "support": 4007}, "macro_ave": 0.07044186915511326, "micro_ave": 0.0480527033022026}}
{"id": 4, "metrics": {"theta": {"delta": 17609.27734375, "delta_ave": 0.092603400349617, "support": 1546}, "a": {"delta": 4309.697265625, "delta_ave": 0.008774903602898121, "support": 3993}, "b": {"delta": 336.6053466796875, "delta_ave": 0.08429885655641556, "support": 3993}, "user": {"delta": 17609.27734375, "delta_ave": 0.092603400349617, "support": 1546}, "item": {"delta": 4646.3026123046875, "delta_ave": 0.009383967739620035, "support": 3993}, "macro_ave": 0.05099368404461852, "micro_ave": 0.032611489461059885}}
{"id": 5, "metrics": {"theta": {"delta": 14056.6259765625, "delta_ave": 0.07160495221614838, "support": 1596}, "a": {"delta": 2925.298095703125, "delta_ave": 0.005833434406667948, "support": 4077}, "b": {"delta": 278.5523986816406, "delta_ave": 0.06832288205623627, "support": 4077}, "user": {"delta": 14056.6259765625, "delta_ave": 0.07160495221614838, "support": 1596}, "item": {"delta": 3203.8504943847656, "delta_ave": 0.006337381565132209, "support": 4077}, "macro_ave": 0.03897116689064029, "micro_ave": 0.024699278755158965}}
{"id": 6, "metrics": {"theta": {"delta": 11778.814453125, "delta_ave": 0.06103423610329628, "support": 1569}, "a": {"delta": 2436.692626953125, "delta_ave": 0.004961309488862753, "support": 3993}, "b": {"delta": 243.04287719726562, "delta_ave": 0.06086723506450653, "support": 3993}, "user": {"delta": 11778.814453125, "delta_ave": 0.06103423610329628, "support": 1569}, "item": {"delta": 2679.7355041503906, "delta_ave": 0.0054121637273760095, "support": 3993}, "macro_ave": 0.03322319991533614, "micro_ave": 0.02110274832964478}}
{"id": 7, "metrics": {"theta": {"delta": 10273.423828125, "delta_ave": 0.05313216894865036, "support": 1572}, "a": {"delta": 2282.412109375, "delta_ave": 0.004549202509224415, "support": 4079}, "b": {"delta": 227.68798828125, "delta_ave": 0.0558195598423481, "support": 4079}, "user": {"delta": 10273.423828125, "delta_ave": 0.05313216894865036, "support": 1572}, "item": {"delta": 2510.10009765625, "delta_ave": 0.004962673132878638, "support": 4079}, "macro_ave": 0.0290474210407645, "micro_ave": 0.018362504564907154}}
{"id": 8, "metrics": {"theta": {"delta": 9018.23828125, "delta_ave": 0.04649271443486214, "support": 1577}, "a": {"delta": 2098.563720703125, "delta_ave": 0.004252615850418806, "support": 4012}, "b": {"delta": 212.92959594726562, "delta_ave": 0.053073178976774216, "support": 4012}, "user": {"delta": 9018.23828125, "delta_ave": 0.04649271443486214, "support": 1577}, "item": {"delta": 2311.4933166503906, "delta_ave": 0.004646330069179737, "support": 4012}, "macro_ave": 0.025569522252020936, "micro_ave": 0.01645376398306078}}
{"id": 9, "metrics": {"theta": {"delta": 8005.45361328125, "delta_ave": 0.04101133346557617, "support": 1587}, "a": {"delta": 1972.3194580078125, "delta_ave": 0.003934032749384642, "support": 4076}, "b": {"delta": 199.97752380371094, "delta_ave": 0.049062199890613556, "support": 4076}, "user": {"delta": 8005.45361328125, "delta_ave": 0.04101133346557617, "support": 1587}, "item": {"delta": 2172.2969818115234, "delta_ave": 0.0042979695811687455, "support": 4076}, "macro_ave": 0.022654651523372458, "micro_ave": 0.014586528381196045}}
{"id": 10, "metrics": {"theta": {"delta": 7404.93408203125, "delta_ave": 0.03846818953752518, "support": 1565}, "a": {"delta": 1905.715087890625, "delta_ave": 0.003815222531557083, "support": 4061}, "b": {"delta": 196.67080688476562, "delta_ave": 0.048429157584905624, "support": 4061}, "user": {"delta": 7404.93408203125, "delta_ave": 0.03846818953752518, "support": 1565}, "item": {"delta": 2102.3858947753906, "delta_ave": 0.00417501233037441, "support": 4061}, "macro_ave": 0.021321600933949792, "micro_ave": 0.013714440401684569}}
{"id": 11, "metrics": {"theta": {"delta": 6769.7783203125, "delta_ave": 0.034377794712781906, "support": 1601}, "a": {"delta": 1738.830810546875, "delta_ave": 0.003514003474265337, "support": 4023}, "b": {"delta": 184.93429565429688, "delta_ave": 0.04596925154328346, "support": 4023}, "user": {"delta": 6769.7783203125, "delta_ave": 0.034377794712781906, "support": 1601}, "item": {"delta": 1923.7651062011719, "delta_ave": 0.003856384507079999, "support": 4023}, "macro_ave": 0.019117089609930953, "micro_ave": 0.012545000748070176}}
{"id": 12, "metrics": {"theta": {"delta": 6472.634765625, "delta_ave": 0.03309625759720802, "support": 1590}, "a": {"delta": 1646.18017578125, "delta_ave": 0.0033094901591539383, "support": 4044}, "b": {"delta": 187.75018310546875, "delta_ave": 0.04642684757709503, "support": 4044}, "user": {"delta": 6472.634765625, "delta_ave": 0.03309625759720802, "support": 1590}, "item": {"delta": 1833.9303588867188, "delta_ave": 0.0036572107834921728, "support": 4044}, "macro_ave": 0.0183767341903501, "micro_ave": 0.01196535498544606}}
{"id": 13, "metrics": {"theta": {"delta": 5995.3828125, "delta_ave": 0.03077206388115883, "support": 1584}, "a": {"delta": 1517.700927734375, "delta_ave": 0.0030511945951730013, "support": 4044}, "b": {"delta": 186.77297973632812, "delta_ave": 0.0461852066218853, "support": 4044}, "user": {"delta": 5995.3828125, "delta_ave": 0.03077206388115883, "support": 1584}, "item": {"delta": 1704.4739074707031, "delta_ave": 0.003399049530872294, "support": 4044}, "macro_ave": 0.01708555670601556, "micro_ave": 0.011103181501528631}}
