{"id": 0, "metrics": {"accuracy": 0.5217174238642037, "0.0": {"precision": 0.3514412416851441, "recall": 0.45942028985507244, "f1": 0.3982412060301508, "support": 690}, "1.0": {"precision": 0.6612170753860127, "recall": 0.5544554455445545, "f1": 0.6031483015741508, "support": 1313}, "macro_avg": {"precision": 0.5063291585355785, "recall": 0.5069378676998135, "f1": 0.5006947538021508, "support": 2003}, "macro_auc": 0.5093645484949832, "macro_aupoc": 0.6638315244937607, "doa": 0.5402380689784781, "doa_know_support": 52, "doa_z_support": 420}}
{"id": 1, "metrics": {"accuracy": 0.6060013046314416, "0.0": {"precision": 0.4262295081967213, "recall": 0.39097744360902253, "f1": 0.4078431372549019, "support": 1064}, "1.0": {"precision": 0.6899521531100479, "recall": 0.7202797202797203, "f1": 0.7047898338220919, "support": 2002}, "macro_avg": {"precision": 0.5580908306533846, "recall": 0.5556285819443714, "f1": 0.5563164855384969, "support": 3066}, "macro_auc": 0.5698671629122757, "macro_aupoc": 0.6960124969424708, "doa": 0.527058276929435, "doa_know_support": 51, "doa_z_support": 603}}
{"id": 2, "metrics": {"accuracy": 0.6293558606124604, "0.0": {"precision": 0.4655984919886899, "recall": 0.3711495116453794, "f1": 0.4130434782608695, "support": 1331}, "1.0": {"precision": 0.693069306930693, "recall": 0.7692307692307693, "f1": 0.7291666666666666, "support": 2457}, "macro_avg": {"precision": 0.5793338994596915, "recall": 0.5701901404380744, "f1": 0.5711050724637681, "support": 3788}, "macro_auc": 0.5952461985519837, "macro_aupoc": 0.7098166360220229, "doa": 0.5746644859392703, "doa_know_support": 57, "doa_z_support": 739}}
{"id": 3, "metrics": {"accuracy": 0.6275449101796408, "0.0": {"precision": 0.46770025839793283, "recall": 0.3668918918918919, "f1": 0.4112078758046195, "support": 1480}, "1.0": {"precision": 0.6891174518911746, "recall": 0.7706864564007421, "f1": 0.7276230513224732, "support": 2695}, "macro_avg": {"precision": 0.5784088551445536, "recall": 0.568789174146317, "f1": 0.5694154635635463, "support": 4175}, "macro_auc": 0.6064834779120494, "macro_aupoc": 0.7203601486390689, "doa": 0.5043850583126176, "doa_know_support": 61, "doa_z_support": 847}}
{"id": 4, "metrics": {"accuracy": 0.6527397260273973, "0.0": {"precision": 0.4748322147651007, "recall": 0.3874058863791923, "f1": 0.4266867696946853, "support": 1461}, "1.0": {"precision": 0.7192597239648683, "recall": 0.7855429941760877, "f1": 0.750941542492222, "support": 2919}, "macro_avg": {"precision": 0.5970459693649844, "recall": 0.5864744402776401, "f1": 0.5888141560934537, "support": 4380}, "macro_auc": 0.6247840683158958, "macro_aupoc": 0.747444855100869, "doa": 0.4812073640357176, "doa_know_support": 54, "doa_z_support": 719}}
{"id": 5, "metrics": {"accuracy": 0.651528384279476, "0.0": {"precision": 0.4968553459119497, "recall": 0.34801762114537443, "f1": 0.40932642487046633, "support": 1589}, "1.0": {"precision": 0.7011825785982118, "recall": 0.8127716482781678, "f1": 0.7528646639826573, "support": 2991}, "macro_avg": {"precision": 0.5990189622550808, "recall": 0.5803946347117711, "f1": 0.5810955444265617, "support": 4580}, "macro_auc": 0.6211340124842748, "macro_aupoc": 0.7408819399348258, "doa": 0.5289200251863649, "doa_know_support": 62, "doa_z_support": 916}}
{"id": 6, "metrics": {"accuracy": 0.6230200633579726, "0.0": {"precision": 0.45487627365356625, "recall": 0.37627934978928357, "f1": 0.41186161449752884, "support": 1661}, "1.0": {"precision": 0.6917584052365368, "recall": 0.7563435263500325, "f1": 0.7226107226107227, "support": 3074}, "macro_avg": {"precision": 0.5733173394450515, "recall": 0.5663114380696581, "f1": 0.5672361685541257, "support": 4735}, "macro_auc": 0.6091955328663977, "macro_aupoc": 0.7327975643646415, "doa": 0.5075549653414403, "doa_know_support": 60, "doa_z_support": 813}}
{"id": 7, "metrics": {"accuracy": 0.6402981983847588, "0.0": {"precision": 0.4765687053216839, "recall": 0.3575685339690107, "f1": 0.40858018386108275, "support": 1678}, "1.0": {"precision": 0.6980392156862745, "recall": 0.7908600444303395, "f1": 0.7415563160244011, "support": 3151}, "macro_avg": {"precision": 0.5873039605039791, "recall": 0.5742142891996751, "f1": 0.575068249942742, "support": 4829}, "macro_auc": 0.6186813199283274, "macro_aupoc": 0.7329686147731094, "doa": 0.48307259566634453, "doa_know_support": 64, "doa_z_support": 888}}
{"id": 8, "metrics": {"accuracy": 0.6574979625101874, "0.0": {"precision": 0.5027407987470635, "recall": 0.3803317535545024, "f1": 0.43305227655986506, "support": 1688}, "1.0": {"precision": 0.7119250895070228, "recall": 0.8027950310559007, "f1": 0.754634359947453, "support": 3220}, "macro_avg": {"precision": 0.6073329441270432, "recall": 0.5915633923052015, "f1": 0.593843318253659, "support": 4908}, "macro_auc": 0.631638198757764, "macro_aupoc": 0.7431390264951723, "doa": 0.5553664181999308, "doa_know_support": 65, "doa_z_support": 839}}
{"id": 9, "metrics": {"accuracy": 0.633955448524985, "0.0": {"precision": 0.45939849624060153, "recall": 0.3560606060606061, "f1": 0.40118187787261983, "support": 1716}, "1.0": {"precision": 0.697508896797153, "recall": 0.7799204162840526, "f1": 0.7364161849710982, "support": 3267}, "macro_avg": {"precision": 0.5784536965188772, "recall": 0.5679905111723293, "f1": 0.568799031421859, "support": 4983}, "macro_auc": 0.6078405193418968, "macro_aupoc": 0.7358133469609555, "doa": 0.5644449726332961, "doa_know_support": 65, "doa_z_support": 829}}
{"id": 10, "metrics": {"accuracy": 0.6477295459091819, "0.0": {"precision": 0.4913494809688581, "recall": 0.40898617511520735, "f1": 0.44640050298648226, "support": 1736}, "1.0": {"precision": 0.7113111986494092, "recall": 0.7747471651854122, "f1": 0.7416752237054424, "support": 3263}, "macro_avg": {"precision": 0.6013303398091336, "recall": 0.5918666701503098, "f1": 0.5940378633459623, "support": 4999}, "macro_auc": 0.6291118757864678, "macro_aupoc": 0.7423649105330669, "doa": 0.5107389103151783, "doa_know_support": 70, "doa_z_support": 953}}
{"id": 11, "metrics": {"accuracy": 0.6432550736171906, "0.0": {"precision": 0.4852941176470588, "recall": 0.3764974329720479, "f1": 0.4240282685512367, "support": 1753}, "1.0": {"precision": 0.7018548827059465, "recall": 0.7861289336999695, "f1": 0.7416054186482202, "support": 3273}, "macro_avg": {"precision": 0.5935745001765027, "recall": 0.5813131833360087, "f1": 0.5828168435997284, "support": 5026}, "macro_auc": 0.6240834750745481, "macro_aupoc": 0.7384089937550424, "doa": 0.6195376403834424, "doa_know_support": 64, "doa_z_support": 892}}
{"id": 12, "metrics": {"accuracy": 0.6373864982234505, "0.0": {"precision": 0.45517241379310347, "recall": 0.3866432337434095, "f1": 0.4181184668989547, "support": 1707}, "1.0": {"precision": 0.7104535398230089, "recall": 0.76481095564156, "f1": 0.7366308243727598, "support": 3359}, "macro_avg": {"precision": 0.5828129768080561, "recall": 0.5757270946924847, "f1": 0.5773746456358573, "support": 5066}, "macro_auc": 0.6177870642101513, "macro_aupoc": 0.7467628911421458, "doa": 0.4741903670421583, "doa_know_support": 69, "doa_z_support": 811}}
{"id": 13, "metrics": {"accuracy": 0.6551116333725029, "0.0": {"precision": 0.4900515843773029, "recall": 0.38350634371395614, "f1": 0.43028146230993203, "support": 1734}, "1.0": {"precision": 0.714857295278741, "recall": 0.7947805456702254, "f1": 0.7527032720123578, "support": 3372}, "macro_avg": {"precision": 0.6024544398280219, "recall": 0.5891434446920908, "f1": 0.591492367161145, "support": 5106}, "macro_auc": 0.628132691915647, "macro_aupoc": 0.7474271522778442, "doa": 0.5158365669357892, "doa_know_support": 58, "doa_z_support": 913}}
