{"id": 0, "metrics": {"accuracy": 0.5217174238642037, "0.0": {"precision": 0.3514412416851441, "recall": 0.45942028985507244, "f1": 0.3982412060301508, "support": 690}, "1.0": {"precision": 0.6612170753860127, "recall": 0.5544554455445545, "f1": 0.6031483015741508, "support": 1313}, "macro_avg": {"precision": 0.5063291585355785, "recall": 0.5069378676998135, "f1": 0.5006947538021508, "support": 2003}, "macro_auc": 0.5093645484949832, "macro_aupoc": 0.6638315244937607, "doa": 0.5402380689784781, "doa_know_support": 52, "doa_z_support": 420}}
{"id": 1, "metrics": {"accuracy": 0.5972850678733032, "0.0": {"precision": 0.5263157894736842, "recall": 0.5319148936170213, "f1": 0.5291005291005292, "support": 94}, "1.0": {"precision": 0.6507936507936508, "recall": 0.6456692913385826, "f1": 0.6482213438735177, "support": 127}, "macro_avg": {"precision": 0.5885547201336675, "recall": 0.588792092477802, "f1": 0.5886609364870234, "support": 221}, "macro_auc": 0.5990115597252471, "macro_aupoc": 0.6500345573104818, "doa": 0.5, "doa_know_support": 2, "doa_z_support": 2}}
{"id": 2, "metrics": {"accuracy": 0.6388888888888888, "0.0": {"precision": 0.46875, "recall": 0.40540540540540543, "f1": 0.43478260869565216, "support": 37}, "1.0": {"precision": 0.7105263157894737, "recall": 0.7605633802816901, "f1": 0.7346938775510203, "support": 71}, "macro_avg": {"precision": 0.5896381578947368, "recall": 0.5829843928435477, "f1": 0.5847382431233362, "support": 108}, "macro_auc": 0.5808907499048344, "macro_aupoc": 0.7290183582916914, "doa": 1.0, "doa_know_support": 1, "doa_z_support": 1}}
{"id": 3, "metrics": {"accuracy": 0.6415094339622641, "0.0": {"precision": 0.42105263157894735, "recall": 0.5, "f1": 0.45714285714285713, "support": 16}, "1.0": {"precision": 0.7647058823529411, "recall": 0.7027027027027027, "f1": 0.7323943661971832, "support": 37}, "macro_avg": {"precision": 0.5928792569659442, "recall": 0.6013513513513513, "f1": 0.5947686116700202, "support": 53}, "macro_auc": 0.6283783783783784, "macro_aupoc": 0.8129142702194796, "doa": NaN, "doa_know_support": 0, "doa_z_support": 0}}
{"id": 4, "metrics": {"accuracy": 0.59375, "0.0": {"precision": 0.7, "recall": 0.4117647058823529, "f1": 0.5185185185185185, "support": 17}, "1.0": {"precision": 0.5454545454545454, "recall": 0.8, "f1": 0.6486486486486486, "support": 15}, "macro_avg": {"precision": 0.6227272727272727, "recall": 0.6058823529411765, "f1": 0.5835835835835835, "support": 32}, "macro_auc": 0.596078431372549, "macro_aupoc": 0.6241064114370712, "doa": NaN, "doa_know_support": 0, "doa_z_support": 0}}
{"id": 5, "metrics": {"accuracy": 0.4, "0.0": {"precision": 0.2222222222222222, "recall": 0.5, "f1": 0.30769230769230765, "support": 4}, "1.0": {"precision": 0.6666666666666666, "recall": 0.36363636363636365, "f1": 0.4705882352941177, "support": 11}, "macro_avg": {"precision": 0.4444444444444444, "recall": 0.4318181818181818, "f1": 0.3891402714932127, "support": 15}, "macro_auc": 0.5681818181818181, "macro_aupoc": 0.8383545747182111, "doa": NaN, "doa_know_support": 0, "doa_z_support": 0}}
{"id": 6, "metrics": {"accuracy": 0.6923076923076923, "0.0": {"precision": 0.5714285714285714, "recall": 0.8, "f1": 0.6666666666666666, "support": 5}, "1.0": {"precision": 0.8333333333333334, "recall": 0.625, "f1": 0.7142857142857143, "support": 8}, "macro_avg": {"precision": 0.7023809523809523, "recall": 0.7125, "f1": 0.6904761904761905, "support": 13}, "macro_auc": 0.625, "macro_aupoc": 0.7857954545454545, "doa": NaN, "doa_know_support": 0, "doa_z_support": 0}}
{"id": 7, "metrics": {"doa": NaN, "doa_know_support": 0, "doa_z_support": 0}}
{"id": 8, "metrics": {"accuracy": 0.625, "0.0": {"precision": 0.5, "recall": 0.6666666666666666, "f1": 0.5714285714285715, "support": 3}, "1.0": {"precision": 0.75, "recall": 0.6, "f1": 0.6666666666666665, "support": 5}, "macro_avg": {"precision": 0.625, "recall": 0.6333333333333333, "f1": 0.6190476190476191, "support": 8}, "macro_auc": 0.6000000000000001, "macro_aupoc": 0.6861904761904761, "doa": NaN, "doa_know_support": 0, "doa_z_support": 0}}
{"id": 9, "metrics": {"doa": NaN, "doa_know_support": 0, "doa_z_support": 0}}
{"id": 10, "metrics": {"doa": NaN, "doa_know_support": 0, "doa_z_support": 0}}
{"id": 12, "metrics": {"doa": NaN, "doa_know_support": 0, "doa_z_support": 0}}
