{"id": 0, "metrics": {"accuracy": 0.5217174238642037, "0.0": {"precision": 0.3514412416851441, "recall": 0.45942028985507244, "f1": 0.3982412060301508, "support": 690}, "1.0": {"precision": 0.6612170753860127, "recall": 0.5544554455445545, "f1": 0.6031483015741508, "support": 1313}, "macro_avg": {"precision": 0.5063291585355785, "recall": 0.5069378676998135, "f1": 0.5006947538021508, "support": 2003}, "macro_auc": 0.5093645484949832, "macro_aupoc": 0.6638315244937607, "doa": 0.5402380689784781, "doa_know_support": 52, "doa_z_support": 420}}
{"id": 1, "metrics": {"accuracy": 0.6027397260273972, "0.0": {"precision": 0.5806451612903226, "recall": 0.5294117647058824, "f1": 0.5538461538461539, "support": 34}, "1.0": {"precision": 0.6190476190476191, "recall": 0.6666666666666666, "f1": 0.6419753086419754, "support": 39}, "macro_avg": {"precision": 0.5998463901689708, "recall": 0.5980392156862745, "f1": 0.5979107312440646, "support": 73}, "macro_auc": 0.6184012066365008, "macro_aupoc": 0.6629430136592169, "doa": 0.0, "doa_know_support": 1, "doa_z_support": 1}}
{"id": 2, "metrics": {"accuracy": 0.5, "0.0": {"precision": 0.0, "recall": 0.0, "f1": 0.0, "support": 5}, "1.0": {"precision": 0.5833333333333334, "recall": 0.7777777777777778, "f1": 0.6666666666666666, "support": 9}, "macro_avg": {"precision": 0.2916666666666667, "recall": 0.3888888888888889, "f1": 0.3333333333333333, "support": 14}, "macro_auc": 0.5555555555555556, "macro_aupoc": 0.7498575498575499, "doa": NaN, "doa_know_support": 0, "doa_z_support": 0}}
{"id": 3, "metrics": {"accuracy": 0.42857142857142855, "0.0": {"precision": 0.0, "recall": 0.0, "f1": 0.0, "support": 2}, "1.0": {"precision": 0.6, "recall": 0.6, "f1": 0.6, "support": 5}, "macro_avg": {"precision": 0.3, "recall": 0.3, "f1": 0.3, "support": 7}, "macro_auc": 0.2, "macro_aupoc": 0.6961904761904762, "doa": NaN, "doa_know_support": 0, "doa_z_support": 0}}
{"id": 4, "metrics": {"doa": NaN, "doa_know_support": 0, "doa_z_support": 0}}
