{"id": 0, "metrics": {"accuracy": 0.691608603453499, "0.0": {"precision": 0.0, "recall": 0.0, "f1": 0.0, "support": 1018}, "1.0": {"precision": 0.691608603453499, "recall": 1.0, "f1": 0.8176934097421203, "support": 2283}, "macro_avg": {"precision": 0.3458043017267495, "recall": 0.5, "f1": 0.4088467048710602, "support": 3301}, "macro_auc": 0.5894800296373555, "macro_aupoc": 0.7700177517040115, "doa": 0.5402751130811317, "doa_know_support": 203, "doa_z_support": 2196}}
{"id": 1, "metrics": {"accuracy": 0.696991576413959, "0.0": {"precision": 0.0, "recall": 0.0, "f1": 0.0, "support": 1259}, "1.0": {"precision": 0.696991576413959, "recall": 1.0, "f1": 0.8214437668415828, "support": 2896}, "macro_avg": {"precision": 0.3484957882069795, "recall": 0.5, "f1": 0.4107218834207914, "support": 4155}, "macro_auc": 0.6247338225549524, "macro_aupoc": 0.7924597029829394, "doa": 0.638095238095238, "doa_know_support": 25, "doa_z_support": 143}}
{"id": 2, "metrics": {"accuracy": 0.6871459694989107, "0.0": {"precision": 0.0, "recall": 0.0, "f1": 0.0, "support": 1436}, "1.0": {"precision": 0.6871459694989107, "recall": 1.0, "f1": 0.8145661157024794, "support": 3154}, "macro_avg": {"precision": 0.34357298474945536, "recall": 0.5, "f1": 0.4072830578512397, "support": 4590}, "macro_auc": 0.6222007955587192, "macro_aupoc": 0.7739412249503675, "doa": 0.5480099570701817, "doa_know_support": 44, "doa_z_support": 316}}
{"id": 3, "metrics": {"accuracy": 0.6993890878449547, "0.0": {"precision": 0.0, "recall": 0.0, "f1": 0.0, "support": 1427}, "1.0": {"precision": 0.6993890878449547, "recall": 1.0, "f1": 0.8231064832031734, "support": 3320}, "macro_avg": {"precision": 0.34969454392247734, "recall": 0.5, "f1": 0.4115532416015867, "support": 4747}, "macro_auc": 0.6354339924519381, "macro_aupoc": 0.792523175563782, "doa": 0.4943168487286134, "doa_know_support": 39, "doa_z_support": 313}}
{"id": 4, "metrics": {"accuracy": 0.7045772536478113, "0.0": {"precision": 0.0, "recall": 0.0, "f1": 0.0, "support": 1478}, "1.0": {"precision": 0.7045772536478113, "recall": 1.0, "f1": 0.826688555347092, "support": 3525}, "macro_avg": {"precision": 0.35228862682390566, "recall": 0.5, "f1": 0.413344277673546, "support": 5003}, "macro_auc": 0.6350217372527568, "macro_aupoc": 0.7980455619479025, "doa": 0.4799041253928472, "doa_know_support": 42, "doa_z_support": 368}}
{"id": 5, "metrics": {"accuracy": 0.7000787711697519, "0.0": {"precision": 0.0, "recall": 0.0, "f1": 0.0, "support": 1523}, "1.0": {"precision": 0.7000787711697519, "recall": 1.0, "f1": 0.8235839221591567, "support": 3555}, "macro_avg": {"precision": 0.35003938558487596, "recall": 0.5, "f1": 0.41179196107957833, "support": 5078}, "macro_auc": 0.6240099071619138, "macro_aupoc": 0.784791314595364, "doa": 0.5544673161824192, "doa_know_support": 50, "doa_z_support": 350}}
{"id": 6, "metrics": {"accuracy": 0.7068133564948852, "0.0": {"precision": 1.0, "recall": 0.0013149243918474688, "f1": 0.0026263952724885093, "support": 1521}, "1.0": {"precision": 0.706700135161228, "recall": 1.0, "f1": 0.8281479805407851, "support": 3660}, "macro_avg": {"precision": 0.853350067580614, "recall": 0.5006574621959238, "f1": 0.4153871879066368, "support": 5181}, "macro_auc": 0.6215445511473254, "macro_aupoc": 0.7873977345245058, "doa": 0.5614214022385814, "doa_know_support": 44, "doa_z_support": 241}}
{"id": 7, "metrics": {"accuracy": 0.7085736255286428, "0.0": {"precision": 0.5275229357798165, "recall": 0.07526178010471204, "f1": 0.13172966781214204, "support": 1528}, "1.0": {"precision": 0.7164927768860353, "recall": 0.971965160587915, "f1": 0.8249018249018248, "support": 3674}, "macro_avg": {"precision": 0.6220078563329259, "recall": 0.5236134703463136, "f1": 0.47831574635698343, "support": 5202}, "macro_auc": 0.63811251841866, "macro_aupoc": 0.7989833748536078, "doa": 0.4935726509142481, "doa_know_support": 46, "doa_z_support": 306}}
{"id": 8, "metrics": {"accuracy": 0.6940440060698028, "0.0": {"precision": 0.5, "recall": 0.011779293242405457, "f1": 0.023016353725015145, "support": 1613}, "1.0": {"precision": 0.6954528085594192, "recall": 0.9948073244055753, "f1": 0.8186213876082311, "support": 3659}, "macro_avg": {"precision": 0.5977264042797096, "recall": 0.5032933088239904, "f1": 0.4208188706666231, "support": 5272}, "macro_auc": 0.6529842508438288, "macro_aupoc": 0.7971287745031022, "doa": 0.5201062091401879, "doa_know_support": 35, "doa_z_support": 299}}
{"id": 9, "metrics": {"accuracy": 0.704884027908731, "0.0": {"precision": 0.35, "recall": 0.004490057729313663, "f1": 0.008866371120962635, "support": 1559}, "1.0": {"precision": 0.7062275222411508, "recall": 0.9965277777777778, "f1": 0.8266312174587348, "support": 3744}, "macro_avg": {"precision": 0.5281137611205754, "recall": 0.5005089177535458, "f1": 0.41774879428984873, "support": 5303}, "macro_auc": 0.625280628608082, "macro_aupoc": 0.7943400807505882, "doa": 0.5252768435327613, "doa_know_support": 41, "doa_z_support": 267}}
{"id": 10, "metrics": {"accuracy": 0.7078799249530957, "0.0": {"precision": 0.5076923076923077, "recall": 0.021181001283697046, "f1": 0.040665434380776334, "support": 1558}, "1.0": {"precision": 0.7103513770180437, "recall": 0.9915164369034994, "f1": 0.8277083102799603, "support": 3772}, "macro_avg": {"precision": 0.6090218423551756, "recall": 0.5063487190935982, "f1": 0.4341868723303683, "support": 5330}, "macro_auc": 0.6450424518477479, "macro_aupoc": 0.8058551523395788, "doa": 0.5195523710006469, "doa_know_support": 50, "doa_z_support": 397}}
{"id": 11, "metrics": {"accuracy": 0.7105754857997011, "0.0": {"precision": 0.6857142857142857, "recall": 0.015364916773367477, "f1": 0.03005635566687539, "support": 1562}, "1.0": {"precision": 0.7107391386119992, "recall": 0.9970976253298153, "f1": 0.8299110574283517, "support": 3790}, "macro_avg": {"precision": 0.6982267121631425, "recall": 0.5062312710515914, "f1": 0.42998370654761353, "support": 5352}, "macro_auc": 0.626159209997331, "macro_aupoc": 0.7912145636549999, "doa": 0.5612471266550214, "doa_know_support": 50, "doa_z_support": 378}}
{"id": 12, "metrics": {"accuracy": 0.7030551415797317, "0.0": {"precision": 0.472289156626506, "recall": 0.12476129853596435, "f1": 0.19738167170191337, "support": 1571}, "1.0": {"precision": 0.7223904704219665, "recall": 0.9423228864893337, "f1": 0.8178285714285715, "support": 3797}, "macro_avg": {"precision": 0.5973398135242363, "recall": 0.5335420925126491, "f1": 0.5076051215652424, "support": 5368}, "macro_auc": 0.6255113295078513, "macro_aupoc": 0.7883373839017777, "doa": 0.497485007125892, "doa_know_support": 263, "doa_z_support": 4044}}
{"id": 13, "metrics": {"accuracy": 0.7011111111111111, "0.0": {"precision": 0.5882352941176471, "recall": 0.006184291898577613, "f1": 0.012239902080783354, "support": 1617}, "1.0": {"precision": 0.7014675831320825, "recall": 0.9981496167063177, "f1": 0.823914466506655, "support": 3783}, "macro_avg": {"precision": 0.6448514386248647, "recall": 0.5021669543024477, "f1": 0.4180771842937192, "support": 5400}, "macro_auc": 0.6442963026173629, "macro_aupoc": 0.7989054395672135, "doa": 0.4949748458199425, "doa_know_support": 234, "doa_z_support": 3027}}
{"id": 14, "metrics": {"accuracy": 0.6973562580883712, "0.0": {"precision": 0.5766423357664233, "recall": 0.04764776839565742, "f1": 0.08802228412256267, "support": 1658}, "1.0": {"precision": 0.7004931714719271, "recall": 0.9845374566782191, "f1": 0.8185747534079574, "support": 3751}, "macro_avg": {"precision": 0.6385677536191752, "recall": 0.5160926125369383, "f1": 0.45329851876526, "support": 5409}, "macro_auc": 0.6330893185218964, "macro_aupoc": 0.7825398143473904, "doa": 0.5107035791476748, "doa_know_support": 257, "doa_z_support": 3574}}
{"id": 15, "metrics": {"accuracy": 0.7073442136498517, "0.0": {"precision": 0.375, "recall": 0.0019035532994923859, "f1": 0.003787878787878788, "support": 1576}, "1.0": {"precision": 0.7078380386329867, "recall": 0.9986897274633124, "f1": 0.8284782608695651,