{"id": 1, "metrics": {"theta": {"delta": 212271.515625, "delta_ave": 0.13550306856632233, "support": 3152}, "a": {"delta": 145831.546875, "delta_ave": 0.16131040453910828, "support": 1819}, "b": {"delta": 127270.3828125, "delta_ave": 0.14077912271022797, "support": 1819}, "user": {"delta": 212271.515625, "delta_ave": 0.13550306856632233, "support": 3152}, "item": {"delta": 273101.9296875, "delta_ave": 0.15104476362466812, "support": 1819}, "macro_ave": 0.14327391609549522, "micro_ave": 0.14119012213927162}}
{"id": 2, "metrics": {"theta": {"delta": 324446.90625, "delta_ave": 0.13819023966789246, "support": 4724}, "a": {"delta": 178818.5625, "delta_ave": 0.1780286431312561, "support": 2021}, "b": {"delta": 150701.296875, "delta_ave": 0.15003558993339539, "support": 2021}, "user": {"delta": 324446.90625, "delta_ave": 0.13819023966789246, "support": 4724}, "item": {"delta": 329519.859375, "delta_ave": 0.16403211653232574, "support": 2021}, "macro_ave": 0.1511111781001091, "micro_ave": 0.14593322456678343}}
{"id": 3, "metrics": {"theta": {"delta": 385629.5, "delta_ave": 0.134637251496315, "support": 5763}, "a": {"delta": 181068.515625, "delta_ave": 0.1738182157278061, "support": 2096}, "b": {"delta": 144812.609375, "delta_ave": 0.13901405036449432, "support": 2096}, "user": {"delta": 385629.5, "delta_ave": 0.134637251496315, "support": 5763}, "item": {"delta": 325881.125, "delta_ave": 0.1564161330461502, "support": 2096}, "macro_ave": 0.1455266922712326, "micro_ave": 0.14044569223030845}}
{"id": 4, "metrics": {"theta": {"delta": 406277.5, "delta_ave": 0.12585985660552979, "support": 6495}, "a": {"delta": 176863.203125, "delta_ave": 0.1670711636543274, "support": 2130}, "b": {"delta": 166172.203125, "delta_ave": 0.15697206556797028, "support": 2130}, "user": {"delta": 406277.5, "delta_ave": 0.12585985660552979, "support": 6495}, "item": {"delta": 343035.40625, "delta_ave": 0.16202161461114883, "support": 2130}, "macro_ave": 0.1439407356083393, "micro_ave": 0.1347902385825696}}
{"id": 5, "metrics": {"theta": {"delta": 519874.3125, "delta_ave": 0.1470581740140915, "support": 7113}, "a": {"delta": 217771.6875, "delta_ave": 0.20380112528800964, "support": 2150}, "b": {"delta": 184436.953125, "delta_ave": 0.17260488867759705, "support": 2150}, "user": {"delta": 519874.3125, "delta_ave": 0.1470581740140915, "support": 7113}, "item": {"delta": 402208.640625, "delta_ave": 0.18820300698280334, "support": 2150}, "macro_ave": 0.16763059049844742, "micro_ave": 0.15660814604072762}}
{"id": 6, "metrics": {"theta": {"delta": 212287.015625, "delta_ave": 0.05674729123711586, "support": 7527}, "a": {"delta": 87309.8125, "delta_ave": 0.08144351840019226, "support": 2157}, "b": {"delta": 65650.1640625, "delta_ave": 0.06123916804790497, "support": 2157}, "user": {"delta": 212287.015625, "delta_ave": 0.05674729123711586, "support": 7527}, "item": {"delta": 152959.9765625, "delta_ave": 0.07134134322404861, "support": 2157}, "macro_ave": 0.06404431723058224, "micro_ave": 0.05999794903717926}}
{"id": 7, "metrics": {"theta": {"delta": 208798.65625, "delta_ave": 0.05324689671397209, "support": 7890}, "a": {"delta": 80640.3125, "delta_ave": 0.07497881352901459, "support": 2164}, "b": {"delta": 60639.51171875, "delta_ave": 0.056382205337285995, "support": 2164}, "user": {"delta": 208798.65625, "delta_ave": 0.05324689671397209, "support": 7890}, "item": {"delta": 141279.82421875, "delta_ave": 0.06568050943315029, "support": 2164}, "macro_ave": 0.05946370307356119, "micro_ave": 0.05592307912140213}}
{"id": 8, "metrics": {"theta": {"delta": 264677.25, "delta_ave": 0.06527945399284363, "support": 8158}, "a": {"delta": 88332.1015625, "delta_ave": 0.08182808011770248, "support": 2172}, "b": {"delta": 75307.890625, "delta_ave": 0.06976286321878433, "support": 2172}, "user": {"delta": 264677.25, "delta_ave": 0.06527945399284363, "support": 8158}, "item": {"delta": 163639.9921875, "delta_ave": 0.07579547166824341, "support": 2172}, "macro_ave": 0.07053746283054352, "micro_ave": 0.06749056632497996}}
{"id": 9, "metrics": {"theta": {"delta": 287347.96875, "delta_ave": 0.0687718465924263, "support": 8407}, "a": {"delta": 88171.453125, "delta_ave": 0.08145424723625183, "support": 2178}, "b": {"delta": 78231.578125, "delta_ave": 0.07227162271738052, "support": 2178}, "user": {"delta": 287347.96875, "delta_ave": 0.0687718465924263, "support": 8407}, "item": {"delta": 166403.03125, "delta_ave": 0.07686293497681618, "support": 2178}, "macro_ave": 0.07281739078462124, "micro_ave": 0.07043669217591247}}
{"id": 10, "metrics": {"theta": {"delta": 264749.15625, "delta_ave": 0.06198446452617645, "support": 8594}, "a": {"delta": 89411.78125, "delta_ave": 0.08241089433431625, "support": 2183}, "b": {"delta": 71636.671875, "delta_ave": 0.06602756679058075, "support": 2183}, "user": {"delta": 264749.15625, "delta_ave": 0.06198446452617645, "support": 8594}, "item": {"delta": 161048.453125, "delta_ave": 0.0742192305624485, "support": 2183}, "macro_ave": 0.06810184754431248, "micro_ave": 0.0644627510861822}}
{"id": 11, "metrics": {"theta": {"delta": 287661.71875, "delta_ave": 0.0660952627658844, "support": 8757}, "a": {"delta": 93248.296875, "delta_ave": 0.0856722965836525, "support": 2190}, "b": {"delta": 78694.890625, "delta_ave": 0.07230129092931747, "support": 2190}, "user": {"delta": 287661.71875, "delta_ave": 0.0660952627658844, "support": 8757}, "item": {"delta": 171943.1875, "delta_ave": 0.07898679375648499, "support": 2190}, "macro_ave": 0.07254102826118469, "micro_ave": 0.06867427554284752}}
{"id": 12, "metrics": {"theta": {"delta": 310480.6875, "delta_ave": 0.07023154944181442, "support": 8895}, "a": {"delta": 96452.171875, "delta_ave": 0.08853501826524734, "support": 2192}, "b": {"delta": 83847.71875, "delta_ave": 0.07696518301963806, "support": 2192}, "user": {"delta": 310480.6875, "delta_ave": 0.07023154944181442, "support": 8895}, "item": {"delta": 180299.890625, "delta_ave": 0.0827501006424427, "support": 2192}, "macro_ave": 0.07649082504212856, "micro_ave": 0.07270658003907042}}
{"id": 13, "metrics": {"theta": {"delta": 332043.96875, "delta_ave": 0.07410120964050293, "support": 9016}, "a": {"delta": 104281.09375, "delta_ave": 0.0955904871225357, "support": 2195}, "b": {"delta": 93395.1875, "delta_ave": 0.08561179041862488, "support": 2195}, "user": {"delta": 332043.96875, "delta_ave": 0.07410120964050293, "support": 9016}, "item": {"delta": 197676.28125, "delta_ave": 0.09060113877058029, "support": 2195}, "macro_ave": 0.08235117420554161, "micro_ave": 0.0773317282776022}}
{"id": 14, "metrics": {"theta": {"delta": 284107.65625, "delta_ave": 0.06269413977861404, "support": 9118}, "a": {"delta": 85961.09375, "delta_ave": 0.07872550934553146, "support": 2197}, "b": {"delta": 76808.546875, "delta_ave": 0.07034336030483246, "support": 2197}, "user": {"delta": 284107.65625, "delta_ave": 0.06269413977861404, "support": 9118}, "item": {"delta": 162769.640625, "delta_ave": 0.07453443482518196, "support": 2197}, "macro_ave": 0.068614287301898, "micro_ave": 0.06499313476025874}}
{"id": 15, "metrics": {"theta": {"delta": 279584.5625, "delta_ave": 0.06116607412695885, "support": 9197}, "a": {"delta": 87718.2109375, "delta_ave": 0.08033472299575806, "support": 2197}, "b": {"delta": 74313.0546875, "delta_ave": 0.06805791705846786, "support": 2197}, "user": {"delta": 279584.5625, "delta_ave": 0.06116607412695885, "support": 9197}, "item": {"delta": 162031.265625, "delta_ave": 0.07419632002711296, "support": 2197}, "macro_ave": 0.0676811970770359, "micro_ave": 0.06367857634239141}}
{"id": 16, "metrics": {"theta": {"delta": 317422.75, "delta_ave": 0.06891956180334091, "support": 9267}, "a": {"delta": 95795.140625, "delta_ave": 0.08769188076257706, "support": 2198}, "b": {"delta": 86952.5, "delta_ave": 0.07959723472595215, "support": 2198}, "user": {"delta": 317422.75, "delta_ave": 0.06891956180334091, "support": 9267}, "item": {"delta": 182747.640625, "delta_ave": 0.0836445577442646, "support": 2198},