{"id": 48, "metrics": {"accuracy": 0.8015180265654649, "0.0": {"precision": 0.7013729977116705, "recall": 0.438483547925608, "f1": 0.5396126760563381, "support": 1398}, "1.0": {"precision": 0.8214285714285714, "recall": 0.9325929752066116, "f1": 0.8734881470730528, "support": 3872}, "macro_avg": {"precision": 0.761400784570121, "recall": 0.6855382615661098, "f1": 0.7065504115646954, "support": 5270}, "macro_auc": 0.8178256422989159, "macro_aupoc": 0.9172002192208187, "doa": 0.6290907384657385, "doa_know_support": 3, "doa_z_support": 208}}
