{"id": 0, "metrics": {"accuracy": 0.6465302046929605, "0.0": {"precision": 0.09090909090909091, "recall": 0.002898550724637681, "f1": 0.005617977528089888, "support": 690}, "1.0": {"precision": 0.6527006562342251, "recall": 0.9847677075399848, "f1": 0.785063752276867, "support": 1313}, "macro_avg": {"precision": 0.37180487357165803, "recall": 0.4938331291323112, "f1": 0.39534086490247844, "support": 2003}, "macro_auc": 0.4942547766482333, "macro_aupoc": 0.6577501729197712, "doa": 0.4400613396012099, "doa_know_support": 52, "doa_z_support": 420}}
{"id": 1, "metrics": {"accuracy": 0.6493236212278877, "0.0": {"precision": 0.6, "recall": 0.017699115044247787, "f1": 0.034383954154727794, "support": 339}, "1.0": {"precision": 0.6498422712933754, "recall": 0.9935691318327974, "f1": 0.7857596948506038, "support": 622}, "macro_avg": {"precision": 0.6249211356466877, "recall": 0.5056341234385225, "f1": 0.4100718245026658, "support": 961}, "macro_auc": 0.4817270390499767, "macro_aupoc": 0.6375636503231363, "doa": 0.5299537583628492, "doa_know_support": 44, "doa_z_support": 173}}
{"id": 2, "metrics": {"accuracy": 0.6524064171122995, "0.0": {"precision": 1.0, "recall": 0.00510204081632653, "f1": 0.01015228426395939, "support": 196}, "1.0": {"precision": 0.6517857142857143, "recall": 1.0, "f1": 0.7891891891891891, "support": 365}, "macro_avg": {"precision": 0.8258928571428572, "recall": 0.5025510204081632, "f1": 0.39967073672657427, "support": 561}, "macro_auc": 0.4448839809896561, "macro_aupoc": 0.6158977939309234, "doa": 0.41785714285714276, "doa_know_support": 28, "doa_z_support": 58}}
{"id": 3, "metrics": {"accuracy": 0.7126099706744868, "0.0": {"precision": 0.6666666666666666, "recall": 0.020202020202020204, "f1": 0.03921568627450981, "support": 99}, "1.0": {"precision": 0.7130177514792899, "recall": 0.9958677685950413, "f1": 0.8310344827586208, "support": 242}, "macro_avg": {"precision": 0.6898422090729783, "recall": 0.5080348943985308, "f1": 0.4351250845165653, "support": 341}, "macro_auc": 0.4772518574171467, "macro_aupoc": 0.7009511351146378, "doa": 0.3733333333333333, "doa_know_support": 15, "doa_z_support": 21}}
{"id": 4, "metrics": {"accuracy": 0.6719367588932806, "0.0": {"precision": 0.0, "recall": 0.0, "f1": 0.0, "support": 80}, "1.0": {"precision": 0.68, "recall": 0.9826589595375722, "f1": 0.8037825059101655, "support": 173}, "macro_avg": {"precision": 0.34, "recall": 0.4913294797687861, "f1": 0.40189125295508277, "support": 253}, "macro_auc": 0.515028901734104, "macro_aupoc": 0.691368038389274, "doa": 0.6818181818181818, "doa_know_support": 11, "doa_z_support": 12}}
{"id": 5, "metrics": {"accuracy": 0.6333333333333333, "0.0": {"precision": 0.0, "recall": 0.0, "f1": 0.0, "support": 65}, "1.0": {"precision": 0.6368715083798883, "recall": 0.991304347826087, "f1": 0.7755102040816327, "support": 115}, "macro_avg": {"precision": 0.31843575418994413, "recall": 0.4956521739130435, "f1": 0.38775510204081637, "support": 180}, "macro_auc": 0.5293645484949833, "macro_aupoc": 0.7015692677903806, "doa": 0.75, "doa_know_support": 6, "doa_z_support": 10}}
{"id": 6, "metrics": {"accuracy": 0.7016129032258065, "0.0": {"precision": 0.0, "recall": 0.0, "f1": 0.0, "support": 37}, "1.0": {"precision": 0.7016129032258065, "recall": 1.0, "f1": 0.8246445497630333, "support": 87}, "macro_avg": {"precision": 0.35080645161290325, "recall": 0.5, "f1": 0.4123222748815166, "support": 124}, "macro_auc": 0.49642746194470333, "macro_aupoc": 0.6786495554822088, "doa": 0.0, "doa_know_support": 6, "doa_z_support": 10}}
{"id": 7, "metrics": {"accuracy": 0.6736842105263158, "0.0": {"precision": 0.0, "recall": 0.0, "f1": 0.0, "support": 31}, "1.0": {"precision": 0.6736842105263158, "recall": 1.0, "f1": 0.8050314465408805, "support": 64}, "macro_avg": {"precision": 0.3368421052631579, "recall": 0.5, "f1": 0.4025157232704403, "support": 95}, "macro_auc": 0.5892137096774194, "macro_aupoc": 0.7432912876521589, "doa": 0.625, "doa_know_support": 4, "doa_z_support": 6}}
{"id": 8, "metrics": {"accuracy": 0.6612903225806451, "0.0": {"precision": 0.0, "recall": 0.0, "f1": 0.0, "support": 20}, "1.0": {"precision": 0.6721311475409836, "recall": 0.9761904761904762, "f1": 0.7961165048543689, "support": 42}, "macro_avg": {"precision": 0.3360655737704918, "recall": 0.4880952380952381, "f1": 0.39805825242718446, "support": 62}, "macro_auc": 0.592857142857143, "macro_aupoc": 0.7724190917130688, "doa": 0.8333333333333334, "doa_know_support": 3, "doa_z_support": 5}}
{"id": 9, "metrics": {"accuracy": 0.6346153846153846, "0.0": {"precision": 0.0, "recall": 0.0, "f1": 0.0, "support": 19}, "1.0": {"precision": 0.6346153846153846, "recall": 1.0, "f1": 0.7764705882352941, "support": 33}, "macro_avg": {"precision": 0.3173076923076923, "recall": 0.5, "f1": 0.38823529411764707, "support": 52}, "macro_auc": 0.44019138755980863, "macro_aupoc": 0.635110694731009, "doa": NaN, "doa_know_support": 0, "doa_z_support": 0}}
{"id": 10, "metrics": {"accuracy": 0.75, "0.0": {"precision": 0.0, "recall": 0.0, "f1": 0.0, "support": 12}, "1.0": {"precision": 0.75, "recall": 1.0, "f1": 0.8571428571428571, "support": 36}, "macro_avg": {"precision": 0.375, "recall": 0.5, "f1": 0.42857142857142855, "support": 48}, "macro_auc": 0.7222222222222221, "macro_aupoc": 0.840691362769719, "doa": 1.0, "doa_know_support": 3, "doa_z_support": 5}}
{"id": 11, "metrics": {"accuracy": 0.696969696969697, "0.0": {"precision": 0.0, "recall": 0.0, "f1": 0.0, "support": 10}, "1.0": {"precision": 0.696969696969697, "recall": 1.0, "f1": 0.8214285714285715, "support": 23}, "macro_avg": {"precision": 0.3484848484848485, "recall": 0.5, "f1": 0.41071428571428575, "support": 33}, "macro_auc": 0.3652173913043478, "macro_aupoc": 0.7044247643590641, "doa": 0.0, "doa_know_support": 2, "doa_z_support": 2}}
{"id": 12, "metrics": {"accuracy": 0.5757575757575758, "0.0": {"precision": 0.0, "recall": 0.0, "f1": 0.0, "support": 13}, "1.0": {"precision": 0.59375, "recall": 0.95, "f1": 0.7307692307692308, "support": 20}, "macro_avg": {"precision": 0.296875, "recall": 0.475, "f1": 0.3653846153846154, "support": 33}, "macro_auc": 0.5423076923076924, "macro_aupoc": 0.7297488238410244, "doa": 1.0, "doa_know_support": 1, "doa_z_support": 2}}
{"id": 13, "metrics": {"accuracy": 0.7037037037037037, "0.0": {"precision": 0.0, "recall": 0.0, "f1": 0.0, "support": 8}, "1.0": {"precision": 0.7037037037037037, "recall": 1.0, "f1": 0.8260869565217391, "support": 19}, "macro_avg": {"precision": 0.35185185185185186, "recall": 0.5, "f1": 0.41304347826086957, "support": 27}, "macro_auc": 0.513157894736842, "macro_aupoc": 0.7846981512021434, "doa": NaN, "doa_know_support": 0, "doa_z_support": 0}}
{"id": 14, "metrics": {"accuracy": 0.46153846153846156, "0.0": {"precision": 0.0, "recall": 0.0, "f1": 0.0, "support": 14}, "1.0": {"precision": 0.46153846153846156, "recall": 1.0, "f1": 0.631578947368421, "support": 12}, "macro_avg": {"precision": 0.23076923076923078, "recall": 0.5, "f1": 0.3157894736842105, "support": 26}, "macro_auc": 0.5059523809523809, "macro_aupoc": 0.5496499279587514, "doa": 0.5, "doa_know_support": 1, "doa_z_support": 2}}
{"id": 15, "metrics": {"accuracy": 0.6666666666666666, "0.0": {"precision": 0.0, "recall": 0.0, "f1": 0.0, "support": 7}, "1.0": {"precision": 0.6666666666666666, "recall": 1.0, "f1": 0.8, "support": 14}, "macro_avg": {"precision": 0.3333333333333333, "recall": 0.5, "f1": 0.4, "support": 21}, "macro_auc": 0.7448979591836735, "macro_aupoc": 0.8857917409387996, "doa": NaN, "doa_know_support": 0, "doa_z_support": 0}}
{"id": 16, "metrics": {"accuracy": 0.7894736842105263, "0.0": {"precision": 0.0, "recall": 0.0, "f1": 0.0, "support": 4}, "1.0": {"precision": 0.7894736842105263, "recall": 1.0, "f1": 0.8823529411764706, "support": 15}, "macro_avg": {"precision": 0.39473684210526316, "recall": 0.5, "f1": 0.4411764705882353, "support": 19}, "macro_auc": 0.5666666666666667, "macro_aupoc": 0.8844537219459819, "doa": 1.0, "doa_know_support": 1,