{"id": 48, "metrics": {"accuracy": 0.7869598180439727, "0.0": {"precision": 0.6242718446601941, "recall": 0.46594202898550724, "f1": 0.5336099585062241, "support": 1380}, "1.0": {"precision": 0.8264248704663213, "recall": 0.9006673511293635, "f1": 0.8619503807418325, "support": 3896}, "macro_avg": {"precision": 0.7253483575632578, "recall": 0.6833046900574353, "f1": 0.6977801696240282, "support": 5276}, "macro_auc": 0.7976926353301789, "macro_aupoc": 0.9085414029391385, "doa": 0.6925371609847465, "doa_know_support": 263, "doa_z_support": 6810}}
