{"id": 48, "metrics": {"accuracy": 0.7913224706328155, "0.0": {"precision": 0.631345300135109, "recall": 0.47626674432149096, "f1": 0.5429496223753009, "support": 6868}, "1.0": {"precision": 0.8304021877504832, "recall": 0.9021616637639586, "f1": 0.8647958557364169, "support": 19522}, "macro_avg": {"precision": 0.7308737439427961, "recall": 0.6892142040427247, "f1": 0.7038727390558589, "support": 26390}, "macro_auc": 0.811521372748109, "macro_aupoc": 0.9169285653097456, "doa": 0.6921448168353879, "doa_know_support": 345, "doa_z_support": 168528}}
