{"id": 1, "metrics": {"theta": {"delta": 3790.255859375, "delta_ave": 1.394501805305481, "support": 2718}, "a": {"delta": 387.403564453125, "delta_ave": 0.23479004204273224, "support": 1650}, "b": {"delta": 2438.497314453125, "delta_ave": 1.477877140045166, "support": 1650}, "user": {"delta": 3790.255859375, "delta_ave": 1.394501805305481, "support": 2718}, "item": {"delta": 2825.90087890625, "delta_ave": 0.23554297184164347, "support": 1650}, "macro_ave": 0.8150223885735622, "micro_ave": 0.9567082899173555}}
{"id": 2, "metrics": {"theta": {"delta": 3965.6923828125, "delta_ave": 1.433210015296936, "support": 2767}, "a": {"delta": 386.4911804199219, "delta_ave": 0.2343791276216507, "support": 1649}, "b": {"delta": 2425.053955078125, "delta_ave": 1.4706209897994995, "support": 1649}, "user": {"delta": 3965.6923828125, "delta_ave": 1.433210015296936, "support": 2767}, "item": {"delta": 2811.545135498047, "delta_ave": 0.2351283651138797, "support": 1649}, "macro_ave": 0.8341691902054078, "micro_ave": 0.9858285295288518}}
{"id": 3, "metrics": {"theta": {"delta": 3790.28955078125, "delta_ave": 1.3722989559173584, "support": 2762}, "a": {"delta": 390.36737060546875, "delta_ave": 0.24022607505321503, "support": 1625}, "b": {"delta": 2307.75537109375, "delta_ave": 1.4201570749282837, "support": 1625}, "user": {"delta": 3790.28955078125, "delta_ave": 1.3722989559173584, "support": 2762}, "item": {"delta": 2698.1227416992188, "delta_ave": 0.2409517398747864, "support": 1625}, "macro_ave": 0.8066253478960724, "micro_ave": 0.953233711771204}}
{"id": 4, "metrics": {"theta": {"delta": 3877.791015625, "delta_ave": 1.4173213243484497, "support": 2736}, "a": {"delta": 399.95672607421875, "delta_ave": 0.2422511875629425, "support": 1651}, "b": {"delta": 2353.2138671875, "delta_ave": 1.4253263473510742, "support": 1651}, "user": {"delta": 3877.791015625, "delta_ave": 1.4173213243484497, "support": 2736}, "item": {"delta": 2753.1705932617188, "delta_ave": 0.24296733475409754, "support": 1651}, "macro_ave": 0.8301443295512736, "micro_ave": 0.9753659022330461}}
{"id": 5, "metrics": {"theta": {"delta": 0.0, "delta_ave": 0.0, "support": 2753}, "a": {"delta": 0.0, "delta_ave": 0.0, "support": 1660}, "b": {"delta": 0.0, "delta_ave": 0.0, "support": 1660}, "user": {"delta": 0.0, "delta_ave": 0.0, "support": 2753}, "item": {"delta": 0.0, "delta_ave": 0.0, "support": 1660}, "macro_ave": 0.0, "micro_ave": 0.0}}
{"id": 6, "metrics": {"theta": {"delta": 0.0, "delta_ave": 0.0, "support": 2769}, "a": {"delta": 0.0, "delta_ave": 0.0, "support": 1660}, "b": {"delta": 0.0, "delta_ave": 0.0, "support": 1660}, "user": {"delta": 0.0, "delta_ave": 0.0, "support": 2769}, "item": {"delta": 0.0, "delta_ave": 0.0, "support": 1660}, "macro_ave": 0.0, "micro_ave": 0.0}}
{"id": 7, "metrics": {"theta": {"delta": 0.0, "delta_ave": 0.0, "support": 2770}, "a": {"delta": 0.0, "delta_ave": 0.0, "support": 1623}, "b": {"delta": 0.0, "delta_ave": 0.0, "support": 1623}, "user": {"delta": 0.0, "delta_ave": 0.0, "support": 2770}, "item": {"delta": 0.0, "delta_ave": 0.0, "support": 1623}, "macro_ave": 0.0, "micro_ave": 0.0}}
{"id": 8, "metrics": {"theta": {"delta": 0.0, "delta_ave": 0.0, "support": 2725}, "a": {"delta": 0.0, "delta_ave": 0.0, "support": 1639}, "b": {"delta": 0.0, "delta_ave": 0.0, "support": 1639}, "user": {"delta": 0.0, "delta_ave": 0.0, "support": 2725}, "item": {"delta": 0.0, "delta_ave": 0.0, "support": 1639}, "macro_ave": 0.0, "micro_ave": 0.0}}
{"id": 9, "metrics": {"theta": {"delta": 0.0, "delta_ave": 0.0, "support": 2762}, "a": {"delta": 0.0, "delta_ave": 0.0, "support": 1624}, "b": {"delta": 0.0, "delta_ave": 0.0, "support": 1624}, "user": {"delta": 0.0, "delta_ave": 0.0, "support": 2762}, "item": {"delta": 0.0, "delta_ave": 0.0, "support": 1624}, "macro_ave": 0.0, "micro_ave": 0.0}}
{"id": 10, "metrics": {"theta": {"delta": 0.0, "delta_ave": 0.0, "support": 2732}, "a": {"delta": 0.0, "delta_ave": 0.0, "support": 1643}, "b": {"delta": 0.0, "delta_ave": 0.0, "support": 1643}, "user": {"delta": 0.0, "delta_ave": 0.0, "support": 2732}, "item": {"delta": 0.0, "delta_ave": 0.0, "support": 1643}, "macro_ave": 0.0, "micro_ave": 0.0}}
{"id": 11, "metrics": {"theta": {"delta": 0.0, "delta_ave": 0.0, "support": 2743}, "a": {"delta": 0.0, "delta_ave": 0.0, "support": 1620}, "b": {"delta": 0.0, "delta_ave": 0.0, "support": 1620}, "user": {"delta": 0.0, "delta_ave": 0.0, "support": 2743}, "item": {"delta": 0.0, "delta_ave": 0.0, "support": 1620}, "macro_ave": 0.0, "micro_ave": 0.0}}
{"id": 12, "metrics": {"theta": {"delta": 0.0, "delta_ave": 0.0, "support": 2760}, "a": {"delta": 0.0, "delta_ave": 0.0, "support": 1618}, "b": {"delta": 0.0, "delta_ave": 0.0, "support": 1618}, "user": {"delta": 0.0, "delta_ave": 0.0, "support": 2760}, "item": {"delta": 0.0, "delta_ave": 0.0, "support": 1618}, "macro_ave": 0.0, "micro_ave": 0.0}}
{"id": 13, "metrics": {"theta": {"delta": 0.0, "delta_ave": 0.0, "support": 2761}, "a": {"delta": 0.0, "delta_ave": 0.0, "support": 1610}, "b": {"delta": 0.0, "delta_ave": 0.0, "support": 1610}, "user": {"delta": 0.0, "delta_ave": 0.0, "support": 2761}, "item": {"delta": 0.0, "delta_ave": 0.0, "support": 1610}, "macro_ave": 0.0, "micro_ave": 0.0}}
{"id": 14, "metrics": {"theta": {"delta": 0.0, "delta_ave": 0.0, "support": 2783}, "a": {"delta": 0.0, "delta_ave": 0.0, "support": 1638}, "b": {"delta": 0.0, "delta_ave": 0.0, "support": 1638}, "user": {"delta": 0.0, "delta_ave": 0.0, "support": 2783}, "item": {"delta": 0.0, "delta_ave": 0.0, "support": 1638}, "macro_ave": 0.0, "micro_ave": 0.0}}
{"id": 15, "metrics": {"theta": {"delta": 0.0, "delta_ave": 0.0, "support": 2743}, "a": {"delta": 0.0, "delta_ave": 0.0, "support": 1638}, "b": {"delta": 0.0, "delta_ave": 0.0, "support": 1638}, "user": {"delta": 0.0, "delta_ave": 0.0, "support": 2743}, "item": {"delta": 0.0, "delta_ave": 0.0, "support": 1638}, "macro_ave": 0.0, "micro_ave": 0.0}}
{"id": 16, "metrics": {"theta": {"delta": 0.0, "delta_ave": 0.0, "support": 2723}, "a": {"delta": 0.0, "delta_ave": 0.0, "support": 1636}, "b": {"delta": 0.0, "delta_ave": 0.0, "support": 1636}, "user": {"delta": 0.0, "delta_ave": 0.0, "support": 2723}, "item": {"delta": 0.0, "delta_ave": 0.0, "support": 1636}, "macro_ave": 0.0, "micro_ave": 0.0}}
{"id": 17, "metrics": {"theta": {"delta": 0.0, "delta_ave": 0.0, "support": 2761}, "a": {"delta": 0.0, "delta_ave": 0.0, "support": 1637}, "b": {"delta": 0.0, "delta_ave": 0.0, "support": 1637}, "user": {"delta": 0.0, "delta_ave": 0.0, "support": 2761}, "item": {"delta": 0.0, "delta_ave": 0.0, "support": 1637}, "macro_ave": 0.0, "micro_ave": 0.0}}
{"id": 18, "metrics": {"theta": {"delta": 0.0, "delta_ave": 0.0, "support": 2779}, "a": {"delta": 0.0, "delta_ave": 0.0, "support": 1642}, "b": {"delta": 0.0, "delta_ave": 0.0, "support": 1642}, "user": {"delta": 0.0, "delta_ave": 0.0, "support": 2779}, "item": {"delta": 0.0, "delta_ave": 0.0, "support": 1642}, "macro_ave": 0.0, "micro_ave": 0.0}}
{"id": 19, "metrics": {"theta": {"delta": 0.0, "delta_ave": 0.0, "support": 2763}, "a": {"delta": 0.0, "delta_ave": 0.0, "support": 1633}, "b": {"delta": 0.0, "delta_ave": 0.0, "support": 1633}, "user": {"delta": 0.0, "delta_ave": 0.0, "support": 2763}, "item": {"delta": 0.0, "delta_ave": 0.0, "support": 1633}, "macro_ave": 0.0, "micro_ave": 0.0}}
{"id": 20, "metrics": {"theta": {"delta": 0.0, "delta_ave": 0.0, "support": 2762}, "a": {"delta": 0.0, "delta_ave": 0.0, "support": 1654}, "b": {"delta": 0.0, "delta_ave": 0.0, "support": 1654}, "user": {"delta": 0.0, "delta_ave": 0.0, "support": 2762}, "item": {"delta": 0.0, "delta_ave": 0.0, "support": 1654}, "macro_ave": 0.0, "micro_ave": 0.0}}
{"id": 21, "metrics": {"theta": {"delta": 0.0, "delta_ave": 0.0, "support": 2786}, "a": {"delta": 0.0, "delta_ave": 0.0, "support": 1637}, "b": {"delta": 0.0, "delta_ave": 0.0, "support": 1637}, "user": {"delta": 0.0, "delta_ave": 0.0, "support": 2786}, "item": {"delta": 0.0, "delta_ave": 0.0, "support": 1637}, "macro_ave": 0.0,