{"id": 1, "metrics": {"theta": {"delta": 3898.2080078125, "delta_ave": 1.4175301790237427, "support": 2750}, "a": {"delta": 378.4039306640625, "delta_ave": 0.23591268062591553, "support": 1604}, "b": {"delta": 2364.086669921875, "delta_ave": 1.4738695621490479, "support": 1604}, "user": {"delta": 3898.2080078125, "delta_ave": 1.4175301790237427, "support": 2750}, "item": {"delta": 2742.4906005859375, "delta_ave": 0.23668399332468384, "support": 1604}, "macro_ave": 0.8271070861742132, "micro_ave": 0.9825101326614802}}
{"id": 2, "metrics": {"theta": {"delta": 6039.3603515625, "delta_ave": 1.4280823469161987, "support": 4229}, "a": {"delta": 452.7447509765625, "delta_ave": 0.23642022907733917, "support": 1915}, "b": {"delta": 2806.26123046875, "delta_ave": 1.465410590171814, "support": 1915}, "user": {"delta": 6039.3603515625, "delta_ave": 1.4280823469161987, "support": 4229}, "item": {"delta": 3259.0059814453125, "delta_ave": 0.237061664547639, "support": 1915}, "macro_ave": 0.8325720057319188, "micro_ave": 1.0568576387886284}}
{"id": 3, "metrics": {"theta": {"delta": 7447.11083984375, "delta_ave": 1.4125778675079346, "support": 5272}, "a": {"delta": 471.05450439453125, "delta_ave": 0.23470579087734222, "support": 2007}, "b": {"delta": 2830.50830078125, "delta_ave": 1.41031813621521, "support": 2007}, "user": {"delta": 7447.11083984375, "delta_ave": 1.4125778675079346, "support": 5272}, "item": {"delta": 3301.5628051757812, "delta_ave": 0.23529125519274952, "support": 2007}, "macro_ave": 0.823934561350342, "micro_ave": 1.0879708842799396}}
{"id": 4, "metrics": {"theta": {"delta": 8598.1953125, "delta_ave": 1.4383063316345215, "support": 5978}, "a": {"delta": 507.39215087890625, "delta_ave": 0.24571047723293304, "support": 2065}, "b": {"delta": 2929.81103515625, "delta_ave": 1.4187946319580078, "support": 2065}, "user": {"delta": 8598.1953125, "delta_ave": 1.4383063316345215, "support": 5978}, "item": {"delta": 3437.2031860351562, "delta_ave": 0.24627828176087355, "support": 2065}, "macro_ave": 0.8422923066976975, "micro_ave": 1.132259095156953}}
{"id": 5, "metrics": {"theta": {"delta": 0.0, "delta_ave": 0.0, "support": 6598}, "a": {"delta": 0.0, "delta_ave": 0.0, "support": 2097}, "b": {"delta": 0.0, "delta_ave": 0.0, "support": 2097}, "user": {"delta": 0.0, "delta_ave": 0.0, "support": 6598}, "item": {"delta": 0.0, "delta_ave": 0.0, "support": 2097}, "macro_ave": 0.0, "micro_ave": 0.0}}
{"id": 6, "metrics": {"theta": {"delta": 0.0, "delta_ave": 0.0, "support": 7049}, "a": {"delta": 0.0, "delta_ave": 0.0, "support": 2118}, "b": {"delta": 0.0, "delta_ave": 0.0, "support": 2118}, "user": {"delta": 0.0, "delta_ave": 0.0, "support": 7049}, "item": {"delta": 0.0, "delta_ave": 0.0, "support": 2118}, "macro_ave": 0.0, "micro_ave": 0.0}}
{"id": 7, "metrics": {"theta": {"delta": 0.0, "delta_ave": 0.0, "support": 7449}, "a": {"delta": 0.0, "delta_ave": 0.0, "support": 2132}, "b": {"delta": 0.0, "delta_ave": 0.0, "support": 2132}, "user": {"delta": 0.0, "delta_ave": 0.0, "support": 7449}, "item": {"delta": 0.0, "delta_ave": 0.0, "support": 2132}, "macro_ave": 0.0, "micro_ave": 0.0}}
{"id": 8, "metrics": {"theta": {"delta": 0.0, "delta_ave": 0.0, "support": 7771}, "a": {"delta": 0.0, "delta_ave": 0.0, "support": 2140}, "b": {"delta": 0.0, "delta_ave": 0.0, "support": 2140}, "user": {"delta": 0.0, "delta_ave": 0.0, "support": 7771}, "item": {"delta": 0.0, "delta_ave": 0.0, "support": 2140}, "macro_ave": 0.0, "micro_ave": 0.0}}
{"id": 9, "metrics": {"theta": {"delta": 0.0, "delta_ave": 0.0, "support": 8008}, "a": {"delta": 0.0, "delta_ave": 0.0, "support": 2151}, "b": {"delta": 0.0, "delta_ave": 0.0, "support": 2151}, "user": {"delta": 0.0, "delta_ave": 0.0, "support": 8008}, "item": {"delta": 0.0, "delta_ave": 0.0, "support": 2151}, "macro_ave": 0.0, "micro_ave": 0.0}}
{"id": 10, "metrics": {"theta": {"delta": 0.0, "delta_ave": 0.0, "support": 8220}, "a": {"delta": 0.0, "delta_ave": 0.0, "support": 2163}, "b": {"delta": 0.0, "delta_ave": 0.0, "support": 2163}, "user": {"delta": 0.0, "delta_ave": 0.0, "support": 8220}, "item": {"delta": 0.0, "delta_ave": 0.0, "support": 2163}, "macro_ave": 0.0, "micro_ave": 0.0}}
{"id": 11, "metrics": {"theta": {"delta": 0.0, "delta_ave": 0.0, "support": 8384}, "a": {"delta": 0.0, "delta_ave": 0.0, "support": 2166}, "b": {"delta": 0.0, "delta_ave": 0.0, "support": 2166}, "user": {"delta": 0.0, "delta_ave": 0.0, "support": 8384}, "item": {"delta": 0.0, "delta_ave": 0.0, "support": 2166}, "macro_ave": 0.0, "micro_ave": 0.0}}
{"id": 12, "metrics": {"theta": {"delta": 0.0, "delta_ave": 0.0, "support": 8539}, "a": {"delta": 0.0, "delta_ave": 0.0, "support": 2173}, "b": {"delta": 0.0, "delta_ave": 0.0, "support": 2173}, "user": {"delta": 0.0, "delta_ave": 0.0, "support": 8539}, "item": {"delta": 0.0, "delta_ave": 0.0, "support": 2173}, "macro_ave": 0.0, "micro_ave": 0.0}}
{"id": 13, "metrics": {"theta": {"delta": 0.0, "delta_ave": 0.0, "support": 8701}, "a": {"delta": 0.0, "delta_ave": 0.0, "support": 2175}, "b": {"delta": 0.0, "delta_ave": 0.0, "support": 2175}, "user": {"delta": 0.0, "delta_ave": 0.0, "support": 8701}, "item": {"delta": 0.0, "delta_ave": 0.0, "support": 2175}, "macro_ave": 0.0, "micro_ave": 0.0}}
{"id": 14, "metrics": {"theta": {"delta": 0.0, "delta_ave": 0.0, "support": 8830}, "a": {"delta": 0.0, "delta_ave": 0.0, "support": 2176}, "b": {"delta": 0.0, "delta_ave": 0.0, "support": 2176}, "user": {"delta": 0.0, "delta_ave": 0.0, "support": 8830}, "item": {"delta": 0.0, "delta_ave": 0.0, "support": 2176}, "macro_ave": 0.0, "micro_ave": 0.0}}
{"id": 15, "metrics": {"theta": {"delta": 0.0, "delta_ave": 0.0, "support": 8961}, "a": {"delta": 0.0, "delta_ave": 0.0, "support": 2180}, "b": {"delta": 0.0, "delta_ave": 0.0, "support": 2180}, "user": {"delta": 0.0, "delta_ave": 0.0, "support": 8961}, "item": {"delta": 0.0, "delta_ave": 0.0, "support": 2180}, "macro_ave": 0.0, "micro_ave": 0.0}}
{"id": 16, "metrics": {"theta": {"delta": 0.0, "delta_ave": 0.0, "support": 9051}, "a": {"delta": 0.0, "delta_ave": 0.0, "support": 2183}, "b": {"delta": 0.0, "delta_ave": 0.0, "support": 2183}, "user": {"delta": 0.0, "delta_ave": 0.0, "support": 9051}, "item": {"delta": 0.0, "delta_ave": 0.0, "support": 2183}, "macro_ave": 0.0, "micro_ave": 0.0}}
{"id": 17, "metrics": {"theta": {"delta": 0.0, "delta_ave": 0.0, "support": 9136}, "a": {"delta": 0.0, "delta_ave": 0.0, "support": 2187}, "b": {"delta": 0.0, "delta_ave": 0.0, "support": 2187}, "user": {"delta": 0.0, "delta_ave": 0.0, "support": 9136}, "item": {"delta": 0.0, "delta_ave": 0.0, "support": 2187}, "macro_ave": 0.0, "micro_ave": 0.0}}
{"id": 18, "metrics": {"theta": {"delta": 0.0, "delta_ave": 0.0, "support": 9214}, "a": {"delta": 0.0, "delta_ave": 0.0, "support": 2194}, "b": {"delta": 0.0, "delta_ave": 0.0, "support": 2194}, "user": {"delta": 0.0, "delta_ave": 0.0, "support": 9214}, "item": {"delta": 0.0, "delta_ave": 0.0, "support": 2194}, "macro_ave": 0.0, "micro_ave": 0.0}}
{"id": 19, "metrics": {"theta": {"delta": 0.0, "delta_ave": 0.0, "support": 9284}, "a": {"delta": 0.0, "delta_ave": 0.0, "support": 2196}, "b": {"delta": 0.0, "delta_ave": 0.0, "support": 2196}, "user": {"delta": 0.0, "delta_ave": 0.0, "support": 9284}, "item": {"delta": 0.0, "delta_ave": 0.0, "support": 2196}, "macro_ave": 0.0, "micro_ave": 0.0}}
{"id": 20, "metrics": {"theta": {"delta": 0.0, "delta_ave": 0.0, "support": 9356}, "a": {"delta": 0.0, "delta_ave": 0.0, "support": 2197}, "b": {"delta": 0.0, "delta_ave": 0.0, "support": 2197}, "user": {"delta": 0.0, "delta_ave": 0.0, "support": 9356}, "item": {"delta": 0.0, "delta_ave": 0.0, "support": 2197}, "macro_ave": 0.0, "micro_ave": 0.0}}
{"id": 21, "metrics": {"theta": {"delta": 0.0, "delta_ave": 0.0, "support": 9417}, "a": {"delta": 0.0, "delta_ave": 0.0, "support": 2199}, "b": {"delta": 0.0, "delta_ave": 0.0, "support": 2199}, "user": {"delta": 0.0, "delta_ave": 0.0, "support": 9417}, "item": {"delta": 0.0, "delta_ave": 0.0, "support": 2199},