{"id": 48, "metrics": {"accuracy": 0.6926545181288747, "0.0": {"precision": 0.55461233729485, "recall": 0.5358119190814653, "f1": 0.5450500556173526, "support": 1829}, "1.0": {"precision": 0.7612485939257593, "recall": 0.774756725815684, "f1": 0.7679432624113474, "support": 3494}, "macro_avg": {"precision": 0.6579304656103047, "recall": 0.6552843224485747, "f1": 0.65649665901435, "support": 5323}, "macro_auc": 0.688150239902005, "macro_aupoc": 0.7707215507945131, "doa": 0.6378660552997346, "doa_know_support": 59, "doa_z_support": 831}}
