{"id": 1, "metrics": {"theta": {"delta": 15151.388671875, "delta_ave": 0.07821080833673477, "support": 1575}, "a": {"delta": 1739.47900390625, "delta_ave": 0.003491878043860197, "support": 4050}, "b": {"delta": 2703.20361328125, "delta_ave": 0.6674576997756958, "support": 4050}, "user": {"delta": 15151.388671875, "delta_ave": 0.07821080833673477, "support": 1575}, "item": {"delta": 4442.6826171875, "delta_ave": 0.008846441122342742, "support": 4050}, "macro_ave": 0.04352862472953876, "micro_ave": 0.02826846394237251}}
{"id": 2, "metrics": {"theta": {"delta": 14433.73828125, "delta_ave": 0.07441183924674988, "support": 1577}, "a": {"delta": 1628.477783203125, "delta_ave": 0.0032561870757490396, "support": 4066}, "b": {"delta": 2272.370361328125, "delta_ave": 0.5588712096214294, "support": 4066}, "user": {"delta": 14433.73828125, "delta_ave": 0.07441183924674988, "support": 1577}, "item": {"delta": 3900.84814453125, "delta_ave": 0.007736953386601301, "support": 4066}, "macro_ave": 0.04107439631667559, "micro_ave": 0.026370002297013195}}
{"id": 3, "metrics": {"theta": {"delta": 16709.63671875, "delta_ave": 0.08708378672599792, "support": 1560}, "a": {"delta": 2549.953369140625, "delta_ave": 0.005173778161406517, "support": 4007}, "b": {"delta": 2104.8544921875, "delta_ave": 0.5252943634986877, "support": 4007}, "user": {"delta": 16709.63671875, "delta_ave": 0.08708378672599792, "support": 1560}, "item": {"delta": 4654.807861328125, "delta_ave": 0.00936829901090072, "support": 4007}, "macro_ave": 0.04822604286844932, "micro_ave": 0.031145946008484995}}
{"id": 4, "metrics": {"theta": {"delta": 17318.66796875, "delta_ave": 0.09107514470815659, "support": 1546}, "a": {"delta": 1691.577392578125, "delta_ave": 0.003444192698225379, "support": 3993}, "b": {"delta": 1866.770751953125, "delta_ave": 0.46751081943511963, "support": 3993}, "user": {"delta": 17318.66796875, "delta_ave": 0.09107514470815659, "support": 1546}, "item": {"delta": 3558.34814453125, "delta_ave": 0.007186665494490655, "support": 3993}, "macro_ave": 0.04913090510132362, "micro_ave": 0.030600925986335306}}
{"id": 5, "metrics": {"theta": {"delta": 14258.0859375, "delta_ave": 0.07263120263814926, "support": 1596}, "a": {"delta": 1948.974609375, "delta_ave": 0.0038865150418132544, "support": 4077}, "b": {"delta": 2136.154296875, "delta_ave": 0.5239524841308594, "support": 4077}, "user": {"delta": 14258.0859375, "delta_ave": 0.07263120263814926, "support": 1596}, "item": {"delta": 4085.12890625, "delta_ave": 0.00808059543769266, "support": 4077}, "macro_ave": 0.04035589903792096, "micro_ave": 0.026240787415822177}}
{"id": 6, "metrics": {"theta": {"delta": 13128.5419921875, "delta_ave": 0.06802811473608017, "support": 1569}, "a": {"delta": 2688.250244140625, "delta_ave": 0.005473501980304718, "support": 3993}, "b": {"delta": 1866.609375, "delta_ave": 0.4674704074859619, "support": 3993}, "user": {"delta": 13128.5419921875, "delta_ave": 0.06802811473608017, "support": 1569}, "item": {"delta": 4554.859619140625, "delta_ave": 0.009199283476318083, "support": 3993}, "macro_ave": 0.03861369910619913, "micro_ave": 0.025794471582496925}}
{"id": 7, "metrics": {"theta": {"delta": 11804.720703125, "delta_ave": 0.06105174124240875, "support": 1572}, "a": {"delta": 2061.5849609375, "delta_ave": 0.00410905946046114, "support": 4079}, "b": {"delta": 1330.331298828125, "delta_ave": 0.3261415362358093, "support": 4079}, "user": {"delta": 11804.720703125, "delta_ave": 0.06105174124240875, "support": 1572}, "item": {"delta": 3391.916259765625, "delta_ave": 0.006706095563488141, "support": 4079}, "macro_ave": 0.033878918402948446, "micro_ave": 0.021824013632372092}}
{"id": 8, "metrics": {"theta": {"delta": 11498.2763671875, "delta_ave": 0.059278327971696854, "support": 1577}, "a": {"delta": 1847.2044677734375, "delta_ave": 0.0037432508543133736, "support": 4012}, "b": {"delta": 1196.5133056640625, "delta_ave": 0.29823362827301025, "support": 4012}, "user": {"delta": 11498.2763671875, "delta_ave": 0.059278327971696854, "support": 1577}, "item": {"delta": 3043.7177734375, "delta_ave": 0.006118173252851251, "support": 4012}, "macro_ave": 0.03269825061227405, "micro_ave": 0.021117916318090027}}
{"id": 9, "metrics": {"theta": {"delta": 11376.880859375, "delta_ave": 0.05828290432691574, "support": 1587}, "a": {"delta": 1915.4603271484375, "delta_ave": 0.003820620244368911, "support": 4076}, "b": {"delta": 1078.9130859375, "delta_ave": 0.26469898223876953, "support": 4076}, "user": {"delta": 11376.880859375, "delta_ave": 0.05828290432691574, "support": 1587}, "item": {"delta": 2994.3734130859375, "delta_ave": 0.0059244780023882705, "support": 4076}, "macro_ave": 0.032103691164652004, "micro_ave": 0.02059741153179408}}
{"id": 10, "metrics": {"theta": {"delta": 12569.86328125, "delta_ave": 0.06529968976974487, "support": 1565}, "a": {"delta": 2050.908447265625, "delta_ave": 0.0041058980859816074, "support": 4061}, "b": {"delta": 1118.103515625, "delta_ave": 0.2753271460533142, "support": 4061}, "user": {"delta": 12569.86328125, "delta_ave": 0.06529968976974487, "support": 1565}, "item": {"delta": 3169.011962890625, "delta_ave": 0.006293166214750419, "support": 4061}, "macro_ave": 0.035796427992247644, "micro_ave": 0.022707174277950975}}
{"id": 11, "metrics": {"theta": {"delta": 0.0, "delta_ave": 0.0, "support": 1601}, "a": {"delta": 0.0, "delta_ave": 0.0, "support": 4023}, "b": {"delta": 0.0, "delta_ave": 0.0, "support": 4023}, "user": {"delta": 0.0, "delta_ave": 0.0, "support": 1601}, "item": {"delta": 0.0, "delta_ave": 0.0, "support": 4023}, "macro_ave": 0.0, "micro_ave": 0.0}}
{"id": 12, "metrics": {"theta": {"delta": 11637.7353515625, "delta_ave": 0.05950675159692764, "support": 1590}, "a": {"delta": 1926.438232421875, "delta_ave": 0.003872922621667385, "support": 4044}, "b": {"delta": 1011.3590698242188, "delta_ave": 0.25008878111839294, "support": 4044}, "user": {"delta": 11637.7353515625, "delta_ave": 0.05950675159692764, "support": 1590}, "item": {"delta": 2937.7973022460938, "delta_ave": 0.005858534383737753, "support": 4044}, "macro_ave": 0.032682642990332696, "micro_ave": 0.02099887257489358}}
{"id": 13, "metrics": {"theta": {"delta": 12216.251953125, "delta_ave": 0.06270146369934082, "support": 1584}, "a": {"delta": 1969.9454345703125, "delta_ave": 0.003960389643907547, "support": 4044}, "b": {"delta": 1052.935302734375, "delta_ave": 0.26036974787712097, "support": 4044}, "user": {"delta": 12216.251953125, "delta_ave": 0.06270146369934082, "support": 1584}, "item": {"delta": 3022.8807373046875, "delta_ave": 0.006028207049014107, "support": 4044}, "macro_ave": 0.03436483537417746, "micro_ave": 0.021978889091323544}}
{"id": 14, "metrics": {"theta": {"delta": 11513.326171875, "delta_ave": 0.0594312883913517, "support": 1575}, "a": {"delta": 1732.9061279296875, "delta_ave": 0.003518648212775588, "support": 4004}, "b": {"delta": 1065.009521484375, "delta_ave": 0.2659863829612732, "support": 4004}, "user": {"delta": 11513.326171875, "delta_ave": 0.0594312883913517, "support": 1575}, "item": {"delta": 2797.9156494140625, "delta_ave": 0.005635323493005408, "support": 4004}, "macro_ave": 0.032533305942178556, "micro_ave": 0.020822390120518477}}
{"id": 15, "metrics": {"theta": {"delta": 0.0, "delta_ave": 0.0, "support": 1571}, "a": {"delta": 0.0, "delta_ave": 0.0, "support": 4055}, "b": {"delta": 0.0, "delta_ave": 0.0, "support": 4055}, "user": {"delta": 0.0, "delta_ave": 0.0, "support": 1571}, "item": {"delta": 0.0, "delta_ave": 0.0, "support": 4055}, "macro_ave": 0.0, "micro_ave": 0.0}}
{"id": 16, "metrics": {"theta": {"delta": 0.0, "delta_ave": 0.0, "support": 1546}, "a": {"delta": 0.0, "delta_ave": 0.0, "support": 4062}, "b": {"delta": 0.0, "delta_ave": 0.0, "support": 4062}, "user": {"delta": 0.0, "delta_ave": 0.0, "support": 1546}, "item": {"delta": 0.0, "delta_ave": 0.0, "support": 4062}, "macro_ave": 0.0, "micro_ave": 0.0}}
{"id": 17, "metrics": {"theta": {"delta": 0.0, "delta_ave": 0.0, "support": 1575},