{"id": 0, "metrics": {"accuracy": 0.6215676485272091, "0.0": {"precision": 0.44785276073619634, "recall": 0.42318840579710143, "f1": 0.4351713859910581, "support": 690}, "1.0": {"precision": 0.7054034048852702, "recall": 0.7258187357197258, "f1": 0.7154654654654654, "support": 1313}, "macro_avg": {"precision": 0.5766280828107333, "recall": 0.5745035707584136, "f1": 0.5753184257282618, "support": 2003}, "macro_auc": 0.5847688113292934, "macro_aupoc": 0.6997821883730151, "doa": 0.532306326047192, "doa_know_support": 52, "doa_z_support": 420}}
{"id": 1, "metrics": {"accuracy": 0.6438356164383562, "0.0": {"precision": 0.6818181818181818, "recall": 0.4411764705882353, "f1": 0.5357142857142857, "support": 34}, "1.0": {"precision": 0.6274509803921569, "recall": 0.8205128205128205, "f1": 0.711111111111111, "support": 39}, "macro_avg": {"precision": 0.6546345811051693, "recall": 0.6308446455505279, "f1": 0.6234126984126984, "support": 73}, "macro_auc": 0.7111613876319759, "macro_aupoc": 0.6989489821127114, "doa": 0.0, "doa_know_support": 1, "doa_z_support": 1}}
{"id": 2, "metrics": {"accuracy": 0.6428571428571429, "0.0": {"precision": 0.5, "recall": 0.2, "f1": 0.28571428571428575, "support": 5}, "1.0": {"precision": 0.6666666666666666, "recall": 0.8888888888888888, "f1": 0.761904761904762, "support": 9}, "macro_avg": {"precision": 0.5833333333333333, "recall": 0.5444444444444444, "f1": 0.5238095238095238, "support": 14}, "macro_auc": 0.4666666666666667, "macro_aupoc": 0.6821428571428572, "doa": NaN, "doa_know_support": 0, "doa_z_support": 0}}
{"id": 3, "metrics": {"accuracy": 0.7142857142857143, "0.0": {"precision": 0.5, "recall": 0.5, "f1": 0.5, "support": 2}, "1.0": {"precision": 0.8, "recall": 0.8, "f1": 0.8000000000000002, "support": 5}, "macro_avg": {"precision": 0.65, "recall": 0.65, "f1": 0.6500000000000001, "support": 7}, "macro_auc": 0.7, "macro_aupoc": 0.8766666666666667, "doa": NaN, "doa_know_support": 0, "doa_z_support": 0}}
{"id": 4, "metrics": {"doa": NaN, "doa_know_support": 0, "doa_z_support": 0}}
{"id": 5, "metrics": {"doa": NaN, "doa_know_support": 0, "doa_z_support": 0}}
{"id": 6, "metrics": {"doa": NaN, "doa_know_support": 0, "doa_z_support": 0}}
{"id": 7, "metrics": {"doa": NaN, "doa_know_support": 0, "doa_z_support": 0}}
{"id": 8, "metrics": {"doa": NaN, "doa_know_support": 0, "doa_z_support": 0}}
{"id": 9, "metrics": {"doa": NaN, "doa_know_support": 0, "doa_z_support": 0}}
{"id": 10, "metrics": {"doa": NaN, "doa_know_support": 0, "doa_z_support": 0}}
{"id": 11, "metrics": {"doa": NaN, "doa_know_support": 0, "doa_z_support": 0}}
{"id": 12, "metrics": {"doa": NaN, "doa_know_support": 0, "doa_z_support": 0}}
{"id": 13, "metrics": {"doa": NaN, "doa_know_support": 0, "doa_z_support": 0}}
{"id": 14, "metrics": {"doa": NaN, "doa_know_support": 0, "doa_z_support": 0}}
{"id": 15, "metrics": {"accuracy": 0.6666666666666666, "0.0": {"precision": 0.5, "recall": 0.7142857142857143, "f1": 0.588235294117647, "support": 7}, "1.0": {"precision": 0.8181818181818182, "recall": 0.6428571428571429, "f1": 0.7200000000000001, "support": 14}, "macro_avg": {"precision": 0.6590909090909092, "recall": 0.6785714285714286, "f1": 0.6541176470588235, "support": 21}, "macro_auc": 0.6224489795918368, "macro_aupoc": 0.7985966623184668, "doa": NaN, "doa_know_support": 0, "doa_z_support": 0}}
{"id": 16, "metrics": {"accuracy": 0.8421052631578947, "0.0": {"precision": 0.6666666666666666, "recall": 0.5, "f1": 0.5714285714285715, "support": 4}, "1.0": {"precision": 0.875, "recall": 0.9333333333333333, "f1": 0.9032258064516129, "support": 15}, "macro_avg": {"precision": 0.7708333333333333, "recall": 0.7166666666666667, "f1": 0.7373271889400922, "support": 19}, "macro_auc": 0.8333333333333334, "macro_aupoc": 0.9580589293747188, "doa": 0.0, "doa_know_support": 1, "doa_z_support": 1}}
{"id": 17, "metrics": {"accuracy": 0.7058823529411765, "0.0": {"precision": 0.2, "recall": 0.5, "f1": 0.28571428571428575, "support": 2}, "1.0": {"precision": 0.9166666666666666, "recall": 0.7333333333333333, "f1": 0.8148148148148148, "support": 15}, "macro_avg": {"precision": 0.5583333333333333, "recall": 0.6166666666666667, "f1": 0.5502645502645502, "support": 17}, "macro_auc": 0.5333333333333333, "macro_aupoc": 0.8746180671180671, "doa": NaN, "doa_know_support": 0, "doa_z_support": 0}}
{"id": 18, "metrics": {"accuracy": 0.5, "0.0": {"precision": 0.3333333333333333, "recall": 0.3333333333333333, "f1": 0.3333333333333333, "support": 6}, "1.0": {"precision": 0.6, "recall": 0.6, "f1": 0.6, "support": 10}, "macro_avg": {"precision": 0.4666666666666667, "recall": 0.4666666666666667, "f1": 0.4666666666666667, "support": 16}, "macro_auc": 0.6166666666666667, "macro_aupoc": 0.8010081585081585, "doa": NaN, "doa_know_support": 0, "doa_z_support": 0}}
{"id": 19, "metrics": {"accuracy": 0.8181818181818182, "0.0": {"precision": 0.6666666666666666, "recall": 0.6666666666666666, "f1": 0.6666666666666666, "support": 3}, "1.0": {"precision": 0.875, "recall": 0.875, "f1": 0.875, "support": 8}, "macro_avg": {"precision": 0.7708333333333333, "recall": 0.7708333333333333, "f1": 0.7708333333333333, "support": 11}, "macro_auc": 0.8333333333333333, "macro_aupoc": 0.9415178571428572, "doa": NaN, "doa_know_support": 0, "doa_z_support": 0}}
{"id": 20, "metrics": {"accuracy": 0.7272727272727273, "0.0": {"precision": 1.0, "recall": 0.25, "f1": 0.4, "support": 4}, "1.0": {"precision": 0.7, "recall": 1.0, "f1": 0.8235294117647058, "support": 7}, "macro_avg": {"precision": 0.85, "recall": 0.625, "f1": 0.611764705882353, "support": 11}, "macro_auc": 0.6785714285714286, "macro_aupoc": 0.7798185941043083, "doa": NaN, "doa_know_support": 0, "doa_z_support": 0}}
{"id": 21, "metrics": {"accuracy": 0.42857142857142855, "0.0": {"precision": 0.5, "recall": 0.5, "f1": 0.5, "support": 4}, "1.0": {"precision": 0.3333333333333333, "recall": 0.3333333333333333, "f1": 0.3333333333333333, "support": 3}, "macro_avg": {"precision": 0.41666666666666663, "recall": 0.41666666666666663, "f1": 0.41666666666666663, "support": 7}, "macro_auc": 0.5, "macro_aupoc": 0.6333333333333333, "doa": 0.0, "doa_know_support": 1, "doa_z_support": 1}}
{"id": 22, "metrics": {"doa": NaN, "doa_know_support": 0, "doa_z_support": 0}}
{"id": 23, "metrics": {"accuracy": 0.8, "0.0": {"precision": 0.0, "recall": 0.0, "f1": 0.0, "support": 1}, "1.0": {"precision": 0.8, "recall": 1.0, "f1": 0.888888888888889, "support": 4}, "macro_avg": {"precision": 0.4, "recall": 0.5, "f1": 0.4444444444444445, "support": 5}, "macro_auc": 0.0, "macro_aupoc": 0.6791666666666667, "doa": NaN, "doa_know_support": 0, "doa_z_support": 0}}
{"id": 24, "metrics": {"accuracy": 0.75, "0.0": {"precision": 0.0, "recall": 0.0, "f1": 0.0, "support": 1}, "1.0": {"precision": 0.75, "recall": 1.0, "f1": 0.8571428571428571, "support": 3}, "macro_avg": {"precision": 0.375, "recall": 0.5, "f1": 0.42857142857142855, "support": 4}, "macro_auc": 1.0, "macro_aupoc": 1.0, "doa": NaN, "doa_know_support": 0, "doa_z_support": 0}}
{"id": 25, "metrics": {"accuracy": 1.0, "0.0": {"precision": 1.0, "recall": 1.0, "f1": 1.0, "support": 1}, "1.0": {"precision": 1.0, "recall": 1.0, "f1": 1.0, "support": 3}, "macro_avg": {"precision": 1.0, "recall": 1.0, "f1": 1.0, "support": 4}, "macro_auc": 1.0, "macro_aupoc": 1.0, "doa": NaN, "doa_know_support": 0, "doa_z_support": 0}}
{"id": 26, "metrics": {"accuracy": 0.8571428571428571, "0.0": {"precision": 0.75, "recall": 1.0, "f1": 0.8571428571428571, "support": 3}, "1.0": {"precision": 1.0, "recall": 0.75, "f1": 0.8571428571428571, "support": 4}, "macro_avg": {"precision": 0.875, "recall": 0.875, "f1": 0.8571428571428571, "support": 7}, "macro_auc": 0.75, "macro_aupoc": 0.8928571428571428, "doa": NaN, "doa_know_support": 0, "doa_z_support": 0}}
{"id": 27, "metrics": {"accuracy": 0.5, "0.0": {"precision": 0.5, "recall": 0.5, "f1": 0.5, "support": 2}, "1.0": {"precision": 0.5, "recall": 0.5, "f1": 0.5, "support": 2}, "macro_avg": {"precision": 0.5, "recall": 0.5, "f1": 0.5,