{"id": 0, "metrics": {"accuracy": 0.6215676485272091, "0.0": {"precision": 0.44785276073619634, "recall": 0.42318840579710143, "f1": 0.4351713859910581, "support": 690}, "1.0": {"precision": 0.7054034048852702, "recall": 0.7258187357197258, "f1": 0.7154654654654654, "support": 1313}, "macro_avg": {"precision": 0.5766280828107333, "recall": 0.5745035707584136, "f1": 0.5753184257282618, "support": 2003}, "macro_auc": 0.5847688113292934, "macro_aupoc": 0.6997821883730151, "doa": 0.532306326047192, "doa_know_support": 52, "doa_z_support": 420}}
{"id": 1, "metrics": {"accuracy": 0.619146722164412, "0.0": {"precision": 0.45714285714285713, "recall": 0.4247787610619469, "f1": 0.4403669724770642, "support": 339}, "1.0": {"precision": 0.6981424148606811, "recall": 0.72508038585209, "f1": 0.7113564668769715, "support": 622}, "macro_avg": {"precision": 0.5776426360017691, "recall": 0.5749295734570185, "f1": 0.5758617196770178, "support": 961}, "macro_auc": 0.6171262176441017, "macro_aupoc": 0.7295864113427005, "doa": 0.6300029515938607, "doa_know_support": 44, "doa_z_support": 173}}
{"id": 2, "metrics": {"accuracy": 0.6131907308377896, "0.0": {"precision": 0.44, "recall": 0.39285714285714285, "f1": 0.4150943396226415, "support": 196}, "1.0": {"precision": 0.6917098445595855, "recall": 0.7315068493150685, "f1": 0.711051930758988, "support": 365}, "macro_avg": {"precision": 0.5658549222797927, "recall": 0.5621819960861056, "f1": 0.5630731351908147, "support": 561}, "macro_auc": 0.6125803746155996, "macro_aupoc": 0.738729351066689, "doa": 0.6023809523809524, "doa_know_support": 28, "doa_z_support": 58}}
{"id": 3, "metrics": {"accuracy": 0.6363636363636364, "0.0": {"precision": 0.38738738738738737, "recall": 0.43434343434343436, "f1": 0.40952380952380957, "support": 99}, "1.0": {"precision": 0.7565217391304347, "recall": 0.71900826446281, "f1": 0.7372881355932204, "support": 242}, "macro_avg": {"precision": 0.571954563258911, "recall": 0.5766758494031221, "f1": 0.573405972558515, "support": 341}, "macro_auc": 0.610443275732532, "macro_aupoc": 0.7670438038507356, "doa": 0.58, "doa_know_support": 15, "doa_z_support": 21}}
{"id": 4, "metrics": {"accuracy": 0.6245059288537549, "0.0": {"precision": 0.4050632911392405, "recall": 0.4, "f1": 0.4025157232704402, "support": 80}, "1.0": {"precision": 0.7241379310344828, "recall": 0.7283236994219653, "f1": 0.7262247838616714, "support": 173}, "macro_avg": {"precision": 0.5646006110868617, "recall": 0.5641618497109826, "f1": 0.5643702535660559, "support": 253}, "macro_auc": 0.5669075144508672, "macro_aupoc": 0.7315756446354877, "doa": 0.8181818181818182, "doa_know_support": 11, "doa_z_support": 12}}
{"id": 5, "metrics": {"accuracy": 0.6111111111111112, "0.0": {"precision": 0.43243243243243246, "recall": 0.24615384615384617, "f1": 0.3137254901960784, "support": 65}, "1.0": {"precision": 0.6573426573426573, "recall": 0.8173913043478261, "f1": 0.7286821705426356, "support": 115}, "macro_avg": {"precision": 0.5448875448875449, "recall": 0.5317725752508362, "f1": 0.521203830369357, "support": 180}, "macro_auc": 0.6563210702341137, "macro_aupoc": 0.7702529358645269, "doa": 0.5833333333333334, "doa_know_support": 6, "doa_z_support": 10}}
{"id": 6, "metrics": {"accuracy": 0.6854838709677419, "0.0": {"precision": 0.47368421052631576, "recall": 0.4864864864864865, "f1": 0.4799999999999999, "support": 37}, "1.0": {"precision": 0.7790697674418605, "recall": 0.7701149425287356, "f1": 0.7745664739884394, "support": 87}, "macro_avg": {"precision": 0.6263769889840881, "recall": 0.628300714507611, "f1": 0.6272832369942196, "support": 124}, "macro_auc": 0.6784715750232991, "macro_aupoc": 0.8045555034819418, "doa": 0.38888888888888884, "doa_know_support": 6, "doa_z_support": 10}}
{"id": 7, "metrics": {"accuracy": 0.6842105263157895, "0.0": {"precision": 0.5172413793103449, "recall": 0.4838709677419355, "f1": 0.5000000000000001, "support": 31}, "1.0": {"precision": 0.7575757575757576, "recall": 0.78125, "f1": 0.7692307692307692, "support": 64}, "macro_avg": {"precision": 0.6374085684430513, "recall": 0.6325604838709677, "f1": 0.6346153846153846, "support": 95}, "macro_auc": 0.6819556451612904, "macro_aupoc": 0.8327136785801654, "doa": 0.875, "doa_know_support": 4, "doa_z_support": 6}}
{"id": 8, "metrics": {"accuracy": 0.7258064516129032, "0.0": {"precision": 0.6153846153846154, "recall": 0.4, "f1": 0.4848484848484849, "support": 20}, "1.0": {"precision": 0.7551020408163265, "recall": 0.8809523809523809, "f1": 0.8131868131868131, "support": 42}, "macro_avg": {"precision": 0.685243328100471, "recall": 0.6404761904761904, "f1": 0.649017649017649, "support": 62}, "macro_auc": 0.6880952380952381, "macro_aupoc": 0.8014405603894457, "doa": 0.5, "doa_know_support": 3, "doa_z_support": 5}}
{"id": 9, "metrics": {"accuracy": 0.7115384615384616, "0.0": {"precision": 0.625, "recall": 0.5263157894736842, "f1": 0.5714285714285714, "support": 19}, "1.0": {"precision": 0.75, "recall": 0.8181818181818182, "f1": 0.7826086956521738, "support": 33}, "macro_avg": {"precision": 0.6875, "recall": 0.6722488038277512, "f1": 0.6770186335403726, "support": 52}, "macro_auc": 0.671451355661882, "macro_aupoc": 0.7974048660968784, "doa": NaN, "doa_know_support": 0, "doa_z_support": 0}}
{"id": 10, "metrics": {"accuracy": 0.5833333333333334, "0.0": {"precision": 0.25, "recall": 0.3333333333333333, "f1": 0.28571428571428575, "support": 12}, "1.0": {"precision": 0.75, "recall": 0.6666666666666666, "f1": 0.7058823529411765, "support": 36}, "macro_avg": {"precision": 0.5, "recall": 0.5, "f1": 0.4957983193277311, "support": 48}, "macro_auc": 0.5833333333333334, "macro_aupoc": 0.8253460031359324, "doa": 1.0, "doa_know_support": 3, "doa_z_support": 5}}
{"id": 11, "metrics": {"accuracy": 0.5757575757575758, "0.0": {"precision": 0.3333333333333333, "recall": 0.4, "f1": 0.3636363636363636, "support": 10}, "1.0": {"precision": 0.7142857142857143, "recall": 0.6521739130434783, "f1": 0.6818181818181819, "support": 23}, "macro_avg": {"precision": 0.5238095238095238, "recall": 0.5260869565217392, "f1": 0.5227272727272727, "support": 33}, "macro_auc": 0.6260869565217391, "macro_aupoc": 0.8001279470354363, "doa": 1.0, "doa_know_support": 2, "doa_z_support": 2}}
{"id": 12, "metrics": {"accuracy": 0.6060606060606061, "0.0": {"precision": 0.5, "recall": 0.46153846153846156, "f1": 0.48000000000000004, "support": 13}, "1.0": {"precision": 0.6666666666666666, "recall": 0.7, "f1": 0.6829268292682926, "support": 20}, "macro_avg": {"precision": 0.5833333333333333, "recall": 0.5807692307692307, "f1": 0.5814634146341463, "support": 33}, "macro_auc": 0.5653846153846154, "macro_aupoc": 0.7143525350554256, "doa": 0.5, "doa_know_support": 1, "doa_z_support": 2}}
{"id": 13, "metrics": {"accuracy": 0.5555555555555556, "0.0": {"precision": 0.3333333333333333, "recall": 0.5, "f1": 0.4, "support": 8}, "1.0": {"precision": 0.7333333333333333, "recall": 0.5789473684210527, "f1": 0.6470588235294117, "support": 19}, "macro_avg": {"precision": 0.5333333333333333, "recall": 0.5394736842105263, "f1": 0.5235294117647058, "support": 27}, "macro_auc": 0.5723684210526315, "macro_aupoc": 0.8130343033167311, "doa": NaN, "doa_know_support": 0, "doa_z_support": 0}}
{"id": 14, "metrics": {"accuracy": 0.6153846153846154, "0.0": {"precision": 0.6666666666666666, "recall": 0.5714285714285714, "f1": 0.6153846153846153, "support": 14}, "1.0": {"precision": 0.5714285714285714, "recall": 0.6666666666666666, "f1": 0.6153846153846153, "support": 12}, "macro_avg": {"precision": 0.6190476190476191, "recall": 0.6190476190476191, "f1": 0.6153846153846153, "support": 26}, "macro_auc": 0.6011904761904762, "macro_aupoc": 0.5240689736819768, "doa": 0.0, "doa_know_support": 1, "doa_z_support": 2}}
{"id": 15, "metrics": {"accuracy": 0.6666666666666666, "0.0": {"precision": 0.5, "recall": 0.7142857142857143, "f1": 0.588235294117647, "support": 7}, "1.0": {"precision": 0.8181818181818182, "recall": 0.6428571428571429, "f1": 0.7200000000000001,