{"id": 1, "metrics": {"theta": {"delta": 13150.421875, "delta_ave": 0.0688435286283493, "support": 1553}, "a": {"delta": 1721.6475830078125, "delta_ave": 0.0034620664082467556, "support": 4043}, "b": {"delta": 1849.1361083984375, "delta_ave": 0.45736733078956604, "support": 4043}, "user": {"delta": 13150.421875, "delta_ave": 0.0688435286283493, "support": 1553}, "item": {"delta": 3570.78369140625, "delta_ave": 0.007122592733902556, "support": 4043}, "macro_ave": 0.03798306068112593, "micro_ave": 0.024251365686739548}}
{"id": 2, "metrics": {"theta": {"delta": 12665.423828125, "delta_ave": 0.05187452211976051, "support": 1985}, "a": {"delta": 2009.0369873046875, "delta_ave": 0.0024944462347775698, "support": 6548}, "b": {"delta": 2785.853759765625, "delta_ave": 0.4254510998725891, "support": 6548}, "user": {"delta": 12665.423828125, "delta_ave": 0.05187452211976051, "support": 1985}, "item": {"delta": 4794.8907470703125, "delta_ave": 0.005905386989921211, "support": 6548}, "macro_ave": 0.028889954554840863, "micro_ave": 0.016599015635500848}}
{"id": 3, "metrics": {"theta": {"delta": 14480.3671875, "delta_ave": 0.053658414632081985, "support": 2194}, "a": {"delta": 4009.035888671875, "delta_ave": 0.003912819549441338, "support": 8330}, "b": {"delta": 3137.39990234375, "delta_ave": 0.37663865089416504, "support": 8330}, "user": {"delta": 14480.3671875, "delta_ave": 0.053658414632081985, "support": 2194}, "item": {"delta": 7146.435791015625, "delta_ave": 0.006918673028027819, "support": 8330}, "macro_ave": 0.0302885438300549, "micro_ave": 0.016662781074331015}}
{"id": 4, "metrics": {"theta": {"delta": 17257.763671875, "delta_ave": 0.06084432825446129, "support": 2306}, "a": {"delta": 3739.0283203125, "delta_ave": 0.0031704844441264868, "support": 9588}, "b": {"delta": 4026.463134765625, "delta_ave": 0.41994819045066833, "support": 9588}, "user": {"delta": 17257.763671875, "delta_ave": 0.06084432825446129, "support": 2306}, "item": {"delta": 7765.491455078125, "delta_ave": 0.0065315949764373086, "support": 9588}, "macro_ave": 0.0336879616154493, "micro_ave": 0.01706170788539336}}
{"id": 5, "metrics": {"theta": {"delta": 19287.50390625, "delta_ave": 0.06594153493642807, "support": 2378}, "a": {"delta": 4438.90625, "delta_ave": 0.003418134991079569, "support": 10558}, "b": {"delta": 5501.56591796875, "delta_ave": 0.5210803151130676, "support": 10558}, "user": {"delta": 19287.50390625, "delta_ave": 0.06594153493642807, "support": 2378}, "item": {"delta": 9940.47216796875, "delta_ave": 0.0075928299920633435, "support": 10558}, "macro_ave": 0.03676718246424571, "micro_ave": 0.01831896019905927}}
{"id": 6, "metrics": {"theta": {"delta": 15205.0498046875, "delta_ave": 0.05108193680644035, "support": 2420}, "a": {"delta": 6036.8759765625, "delta_ave": 0.004310582298785448, "support": 11386}, "b": {"delta": 5590.86376953125, "delta_ave": 0.49102967977523804, "support": 11386}, "user": {"delta": 15205.0498046875, "delta_ave": 0.05108193680644035, "support": 2420}, "item": {"delta": 11627.73974609375, "delta_ave": 0.008235736310692323, "support": 11386}, "macro_ave": 0.02965883655856634, "micro_ave": 0.015746080016306566}}
{"id": 7, "metrics": {"theta": {"delta": 15060.1484375, "delta_ave": 0.04985351487994194, "support": 2456}, "a": {"delta": 5092.923828125, "delta_ave": 0.0034378848504275084, "support": 12044}, "b": {"delta": 3495.497802734375, "delta_ave": 0.29022732377052307, "support": 12044}, "user": {"delta": 15060.1484375, "delta_ave": 0.04985351487994194, "support": 2456}, "item": {"delta": 8588.421630859375, "delta_ave": 0.00575070290623473, "support": 12044}, "macro_ave": 0.027802108893088335, "micro_ave": 0.013220806782608861}}
{"id": 8, "metrics": {"theta": {"delta": 16049.453125, "delta_ave": 0.05284866690635681, "support": 2469}, "a": {"delta": 4482.15185546875, "delta_ave": 0.0028946110978722572, "support": 12589}, "b": {"delta": 3384.2138671875, "delta_ave": 0.2688230872154236, "support": 12589}, "user": {"delta": 16049.453125, "delta_ave": 0.05284866690635681, "support": 2469}, "item": {"delta": 7866.36572265625, "delta_ave": 0.00503919558269122, "support": 12589}, "macro_ave": 0.028943931244524015, "micro_ave": 0.012878323268846775}}
{"id": 9, "metrics": {"theta": {"delta": 12147.015625, "delta_ave": 0.0398692861199379, "support": 2477}, "a": {"delta": 4889.271484375, "delta_ave": 0.0030438911635428667, "support": 13059}, "b": {"delta": 2945.122802734375, "delta_ave": 0.22552438080310822, "support": 13059}, "user": {"delta": 12147.015625, "delta_ave": 0.0398692861199379, "support": 2477}, "item": {"delta": 7834.394287109375, "delta_ave": 0.004838088660636136, "support": 13059}, "macro_ave": 0.022353687390287015, "micro_ave": 0.010423327853909209}}
{"id": 10, "metrics": {"theta": {"delta": 13503.623046875, "delta_ave": 0.044250525534152985, "support": 2481}, "a": {"delta": 4911.185546875, "delta_ave": 0.002965562744066119, "support": 13464}, "b": {"delta": 2826.165283203125, "delta_ave": 0.20990532636642456, "support": 13464}, "user": {"delta": 13503.623046875, "delta_ave": 0.044250525534152985, "support": 2481}, "item": {"delta": 7737.350830078125, "delta_ave": 0.0046344318055367515, "support": 13464}, "macro_ave": 0.024442478669844867, "micro_ave": 0.010798591638757}}
{"id": 11, "metrics": {"theta": {"delta": 0.0, "delta_ave": 0.0, "support": 2488}, "a": {"delta": 0.0, "delta_ave": 0.0, "support": 13801}, "b": {"delta": 0.0, "delta_ave": 0.0, "support": 13801}, "user": {"delta": 0.0, "delta_ave": 0.0, "support": 2488}, "item": {"delta": 0.0, "delta_ave": 0.0, "support": 13801}, "macro_ave": 0.0, "micro_ave": 0.0}}
{"id": 12, "metrics": {"theta": {"delta": 12504.9287109375, "delta_ave": 0.04082975536584854, "support": 2490}, "a": {"delta": 4896.06591796875, "delta_ave": 0.002819279907271266, "support": 14119}, "b": {"delta": 2498.608642578125, "delta_ave": 0.1769678145647049, "support": 14119}, "user": {"delta": 12504.9287109375, "delta_ave": 0.04082975536584854, "support": 2490}, "item": {"delta": 7394.674560546875, "delta_ave": 0.004223703573863473, "support": 14119}, "macro_ave": 0.022526729469856007, "micro_ave": 0.009711635957633887}}
{"id": 13, "metrics": {"theta": {"delta": 13502.1376953125, "delta_ave": 0.04406803473830223, "support": 2491}, "a": {"delta": 5074.76171875, "delta_ave": 0.0028619745280593634, "support": 14416}, "b": {"delta": 2627.770263671875, "delta_ave": 0.1822815090417862, "support": 14416}, "user": {"delta": 13502.1376953125, "delta_ave": 0.04406803473830223, "support": 2491}, "item": {"delta": 7702.531982421875, "delta_ave": 0.004308906258008774, "support": 14416}, "macro_ave": 0.024188470498155503, "micro_ave": 0.010166834278616274}}
{"id": 14, "metrics": {"theta": {"delta": 11734.2431640625, "delta_ave": 0.038282644003629684, "support": 2492}, "a": {"delta": 4460.93505859375, "delta_ave": 0.002470556180924177, "support": 14680}, "b": {"delta": 2735.3486328125, "delta_ave": 0.186331644654274, "support": 14680}, "user": {"delta": 11734.2431640625, "delta_ave": 0.038282644003629684, "support": 2492}, "item": {"delta": 7196.28369140625, "delta_ave": 0.003953306894418934, "support": 14680}, "macro_ave": 0.021117975449024308, "micro_ave": 0.008935179016254083}}
{"id": 15, "metrics": {"theta": {"delta": 0.0, "delta_ave": 0.0, "support": 2493}, "a": {"delta": 0.0, "delta_ave": 0.0, "support": 14905}, "b": {"delta": 0.0, "delta_ave": 0.0, "support": 14905}, "user": {"delta": 0.0, "delta_ave": 0.0, "support": 2493}, "item": {"delta": 0.0, "delta_ave": 0.0, "support": 14905}, "macro_ave": 0.0, "micro_ave": 0.0}}
{"id": 16, "metrics": {"theta": {"delta": 0.0, "delta_ave": 0.0, "support": 2493}, "a": {"delta": 0.0, "delta_ave": 0.0, "support": 15122}, "b": {"delta": 0.0, "delta_ave": 0.0, "support": 15122}, "user": {"delta": 0.0, "delta_ave": 0.0, "support": 2493}, "item": {"delta": 0.0, "delta_ave": 0.0, "support": 15122}, "macro_ave": 0.0, "micro_ave": 0.0}}
{"id": 17, "metrics": {"theta": {"delta": 0.0, "delta_ave": 0.0,