{"id": 1, "metrics": {"theta": {"delta": 5717.490234375, "delta_ave": 1.2100508213043213, "support": 1575}, "a": {"delta": 2147.583984375, "delta_ave": 0.176755890250206, "support": 4050}, "b": {"delta": 4537.8388671875, "delta_ave": 1.1204540729522705, "support": 4050}, "user": {"delta": 5717.490234375, "delta_ave": 1.2100508213043213, "support": 1575}, "item": {"delta": 6685.4228515625, "delta_ave": 0.4126804359257221, "support": 4050}, "macro_ave": 0.8113656286150217, "micro_ave": 0.6359441438317299}}
{"id": 2, "metrics": {"theta": {"delta": 5457.7861328125, "delta_ave": 1.1536221504211426, "support": 1577}, "a": {"delta": 1804.6845703125, "delta_ave": 0.14794921875, "support": 4066}, "b": {"delta": 4014.5966796875, "delta_ave": 0.9873577356338501, "support": 4066}, "user": {"delta": 5457.7861328125, "delta_ave": 1.1536221504211426, "support": 1577}, "item": {"delta": 5819.28125, "delta_ave": 0.3578013479709625, "support": 4066}, "macro_ave": 0.7557117491960526, "micro_ave": 0.5802024476455919}}
{"id": 3, "metrics": {"theta": {"delta": 5286.81494140625, "delta_ave": 1.1296613216400146, "support": 1560}, "a": {"delta": 1551.33642578125, "delta_ave": 0.12905219197273254, "support": 4007}, "b": {"delta": 3514.63037109375, "delta_ave": 0.8771225810050964, "support": 4007}, "user": {"delta": 5286.81494140625, "delta_ave": 1.1296613216400146, "support": 1560}, "item": {"delta": 5065.966796875, "delta_ave": 0.3160697892308235, "support": 4007}, "macro_ave": 0.7228655554354191, "micro_ave": 0.5440566386215794}}
