{"id": 0, "metrics": {"accuracy": 0.5072391412880679, "0.0": {"precision": 0.34800409416581374, "recall": 0.4927536231884058, "f1": 0.4079184163167367, "support": 690}, "1.0": {"precision": 0.6588693957115009, "recall": 0.5148514851485149, "f1": 0.5780247969217613, "support": 1313}, "macro_avg": {"precision": 0.5034367449386573, "recall": 0.5038025541684603, "f1": 0.492971606619249, "support": 2003}, "macro_auc": 0.5042164751592216, "macro_aupoc": 0.6580922210400912, "doa": 0.8333333333333334, "doa_know_support": 3, "doa_z_support": 13}}
{"id": 1, "metrics": {"accuracy": 0.49412915851272016, "0.0": {"precision": 0.3436095054592164, "recall": 0.5028195488721805, "f1": 0.4082411293399466, "support": 1064}, "1.0": {"precision": 0.6494367130550033, "recall": 0.48951048951048953, "f1": 0.5582455140985475, "support": 2002}, "macro_avg": {"precision": 0.49652310925710985, "recall": 0.49616501919133504, "f1": 0.48324332171924705, "support": 3066}, "macro_auc": 0.49699126061908017, "macro_aupoc": 0.646427964711805, "doa": 0.6388888888888888, "doa_know_support": 3, "doa_z_support": 13}}
{"id": 2, "metrics": {"accuracy": 0.5044878563885956, "0.0": {"precision": 0.34782608695652173, "recall": 0.46882043576258453, "f1": 0.39936000000000005, "support": 1331}, "1.0": {"precision": 0.6454363089267804, "recall": 0.5238095238095238, "f1": 0.5782970119074365, "support": 2457}, "macro_avg": {"precision": 0.49663119794165106, "recall": 0.4963149797860542, "f1": 0.4888285059537183, "support": 3788}, "macro_auc": 0.494311014972172, "macro_aupoc": 0.6450100473966316, "doa": 0.2333333333333333, "doa_know_support": 3, "doa_z_support": 8}}
{"id": 3, "metrics": {"accuracy": 0.5262275449101796, "0.0": {"precision": 0.368532206969377, "recall": 0.47162162162162163, "f1": 0.4137522228808536, "support": 1480}, "1.0": {"precision": 0.6571679088119246, "recall": 0.5562152133580704, "f1": 0.602491961414791, "support": 2695}, "macro_avg": {"precision": 0.5128500578906507, "recall": 0.513918417489846, "f1": 0.5081220921478223, "support": 4175}, "macro_auc": 0.519362683648398, "macro_aupoc": 0.664728398764653, "doa": 0.625, "doa_know_support": 3, "doa_z_support": 21}}
