{"id": 1, "metrics": {"theta": {"delta": 5948.958984375, "delta_ave": 1.2768746614456177, "support": 1553}, "a": {"delta": 2363.5986328125, "delta_ave": 0.1948716789484024, "support": 4043}, "b": {"delta": 5050.2109375, "delta_ave": 1.2491246461868286, "support": 4043}, "user": {"delta": 5948.958984375, "delta_ave": 1.2768746614456177, "support": 1553}, "item": {"delta": 7413.8095703125, "delta_ave": 0.45843492075800896, "support": 4043}, "macro_ave": 0.8676547911018133, "micro_ave": 0.6855680367851456}}
{"id": 2, "metrics": {"theta": {"delta": 6968.88720703125, "delta_ave": 1.1702581644058228, "support": 1985}, "a": {"delta": 3159.708984375, "delta_ave": 0.16084855794906616, "support": 6548}, "b": {"delta": 7339.638671875, "delta_ave": 1.1208977699279785, "support": 6548}, "user": {"delta": 6968.88720703125, "delta_ave": 1.1702581644058228, "support": 1985}, "item": {"delta": 10499.34765625, "delta_ave": 0.40086086094379425, "support": 6548}, "macro_ave": 0.7855595126748085, "micro_ave": 0.5798428892306953}}
{"id": 3, "metrics": {"theta": {"delta": 7308.51171875, "delta_ave": 1.1103785037994385, "support": 2194}, "a": {"delta": 3439.19140625, "delta_ave": 0.13762269914150238, "support": 8330}, "b": {"delta": 8248.591796875, "delta_ave": 0.9902271032333374, "support": 8330}, "user": {"delta": 7308.51171875, "delta_ave": 1.1103785037994385, "support": 2194}, "item": {"delta": 11687.783203125, "delta_ave": 0.35077380016446114, "support": 8330}, "macro_ave": 0.7305761519819498, "micro_ave": 0.5091330475775303}}
