{"id": 0, "metrics": {"accuracy": 0.5217174238642037, "0.0": {"precision": 0.3514412416851441, "recall": 0.45942028985507244, "f1": 0.3982412060301508, "support": 690}, "1.0": {"precision": 0.6612170753860127, "recall": 0.5544554455445545, "f1": 0.6031483015741508, "support": 1313}, "macro_avg": {"precision": 0.5063291585355785, "recall": 0.5069378676998135, "f1": 0.5006947538021508, "support": 2003}, "macro_auc": 0.5093645484949832, "macro_aupoc": 0.6638315244937607, "doa": 0.5402380689784781, "doa_know_support": 52, "doa_z_support": 420}}
{"id": 1, "metrics": {"accuracy": 0.6027397260273972, "0.0": {"precision": 0.5806451612903226, "recall": 0.5294117647058824, "f1": 0.5538461538461539, "support": 34}, "1.0": {"precision": 0.6190476190476191, "recall": 0.6666666666666666, "f1": 0.6419753086419754, "support": 39}, "macro_avg": {"precision": 0.5998463901689708, "recall": 0.5980392156862745, "f1": 0.5979107312440646, "support": 73}, "macro_auc": 0.6184012066365008, "macro_aupoc": 0.6629430136592169, "doa": 0.0, "doa_know_support": 1, "doa_z_support": 1}}
{"id": 2, "metrics": {"accuracy": 0.5, "0.0": {"precision": 0.0, "recall": 0.0, "f1": 0.0, "support": 5}, "1.0": {"precision": 0.5833333333333334, "recall": 0.7777777777777778, "f1": 0.6666666666666666, "support": 9}, "macro_avg": {"precision": 0.2916666666666667, "recall": 0.3888888888888889, "f1": 0.3333333333333333, "support": 14}, "macro_auc": 0.5555555555555556, "macro_aupoc": 0.7498575498575499, "doa": NaN, "doa_know_support": 0, "doa_z_support": 0}}
{"id": 3, "metrics": {"accuracy": 0.42857142857142855, "0.0": {"precision": 0.0, "recall": 0.0, "f1": 0.0, "support": 2}, "1.0": {"precision": 0.6, "recall": 0.6, "f1": 0.6, "support": 5}, "macro_avg": {"precision": 0.3, "recall": 0.3, "f1": 0.3, "support": 7}, "macro_auc": 0.2, "macro_aupoc": 0.6961904761904762, "doa": NaN, "doa_know_support": 0, "doa_z_support": 0}}
{"id": 4, "metrics": {"doa": NaN, "doa_know_support": 0, "doa_z_support": 0}}
{"id": 15, "metrics": {"accuracy": 0.6666666666666666, "0.0": {"precision": 0.5, "recall": 0.2857142857142857, "f1": 0.36363636363636365, "support": 7}, "1.0": {"precision": 0.7058823529411765, "recall": 0.8571428571428571, "f1": 0.7741935483870968, "support": 14}, "macro_avg": {"precision": 0.6029411764705883, "recall": 0.5714285714285714, "f1": 0.5689149560117301, "support": 21}, "macro_auc": 0.7857142857142857, "macro_aupoc": 0.8989092465596223, "doa": NaN, "doa_know_support": 0, "doa_z_support": 0}}
{"id": 16, "metrics": {"accuracy": 0.7368421052631579, "0.0": {"precision": 0.0, "recall": 0.0, "f1": 0.0, "support": 4}, "1.0": {"precision": 0.7777777777777778, "recall": 0.9333333333333333, "f1": 0.8484848484848485, "support": 15}, "macro_avg": {"precision": 0.3888888888888889, "recall": 0.4666666666666667, "f1": 0.42424242424242425, "support": 19}, "macro_auc": 0.44999999999999996, "macro_aupoc": 0.7465712612694037, "doa": 1.0, "doa_know_support": 1, "doa_z_support": 1}}
{"id": 17, "metrics": {"accuracy": 0.47058823529411764, "0.0": {"precision": 0.0, "recall": 0.0, "f1": 0.0, "support": 2}, "1.0": {"precision": 0.8, "recall": 0.5333333333333333, "f1": 0.64, "support": 15}, "macro_avg": {"precision": 0.4, "recall": 0.26666666666666666, "f1": 0.32, "support": 17}, "macro_auc": 0.3333333333333333, "macro_aupoc": 0.887107282695518, "doa": NaN, "doa_know_support": 0, "doa_z_support": 0}}
{"id": 18, "metrics": {"accuracy": 0.6875, "0.0": {"precision": 1.0, "recall": 0.16666666666666666, "f1": 0.2857142857142857, "support": 6}, "1.0": {"precision": 0.6666666666666666, "recall": 1.0, "f1": 0.8, "support": 10}, "macro_avg": {"precision": 0.8333333333333333, "recall": 0.5833333333333334, "f1": 0.5428571428571429, "support": 16}, "macro_auc": 0.7166666666666667, "macro_aupoc": 0.8117704517704517, "doa": NaN, "doa_know_support": 0, "doa_z_support": 0}}
{"id": 19, "metrics": {"accuracy": 0.9090909090909091, "0.0": {"precision": 1.0, "recall": 0.6666666666666666, "f1": 0.8, "support": 3}, "1.0": {"precision": 0.8888888888888888, "recall": 1.0, "f1": 0.9411764705882353, "support": 8}, "macro_avg": {"precision": 0.9444444444444444, "recall": 0.8333333333333333, "f1": 0.8705882352941177, "support": 11}, "macro_auc": 1.0, "macro_aupoc": 1.0, "doa": NaN, "doa_know_support": 0, "doa_z_support": 0}}
{"id": 20, "metrics": {"accuracy": 0.6363636363636364, "0.0": {"precision": 0.0, "recall": 0.0, "f1": 0.0, "support": 4}, "1.0": {"precision": 0.6363636363636364, "recall": 1.0, "f1": 0.7777777777777778, "support": 7}, "macro_avg": {"precision": 0.3181818181818182, "recall": 0.5, "f1": 0.3888888888888889, "support": 11}, "macro_auc": 0.6785714285714286, "macro_aupoc": 0.8214285714285714, "doa": NaN, "doa_know_support": 0, "doa_z_support": 0}}
{"id": 21, "metrics": {"accuracy": 0.7142857142857143, "0.0": {"precision": 1.0, "recall": 0.5, "f1": 0.6666666666666666, "support": 4}, "1.0": {"precision": 0.6, "recall": 1.0, "f1": 0.7499999999999999, "support": 3}, "macro_avg": {"precision": 0.8, "recall": 0.75, "f1": 0.7083333333333333, "support": 7}, "macro_auc": 0.75, "macro_aupoc": 0.6388888888888888, "doa": 0.0, "doa_know_support": 1, "doa_z_support": 1}}
{"id": 22, "metrics": {"doa": NaN, "doa_know_support": 0, "doa_z_support": 0}}
{"id": 23, "metrics": {"accuracy": 0.8, "0.0": {"precision": 0.0, "recall": 0.0, "f1": 0.0, "support": 1}, "1.0": {"precision": 0.8, "recall": 1.0, "f1": 0.888888888888889, "support": 4}, "macro_avg": {"precision": 0.4, "recall": 0.5, "f1": 0.4444444444444445, "support": 5}, "macro_auc": 1.0, "macro_aupoc": 1.0, "doa": NaN, "doa_know_support": 0, "doa_z_support": 0}}
{"id": 24, "metrics": {"accuracy": 0.75, "0.0": {"precision": 0.0, "recall": 0.0, "f1": 0.0, "support": 1}, "1.0": {"precision": 0.75, "recall": 1.0, "f1": 0.8571428571428571, "support": 3}, "macro_avg": {"precision": 0.375, "recall": 0.5, "f1": 0.42857142857142855, "support": 4}, "macro_auc": 1.0, "macro_aupoc": 1.0, "doa": NaN, "doa_know_support": 0, "doa_z_support": 0}}
{"id": 25, "metrics": {"accuracy": 0.5, "0.0": {"precision": 0.3333333333333333, "recall": 1.0, "f1": 0.5, "support": 1}, "1.0": {"precision": 1.0, "recall": 0.3333333333333333, "f1": 0.5, "support": 3}, "macro_avg": {"precision": 0.6666666666666666, "recall": 0.6666666666666666, "f1": 0.5, "support": 4}, "macro_auc": 0.3333333333333333, "macro_aupoc": 0.8055555555555556, "doa": NaN, "doa_know_support": 0, "doa_z_support": 0}}
{"id": 26, "metrics": {"accuracy": 0.5714285714285714, "0.0": {"precision": 0.5, "recall": 0.6666666666666666, "f1": 0.5714285714285715, "support": 3}, "1.0": {"precision": 0.6666666666666666, "recall": 0.5, "f1": 0.5714285714285715, "support": 4}, "macro_avg": {"precision": 0.5833333333333333, "recall": 0.5833333333333333, "f1": 0.5714285714285715, "support": 7}, "macro_auc": 0.6666666666666666, "macro_aupoc": 0.8303571428571428, "doa": NaN, "doa_know_support": 0, "doa_z_support": 0}}
{"id": 27, "metrics": {"accuracy": 0.75, "0.0": {"precision": 1.0, "recall": 0.5, "f1": 0.6666666666666666, "support": 2}, "1.0": {"precision": 0.6666666666666666, "recall": 1.0, "f1": 0.8, "support": 2}, "macro_avg": {"precision": 0.8333333333333333, "recall": 0.75, "f1": 0.7333333333333334, "support": 4}, "macro_auc": 1.0, "macro_aupoc": 1.0, "doa": NaN, "doa_know_support": 0, "doa_z_support": 0}}
{"id": 28, "metrics": {"accuracy": 0.8, "0.0": {"precision": 0.0, "recall": 0.0, "f1": 0.0, "support": 1}, "1.0": {"precision": 0.8, "recall": 1.0, "f1": 0.888888888888889, "support": 4}, "macro_avg": {"precision": 0.4, "recall": 0.5, "f1": 0.4444444444444445, "support": 5}, "macro_auc": 0.75, "macro_aupoc": 0.95, "doa": NaN, "doa_know_support": 0, "doa_z_support": 0}}
{"id": 29, "metrics": {"doa": NaN, "doa_know_support": 0, "doa_z_support": 0}}
{"id": 30, "metrics": {"accuracy": 0.6666666666666666, "0.0": {"precision": 0.0, "recall": 0.0, "f1": 0.0, "support": 1}, "1.0": {"precision": 0.6666666666666666, "recall": 1.0, "f1": 0.8, "support": 2},