{"id": 0, "metrics": {"accuracy": 0.5217174238642037, "0.0": {"precision": 0.3514412416851441, "recall": 0.45942028985507244, "f1": 0.3982412060301508, "support": 690}, "1.0": {"precision": 0.6612170753860127, "recall": 0.5544554455445545, "f1": 0.6031483015741508, "support": 1313}, "macro_avg": {"precision": 0.5063291585355785, "recall": 0.5069378676998135, "f1": 0.5006947538021508, "support": 2003}, "macro_auc": 0.5093645484949832, "macro_aupoc": 0.6638315244937607, "doa": 0.5402380689784781, "doa_know_support": 52, "doa_z_support": 420}}
{"id": 1, "metrics": {"accuracy": 0.6129032258064516, "0.0": {"precision": 0.4440677966101695, "recall": 0.3864306784660767, "f1": 0.41324921135646686, "support": 339}, "1.0": {"precision": 0.6876876876876877, "recall": 0.7363344051446945, "f1": 0.7111801242236024, "support": 622}, "macro_avg": {"precision": 0.5658777421489286, "recall": 0.5613825418053856, "f1": 0.5622146677900346, "support": 961}, "macro_auc": 0.5794515740450918, "macro_aupoc": 0.6990884623335086, "doa": 0.39927521972976515, "doa_know_support": 44, "doa_z_support": 173}}
{"id": 2, "metrics": {"accuracy": 0.64349376114082, "0.0": {"precision": 0.4852941176470588, "recall": 0.336734693877551, "f1": 0.39759036144578314, "support": 196}, "1.0": {"precision": 0.6941176470588235, "recall": 0.8082191780821918, "f1": 0.7468354430379747, "support": 365}, "macro_avg": {"precision": 0.5897058823529412, "recall": 0.5724769359798714, "f1": 0.5722129022418789, "support": 561}, "macro_auc": 0.6331562762091139, "macro_aupoc": 0.7446752764636808, "doa": 0.6345238095238095, "doa_know_support": 28, "doa_z_support": 58}}
{"id": 3, "metrics": {"accuracy": 0.6422287390029325, "0.0": {"precision": 0.3763440860215054, "recall": 0.35353535353535354, "f1": 0.3645833333333333, "support": 99}, "1.0": {"precision": 0.7419354838709677, "recall": 0.7603305785123967, "f1": 0.7510204081632653, "support": 242}, "macro_avg": {"precision": 0.5591397849462365, "recall": 0.5569329660238751, "f1": 0.5578018707482993, "support": 341}, "macro_auc": 0.5916186659988313, "macro_aupoc": 0.7592858245053059, "doa": 0.5133333333333333, "doa_know_support": 15, "doa_z_support": 21}}
{"id": 4, "metrics": {"accuracy": 0.6086956521739131, "0.0": {"precision": 0.3698630136986301, "recall": 0.3375, "f1": 0.3529411764705882, "support": 80}, "1.0": {"precision": 0.7055555555555556, "recall": 0.7341040462427746, "f1": 0.7195467422096319, "support": 173}, "macro_avg": {"precision": 0.5377092846270929, "recall": 0.5358020231213874, "f1": 0.53624395934011, "support": 253}, "macro_auc": 0.5377167630057804, "macro_aupoc": 0.6882072113842201, "doa": 0.5, "doa_know_support": 11, "doa_z_support": 12}}
{"id": 5, "metrics": {"accuracy": 0.6611111111111111, "0.0": {"precision": 0.5714285714285714, "recall": 0.24615384615384617, "f1": 0.34408602150537637, "support": 65}, "1.0": {"precision": 0.6776315789473685, "recall": 0.8956521739130435, "f1": 0.7715355805243446, "support": 115}, "macro_avg": {"precision": 0.6245300751879699, "recall": 0.5709030100334449, "f1": 0.5578108010148605, "support": 180}, "macro_auc": 0.6060200668896321, "macro_aupoc": 0.7321943705809276, "doa": 0.25, "doa_know_support": 6, "doa_z_support": 10}}
{"id": 6, "metrics": {"accuracy": 0.6370967741935484, "0.0": {"precision": 0.38235294117647056, "recall": 0.35135135135135137, "f1": 0.3661971830985916, "support": 37}, "1.0": {"precision": 0.7333333333333333, "recall": 0.7586206896551724, "f1": 0.7457627118644068, "support": 87}, "macro_avg": {"precision": 0.557843137254902, "recall": 0.5549860205032618, "f1": 0.5559799474814993, "support": 124}, "macro_auc": 0.5237651444547996, "macro_aupoc": 0.6975819684786488, "doa": 0.26666666666666666, "doa_know_support": 5, "doa_z_support": 9}}
{"id": 7, "metrics": {"accuracy": 0.6842105263157895, "0.0": {"precision": 0.52, "recall": 0.41935483870967744, "f1": 0.46428571428571425, "support": 31}, "1.0": {"precision": 0.7428571428571429, "recall": 0.8125, "f1": 0.7761194029850748, "support": 64}, "macro_avg": {"precision": 0.6314285714285715, "recall": 0.6159274193548387, "f1": 0.6202025586353945, "support": 95}, "macro_auc": 0.6305443548387097, "macro_aupoc": 0.7489965712175649, "doa": 0.125, "doa_know_support": 4, "doa_z_support": 6}}
{"id": 8, "metrics": {"accuracy": 0.7096774193548387, "0.0": {"precision": 0.5555555555555556, "recall": 0.5, "f1": 0.5263157894736842, "support": 20}, "1.0": {"precision": 0.7727272727272727, "recall": 0.8095238095238095, "f1": 0.7906976744186046, "support": 42}, "macro_avg": {"precision": 0.6641414141414141, "recall": 0.6547619047619048, "f1": 0.6585067319461444, "support": 62}, "macro_auc": 0.7023809523809524, "macro_aupoc": 0.7780302184985836, "doa": 0.16666666666666666, "doa_know_support": 3, "doa_z_support": 5}}
{"id": 9, "metrics": {"accuracy": 0.6923076923076923, "0.0": {"precision": 0.6363636363636364, "recall": 0.3684210526315789, "f1": 0.4666666666666667, "support": 19}, "1.0": {"precision": 0.7073170731707317, "recall": 0.8787878787878788, "f1": 0.7837837837837839, "support": 33}, "macro_avg": {"precision": 0.6718403547671841, "recall": 0.6236044657097288, "f1": 0.6252252252252253, "support": 52}, "macro_auc": 0.7033492822966507, "macro_aupoc": 0.7666670881682427, "doa": NaN, "doa_know_support": 0, "doa_z_support": 0}}
{"id": 10, "metrics": {"accuracy": 0.75, "0.0": {"precision": 0.5, "recall": 0.5, "f1": 0.5, "support": 12}, "1.0": {"precision": 0.8333333333333334, "recall": 0.8333333333333334, "f1": 0.8333333333333334, "support": 36}, "macro_avg": {"precision": 0.6666666666666667, "recall": 0.6666666666666667, "f1": 0.6666666666666667, "support": 48}, "macro_auc": 0.6712962962962963, "macro_aupoc": 0.8452979304814575, "doa": 1.0, "doa_know_support": 3, "doa_z_support": 5}}
{"id": 11, "metrics": {"accuracy": 0.696969696969697, "0.0": {"precision": 0.5, "recall": 0.4, "f1": 0.4444444444444445, "support": 10}, "1.0": {"precision": 0.76, "recall": 0.8260869565217391, "f1": 0.7916666666666667, "support": 23}, "macro_avg": {"precision": 0.63, "recall": 0.6130434782608696, "f1": 0.6180555555555556, "support": 33}, "macro_auc": 0.5782608695652174, "macro_aupoc": 0.7356389344759497, "doa": 0.0, "doa_know_support": 2, "doa_z_support": 2}}
{"id": 12, "metrics": {"accuracy": 0.48484848484848486, "0.0": {"precision": 0.25, "recall": 0.15384615384615385, "f1": 0.1904761904761905, "support": 13}, "1.0": {"precision": 0.56, "recall": 0.7, "f1": 0.6222222222222222, "support": 20}, "macro_avg": {"precision": 0.405, "recall": 0.4269230769230769, "f1": 0.40634920634920635, "support": 33}, "macro_auc": 0.3038461538461538, "macro_aupoc": 0.5276328266044613, "doa": 0.0, "doa_know_support": 1, "doa_z_support": 2}}
{"id": 13, "metrics": {"accuracy": 0.7037037037037037, "0.0": {"precision": 0.5, "recall": 0.375, "f1": 0.42857142857142855, "support": 8}, "1.0": {"precision": 0.7619047619047619, "recall": 0.8421052631578947, "f1": 0.8, "support": 19}, "macro_avg": {"precision": 0.6309523809523809, "recall": 0.6085526315789473, "f1": 0.6142857142857143, "support": 27}, "macro_auc": 0.6644736842105263, "macro_aupoc": 0.8181657679173637, "doa": NaN, "doa_know_support": 0, "doa_z_support": 0}}
{"id": 14, "metrics": {"accuracy": 0.6538461538461539, "0.0": {"precision": 0.8571428571428571, "recall": 0.42857142857142855, "f1": 0.5714285714285714, "support": 14}, "1.0": {"precision": 0.5789473684210527, "recall": 0.9166666666666666, "f1": 0.7096774193548387, "support": 12}, "macro_avg": {"precision": 0.7180451127819549, "recall": 0.6726190476190476, "f1": 0.6405529953917051, "support": 26}, "macro_auc": 0.6547619047619048, "macro_aupoc": 0.5797065142459878, "doa": 0.0, "doa_know_support": 1, "doa_z_support": 2}}
{"id": 15, "metrics": {"accuracy": 0.6666666666666666, "0.0": {"precision": 0.5, "recall": 0.2857142857142857, "f1": 0.36363636363636365, "support": 7}, "1.0": {"precision": 0.7058823529411765, "recall": 0.8571428571428571, "f1": 0.7741935483870968, "support": 14},