{"id": 48, "metrics": {"accuracy": 0.6981025737366147, "0.0": {"precision": 0.5670289855072463, "recall": 0.5133952979770366, "f1": 0.538880918220947, "support": 1829}, "1.0": {"precision": 0.7572947913826016, "recall": 0.794791070406411, "f1": 0.775590001396453, "support": 3494}, "macro_avg": {"precision": 0.662161888444924, "recall": 0.6540931841917238, "f1": 0.6572354598087, "support": 5323}, "macro_auc": 0.6909363955330124, "macro_aupoc": 0.7736343308363429, "doa": 0.7342292313920069, "doa_know_support": 56, "doa_z_support": 708}}
