{"id": 48, "metrics": {"theta": {"delta": 4963.3662109375, "delta_ave": 0.01618635095655918, "support": 2493}, "a": {"delta": 38317.30078125, "delta_ave": 0.017692115157842636, "support": 17608}, "b": {"delta": 5405.90673828125, "delta_ave": 0.0024960506707429886, "support": 17608}, "user": {"delta": 4963.3662109375, "delta_ave": 0.01618635095655918, "support": 2493}, "item": {"delta": 43723.20751953125, "delta_ave": 0.010094082914292812, "support": 17608}, "macro_ave": 0.013140216935425997, "micro_ave": 0.010849668418962732}}
