{"id": 1, "metrics": {"theta": {"delta": 347088.9375, "delta_ave": 0.2549719214439392, "support": 2739}, "a": {"delta": 89827.671875, "delta_ave": 0.18537414073944092, "support": 975}, "b": {"delta": 104771.0859375, "delta_ave": 0.21621231734752655, "support": 975}, "user": {"delta": 347088.9375, "delta_ave": 0.2549719214439392, "support": 2739}, "item": {"delta": 194598.7578125, "delta_ave": 0.20079322904348373, "support": 975}, "macro_ave": 0.22788257524371147, "micro_ave": 0.24074892061183256}}
{"id": 2, "metrics": {"theta": {"delta": 274003.21875, "delta_ave": 0.14565768837928772, "support": 3785}, "a": {"delta": 66516.40625, "delta_ave": 0.12943503260612488, "support": 1034}, "b": {"delta": 64962.8125, "delta_ave": 0.12641188502311707, "support": 1034}, "user": {"delta": 274003.21875, "delta_ave": 0.14565768837928772, "support": 3785}, "item": {"delta": 131479.21875, "delta_ave": 0.12792345881462097, "support": 1034}, "macro_ave": 0.13679057359695435, "micro_ave": 0.14185250195682136}}
{"id": 3, "metrics": {"theta": {"delta": 199813.296875, "delta_ave": 0.09459736943244934, "support": 4250}, "a": {"delta": 35185.10546875, "delta_ave": 0.0672956109046936, "support": 1052}, "b": {"delta": 38928.03125, "delta_ave": 0.07445438951253891, "support": 1052}, "user": {"delta": 199813.296875, "delta_ave": 0.09459736943244934, "support": 4250}, "item": {"delta": 74113.13671875, "delta_ave": 0.07087500020861626, "support": 1052}, "macro_ave": 0.0827361848205328, "micro_ave": 0.08989047912247718}}
{"id": 4, "metrics": {"theta": {"delta": 209959.03125, "delta_ave": 0.09415038675069809, "support": 4487}, "a": {"delta": 34842.14453125, "delta_ave": 0.06657636910676956, "support": 1053}, "b": {"delta": 41162.375, "delta_ave": 0.07865306735038757, "support": 1053}, "user": {"delta": 209959.03125, "delta_ave": 0.09415038675069809, "support": 4487}, "item": {"delta": 76004.51953125, "delta_ave": 0.07261471822857857, "support": 1053}, "macro_ave": 0.08338255248963833, "micro_ave": 0.09005705480958043}}
{"id": 5, "metrics": {"theta": {"delta": 156209.859375, "delta_ave": 0.0682382881641388, "support": 4606}, "a": {"delta": 15538.5771484375, "delta_ave": 0.029634827747941017, "support": 1055}, "b": {"delta": 21065.20703125, "delta_ave": 0.04017509147524834, "support": 1055}, "user": {"delta": 156209.859375, "delta_ave": 0.0682382881641388, "support": 4606}, "item": {"delta": 36603.7841796875, "delta_ave": 0.03490495961159468, "support": 1055}, "macro_ave": 0.051571623887866735, "micro_ave": 0.06202619460771165}}
{"id": 6, "metrics": {"theta": {"delta": 68794.234375, "delta_ave": 0.029652738943696022, "support": 4668}, "a": {"delta": 9088.9091796875, "delta_ave": 0.017334165051579475, "support": 1055}, "b": {"delta": 13418.021484375, "delta_ave": 0.025590550154447556, "support": 1055}, "user": {"delta": 68794.234375, "delta_ave": 0.029652738943696022, "support": 4668}, "item": {"delta": 22506.9306640625, "delta_ave": 0.021462357603013515, "support": 1055}, "macro_ave": 0.02555754827335477, "micro_ave": 0.028142892304796836}}
{"id": 7, "metrics": {"theta": {"delta": 66536.6328125, "delta_ave": 0.0284359659999609, "support": 4708}, "a": {"delta": 5533.1923828125, "delta_ave": 0.010552780702710152, "support": 1055}, "b": {"delta": 10062.15625, "delta_ave": 0.019190318882465363, "support": 1055}, "user": {"delta": 66536.6328125, "delta_ave": 0.0284359659999609, "support": 4708}, "item": {"delta": 15595.3486328125, "delta_ave": 0.014871549792587757, "support": 1055}, "macro_ave": 0.021653757896274328, "micro_ave": 0.025952804608536526}}
{"id": 8, "metrics": {"theta": {"delta": 0.0, "delta_ave": 0.0, "support": 4744}, "a": {"delta": 0.0, "delta_ave": 0.0, "support": 1055}, "b": {"delta": 0.0, "delta_ave": 0.0, "support": 1055}, "user": {"delta": 0.0, "delta_ave": 0.0, "support": 4744}, "item": {"delta": 0.0, "delta_ave": 0.0, "support": 1055}, "macro_ave": 0.0, "micro_ave": 0.0}}
{"id": 9, "metrics": {"theta": {"delta": 121445.296875, "delta_ave": 0.05124931409955025, "support": 4768}, "a": {"delta": 4923.79150390625, "delta_ave": 0.009390545077621937, "support": 1055}, "b": {"delta": 11951.19921875, "delta_ave": 0.022793060168623924, "support": 1055}, "user": {"delta": 121445.296875, "delta_ave": 0.05124931409955025, "support": 4768}, "item": {"delta": 16874.99072265625, "delta_ave": 0.01609180262312293, "support": 1055}, "macro_ave": 0.03367055836133659, "micro_ave": 0.04487954343019926}}
{"id": 10, "metrics": {"theta": {"delta": 91394.0703125, "delta_ave": 0.03837468475103378, "support": 4792}, "a": {"delta": 8569.1015625, "delta_ave": 0.016342798247933388, "support": 1055}, "b": {"delta": 18449.130859375, "delta_ave": 0.03518576920032501, "support": 1055}, "user": {"delta": 91394.0703125, "delta_ave": 0.03837468475103378, "support": 4792}, "item": {"delta": 27018.232421875, "delta_ave": 0.0257642837241292, "support": 1055}, "macro_ave": 0.03206948423758149, "micro_ave": 0.036099334471679526}}
{"id": 11, "metrics": {"theta": {"delta": 0.0, "delta_ave": 0.0, "support": 4802}, "a": {"delta": 0.0, "delta_ave": 0.0, "support": 1055}, "b": {"delta": 0.0, "delta_ave": 0.0, "support": 1055}, "user": {"delta": 0.0, "delta_ave": 0.0, "support": 4802}, "item": {"delta": 0.0, "delta_ave": 0.0, "support": 1055}, "macro_ave": 0.0, "micro_ave": 0.0}}
{"id": 12, "metrics": {"theta": {"delta": 0.0, "delta_ave": 0.0, "support": 4817}, "a": {"delta": 0.0, "delta_ave": 0.0, "support": 1055}, "b": {"delta": 0.0, "delta_ave": 0.0, "support": 1055}, "user": {"delta": 0.0, "delta_ave": 0.0, "support": 4817}, "item": {"delta": 0.0, "delta_ave": 0.0, "support": 1055}, "macro_ave": 0.0, "micro_ave": 0.0}}
{"id": 13, "metrics": {"theta": {"delta": 91722.5234375, "delta_ave": 0.03820959851145744, "support": 4830}, "a": {"delta": 6446.583984375, "delta_ave": 0.012294781394302845, "support": 1055}, "b": {"delta": 20154.998046875, "delta_ave": 0.03843916207551956, "support": 1055}, "user": {"delta": 91722.5234375, "delta_ave": 0.03820959851145744, "support": 4830}, "item": {"delta": 26601.58203125, "delta_ave": 0.025366971734911203, "support": 1055}, "macro_ave": 0.03178828512318432, "micro_ave": 0.035907309429170906}}
{"id": 14, "metrics": {"theta": {"delta": 0.0, "delta_ave": 0.0, "support": 4837}, "a": {"delta": 0.0, "delta_ave": 0.0, "support": 1055}, "b": {"delta": 0.0, "delta_ave": 0.0, "support": 1055}, "user": {"delta": 0.0, "delta_ave": 0.0, "support": 4837}, "item": {"delta": 0.0, "delta_ave": 0.0, "support": 1055}, "macro_ave": 0.0, "micro_ave": 0.0}}
{"id": 15, "metrics": {"theta": {"delta": 0.0, "delta_ave": 0.0, "support": 4845}, "a": {"delta": 0.0, "delta_ave": 0.0, "support": 1055}, "b": {"delta": 0.0, "delta_ave": 0.0, "support": 1055}, "user": {"delta": 0.0, "delta_ave": 0.0, "support": 4845}, "item": {"delta": 0.0, "delta_ave": 0.0, "support": 1055}, "macro_ave": 0.0, "micro_ave": 0.0}}
{"id": 16, "metrics": {"theta": {"delta": 0.0, "delta_ave": 0.0, "support": 4856}, "a": {"delta": 0.0, "delta_ave": 0.0, "support": 1055}, "b": {"delta": 0.0, "delta_ave": 0.0, "support": 1055}, "user": {"delta": 0.0, "delta_ave": 0.0, "support": 4856}, "item": {"delta": 0.0, "delta_ave": 0.0, "support": 1055}, "macro_ave": 0.0, "micro_ave": 0.0}}
{"id": 17, "metrics": {"theta": {"delta": 0.0, "delta_ave": 0.0, "support": 4861}, "a": {"delta": 0.0, "delta_ave": 0.0, "support": 1055}, "b": {"delta": 0.0, "delta_ave": 0.0, "support": 1055}, "user": {"delta": 0.0, "delta_ave": 0.0, "support": 4861}, "item": {"delta": 0.0, "delta_ave": 0.0, "support": 1055}, "macro_ave": 0.0, "micro_ave": 0.0}}
{"id": 18, "metrics": {"theta": {"delta": 0.0, "delta_ave": 0.0, "support": 4864}, "a": {"delta": 0.0, "delta_ave": 0.0, "support": 1055}, "b": {"delta": 0.0, "delta_ave": 0.0, "support": 1055}, "user": {"delta": 0.0, "delta_ave": 0.0, "support": 4864}, "item": {"delta": 0.0, "delta_ave": 0.0, "support": 1055}, "macro_ave": 0.0, "micro_ave": 0.0}}
{"id": 19, "metrics": {"theta": {"delta": 0.0, "delta_ave": 0.0,