{"id": 0, "metrics": {"accuracy": 0.6082647718773373, "0.0": {"precision": 0.4474263088429388, "recall": 0.5479525862068966, "f1": 0.4926132235408089, "support": 1856}, "1.0": {"precision": 0.7271544715447155, "recall": 0.6403207331042382, "f1": 0.6809806608801584, "support": 3492}, "macro_avg": {"precision": 0.5872903901938271, "recall": 0.5941366596555674, "f1": 0.5867969422104836, "support": 5348}, "macro_auc": 0.6173355446686022, "macro_aupoc": 0.7234105139594071, "doa": 0.49520323221576573, "doa_know_support": 67, "doa_z_support": 880}}
{"id": 1, "metrics": {"accuracy": 0.7725856697819314, "0.0": {"precision": 0.667910447761194, "recall": 0.7584745762711864, "f1": 0.7103174603174605, "support": 236}, "1.0": {"precision": 0.8475935828877005, "recall": 0.7807881773399015, "f1": 0.8128205128205129, "support": 406}, "macro_avg": {"precision": 0.7577520153244472, "recall": 0.7696313768055439, "f1": 0.7615689865689867, "support": 642}, "macro_auc": 0.8219086582616681, "macro_aupoc": 0.8853724438164567, "doa": 0.5222222222222223, "doa_know_support": 15, "doa_z_support": 24}}
{"id": 2, "metrics": {"accuracy": 0.8972602739726028, "0.0": {"precision": 0.8672566371681416, "recall": 0.8672566371681416, "f1": 0.8672566371681416, "support": 113}, "1.0": {"precision": 0.9162011173184358, "recall": 0.9162011173184358, "f1": 0.9162011173184358, "support": 179}, "macro_avg": {"precision": 0.8917288772432888, "recall": 0.8917288772432888, "f1": 0.8917288772432888, "support": 292}, "macro_auc": 0.9660354971078261, "macro_aupoc": 0.9801600644717291, "doa": 0.7777777777777777, "doa_know_support": 3, "doa_z_support": 5}}
{"id": 3, "metrics": {"accuracy": 0.89375, "0.0": {"precision": 0.847457627118644, "recall": 0.8620689655172413, "f1": 0.8547008547008546, "support": 58}, "1.0": {"precision": 0.9207920792079208, "recall": 0.9117647058823529, "f1": 0.9162561576354681, "support": 102}, "macro_avg": {"precision": 0.8841248531632824, "recall": 0.8869168356997972, "f1": 0.8854785061681614, "support": 160}, "macro_auc": 0.9722785665990534, "macro_aupoc": 0.9848308294228534, "doa": 1.0, "doa_know_support": 1, "doa_z_support": 1}}
{"id": 4, "metrics": {"accuracy": 0.9239130434782609, "0.0": {"precision": 0.926829268292683, "recall": 0.9047619047619048, "f1": 0.9156626506024096, "support": 42}, "1.0": {"precision": 0.9215686274509803, "recall": 0.94, "f1": 0.9306930693069307, "support": 50}, "macro_avg": {"precision": 0.9241989478718317, "recall": 0.9223809523809523, "f1": 0.9231778599546702, "support": 92}, "macro_auc": 0.9866666666666667, "macro_aupoc": 0.9890665092334999, "doa": 1.0, "doa_know_support": 2, "doa_z_support": 2}}
{"id": 5, "metrics": {"accuracy": 0.9137931034482759, "0.0": {"precision": 0.875, "recall": 0.8235294117647058, "f1": 0.8484848484848485, "support": 17}, "1.0": {"precision": 0.9285714285714286, "recall": 0.9512195121951219, "f1": 0.9397590361445782, "support": 41}, "macro_avg": {"precision": 0.9017857142857143, "recall": 0.8873744619799139, "f1": 0.8941219423147133, "support": 58}, "macro_auc": 0.9799139167862266, "macro_aupoc": 0.9917842311683552, "doa": NaN, "doa_know_support": 0, "doa_z_support": 0}}
{"id": 6, "metrics": {"accuracy": 0.8979591836734694, "0.0": {"precision": 0.9411764705882353, "recall": 0.8, "f1": 0.8648648648648648, "support": 20}, "1.0": {"precision": 0.875, "recall": 0.9655172413793104, "f1": 0.9180327868852458, "support": 29}, "macro_avg": {"precision": 0.9080882352941176, "recall": 0.8827586206896552, "f1": 0.8914488258750553, "support": 49}, "macro_auc": 0.9706896551724138, "macro_aupoc": 0.9811519404449458, "doa": NaN, "doa_know_support": 0, "doa_z_support": 0}}
{"id": 7, "metrics": {"accuracy": 0.9285714285714286, "0.0": {"precision": 0.8571428571428571, "recall": 1.0, "f1": 0.923076923076923, "support": 6}, "1.0": {"precision": 1.0, "recall": 0.875, "f1": 0.9333333333333333, "support": 8}, "macro_avg": {"precision": 0.9285714285714286, "recall": 0.9375, "f1": 0.9282051282051282, "support": 14}, "macro_auc": 1.0, "macro_aupoc": 1.0, "doa": NaN, "doa_know_support": 0, "doa_z_support": 0}}
{"id": 8, "metrics": {"accuracy": 1.0, "0.0": {"precision": 1.0, "recall": 1.0, "f1": 1.0, "support": 6}, "1.0": {"precision": 1.0, "recall": 1.0, "f1": 1.0, "support": 5}, "macro_avg": {"precision": 1.0, "recall": 1.0, "f1": 1.0, "support": 11}, "macro_auc": 1.0, "macro_aupoc": 1.0, "doa": NaN, "doa_know_support": 0, "doa_z_support": 0}}
{"id": 9, "metrics": {"accuracy": 1.0, "0.0": {"precision": 1.0, "recall": 1.0, "f1": 1.0, "support": 2}, "1.0": {"precision": 1.0, "recall": 1.0, "f1": 1.0, "support": 2}, "macro_avg": {"precision": 1.0, "recall": 1.0, "f1": 1.0, "support": 4}, "macro_auc": 1.0, "macro_aupoc": 1.0, "doa": NaN, "doa_know_support": 0, "doa_z_support": 0}}
{"id": 10, "metrics": {"accuracy": 0.8181818181818182, "0.0": {"precision": 0.7142857142857143, "recall": 1.0, "f1": 0.8333333333333333, "support": 5}, "1.0": {"precision": 1.0, "recall": 0.6666666666666666, "f1": 0.8, "support": 6}, "macro_avg": {"precision": 0.8571428571428572, "recall": 0.8333333333333333, "f1": 0.8166666666666667, "support": 11}, "macro_auc": 0.9666666666666668, "macro_aupoc": 0.976190476190476, "doa": NaN, "doa_know_support": 0, "doa_z_support": 0}}
{"id": 11, "metrics": {"accuracy": 1.0, "0.0": {"precision": 1.0, "recall": 1.0, "f1": 1.0, "support": 1}, "1.0": {"precision": 1.0, "recall": 1.0, "f1": 1.0, "support": 1}, "macro_avg": {"precision": 1.0, "recall": 1.0, "f1": 1.0, "support": 2}, "macro_auc": 1.0, "macro_aupoc": 1.0, "doa": NaN, "doa_know_support": 0, "doa_z_support": 0}}
{"id": 12, "metrics": {"doa": NaN, "doa_know_support": 0, "doa_z_support": 0}}
{"id": 13, "metrics": {"doa": NaN, "doa_know_support": 0, "doa_z_support": 0}}
{"id": 14, "metrics": {"doa": NaN, "doa_know_support": 0, "doa_z_support": 0}}
