{"id": 0, "metrics": {"accuracy": 0.6082647718773373, "0.0": {"precision": 0.4474263088429388, "recall": 0.5479525862068966, "f1": 0.4926132235408089, "support": 1856}, "1.0": {"precision": 0.7271544715447155, "recall": 0.6403207331042382, "f1": 0.6809806608801584, "support": 3492}, "macro_avg": {"precision": 0.5872903901938271, "recall": 0.5941366596555674, "f1": 0.5867969422104836, "support": 5348}, "macro_auc": 0.6173355446686022, "macro_aupoc": 0.7234105139594071, "doa": 0.49520323221576573, "doa_know_support": 67, "doa_z_support": 880}}
{"id": 1, "metrics": {"accuracy": 0.7875040676863, "0.0": {"precision": 0.6985539488320356, "recall": 0.6217821782178218, "f1": 0.6579360921948664, "support": 1010}, "1.0": {"precision": 0.8242870285188593, "recall": 0.868637905962191, "f1": 0.8458815199433561, "support": 2063}, "macro_avg": {"precision": 0.7614204886754474, "recall": 0.7452100420900064, "f1": 0.7519088060691113, "support": 3073}, "macro_auc": 0.8163887062482302, "macro_aupoc": 0.8734242548027855, "doa": 0.5939142755637561, "doa_know_support": 62, "doa_z_support": 356}}
{"id": 2, "metrics": {"accuracy": 0.8525610339875539, "0.0": {"precision": 0.8448275862068966, "recall": 0.6601796407185628, "f1": 0.7411764705882352, "support": 668}, "1.0": {"precision": 0.8551372048500319, "recall": 0.9429978888106967, "f1": 0.896921017402945, "support": 1421}, "macro_avg": {"precision": 0.8499823955284642, "recall": 0.8015887647646298, "f1": 0.8190487439955901, "support": 2089}, "macro_auc": 0.9221546351350782, "macro_aupoc": 0.9610350771353398, "doa": 0.5160566706021251, "doa_know_support": 55, "doa_z_support": 184}}
{"id": 3, "metrics": {"accuracy": 0.868421052631579, "0.0": {"precision": 0.8740157480314961, "recall": 0.7010526315789474, "f1": 0.7780373831775701, "support": 475}, "1.0": {"precision": 0.8664158043273753, "recall": 0.9504643962848297, "f1": 0.906496062992126, "support": 969}, "macro_avg": {"precision": 0.8702157761794357, "recall": 0.8257585139318886, "f1": 0.8422667230848481, "support": 1444}, "macro_auc": 0.9439031014067677, "macro_aupoc": 0.9729232473484974, "doa": 0.5857142857142857, "doa_know_support": 38, "doa_z_support": 99}}
{"id": 4, "metrics": {"accuracy": 0.8645454545454545, "0.0": {"precision": 0.8338557993730408, "recall": 0.7348066298342542, "f1": 0.7812041116005873, "support": 362}, "1.0": {"precision": 0.8770806658130602, "recall": 0.9281842818428184, "f1": 0.9019091507570771, "support": 738}, "macro_avg": {"precision": 0.8554682325930505, "recall": 0.8314954558385363, "f1": 0.8415566311788323, "support": 1100}, "macro_auc": 0.939619548129183, "macro_aupoc": 0.9705644631760177, "doa": 0.6158119658119657, "doa_know_support": 39, "doa_z_support": 63}}
{"id": 5, "metrics": {"accuracy": 0.8469055374592834, "0.0": {"precision": 0.8367346938775511, "recall": 0.6699346405228758, "f1": 0.7441016333938293, "support": 306}, "1.0": {"precision": 0.8505917159763313, "recall": 0.9349593495934959, "f1": 0.8907823392718822, "support": 615}, "macro_avg": {"precision": 0.8436632049269412, "recall": 0.8024469950581858, "f1": 0.8174419863328557, "support": 921}, "macro_auc": 0.9363515595940273, "macro_aupoc": 0.9685089847390553, "doa": 0.5107142857142858, "doa_know_support": 28, "doa_z_support": 39}}
{"id": 6, "metrics": {"accuracy": 0.8810511756569848, "0.0": {"precision": 0.8325123152709359, "recall": 0.7647058823529411, "f1": 0.7971698113207547, "support": 221}, "1.0": {"precision": 0.9, "recall": 0.9322709163346613, "f1": 0.9158512720156555, "support": 502}, "macro_avg": {"precision": 0.8662561576354679, "recall": 0.8484883993438013, "f1": 0.8565105416682051, "support": 723}, "macro_auc": 0.9385174235185954, "macro_aupoc": 0.9704219399234962, "doa": 0.6583333333333333, "doa_know_support": 20, "doa_z_support": 25}}
{"id": 7, "metrics": {"accuracy": 0.8302828618968386, "0.0": {"precision": 0.7987421383647799, "recall": 0.6446700507614214, "f1": 0.7134831460674157, "support": 197}, "1.0": {"precision": 0.8416289592760181, "recall": 0.9207920792079208, "f1": 0.8794326241134752, "support": 404}, "macro_avg": {"precision": 0.8201855488203991, "recall": 0.782731064984671, "f1": 0.7964578850904455, "support": 601}, "macro_auc": 0.9116952304367492, "macro_aupoc": 0.9551559724083587, "doa": 0.7321428571428571, "doa_know_support": 14, "doa_z_support": 24}}
{"id": 8, "metrics": {"accuracy": 0.8307086614173228, "0.0": {"precision": 0.8015267175572519, "recall": 0.6363636363636364, "f1": 0.7094594594594594, "support": 165}, "1.0": {"precision": 0.8408488063660478, "recall": 0.924198250728863, "f1": 0.8805555555555556, "support": 343}, "macro_avg": {"precision": 0.8211877619616499, "recall": 0.7802809435462497, "f1": 0.7950075075075076, "support": 508}, "macro_auc": 0.8846717907942397, "macro_aupoc": 0.9373325757017993, "doa": 0.6, "doa_know_support": 15, "doa_z_support": 21}}
{"id": 9, "metrics": {"accuracy": 0.8283752860411899, "0.0": {"precision": 0.7807017543859649, "recall": 0.6402877697841727, "f1": 0.7035573122529644, "support": 139}, "1.0": {"precision": 0.8452012383900929, "recall": 0.9161073825503355, "f1": 0.8792270531400965, "support": 298}, "macro_avg": {"precision": 0.8129514963880289, "recall": 0.7781975761672542, "f1": 0.7913921826965304, "support": 437}, "macro_auc": 0.8976389358312008, "macro_aupoc": 0.9483962271882549, "doa": 0.5555555555555556, "doa_know_support": 12, "doa_z_support": 16}}
{"id": 10, "metrics": {"accuracy": 0.851123595505618, "0.0": {"precision": 0.7472527472527473, "recall": 0.6938775510204082, "f1": 0.7195767195767196, "support": 98}, "1.0": {"precision": 0.8867924528301887, "recall": 0.9108527131782945, "f1": 0.8986615678776291, "support": 258}, "macro_avg": {"precision": 0.817022600041468, "recall": 0.8023651320993513, "f1": 0.8091191437271743, "support": 356}, "macro_auc": 0.8971286188894162, "macro_aupoc": 0.9583846176909163, "doa": 0.42857142857142855, "doa_know_support": 7, "doa_z_support": 9}}
{"id": 11, "metrics": {"accuracy": 0.8011527377521613, "0.0": {"precision": 0.7127659574468085, "recall": 0.6146788990825688, "f1": 0.6600985221674877, "support": 109}, "1.0": {"precision": 0.83399209486166, "recall": 0.8865546218487395, "f1": 0.8594704684317719, "support": 238}, "macro_avg": {"precision": 0.7733790261542343, "recall": 0.7506167604656542, "f1": 0.7597844952996298, "support": 347}, "macro_auc": 0.8520160357721069, "macro_aupoc": 0.9211346882193864, "doa": 0.6818181818181818, "doa_know_support": 11, "doa_z_support": 13}}
{"id": 12, "metrics": {"accuracy": 0.790625, "0.0": {"precision": 0.7789473684210526, "recall": 0.6166666666666667, "f1": 0.6883720930232559, "support": 120}, "1.0": {"precision": 0.7955555555555556, "recall": 0.895, "f1": 0.8423529411764705, "support": 200}, "macro_avg": {"precision": 0.7872514619883041, "recall": 0.7558333333333334, "f1": 0.7653625170998632, "support": 320}, "macro_auc": 0.848375, "macro_aupoc": 0.892422094117764, "doa": 0.75, "doa_know_support": 12, "doa_z_support": 13}}
{"id": 13, "metrics": {"accuracy": 0.8185053380782918, "0.0": {"precision": 0.8266666666666667, "recall": 0.62, "f1": 0.7085714285714284, "support": 100}, "1.0": {"precision": 0.8155339805825242, "recall": 0.9281767955801105, "f1": 0.8682170542635659, "support": 181}, "macro_avg": {"precision": 0.8211003236245955, "recall": 0.7740883977900552, "f1": 0.7883942414174971, "support": 281}, "macro_auc": 0.8811049723756906, "macro_aupoc": 0.9309987512038592, "doa": 0.16666666666666666, "doa_know_support": 3, "doa_z_support": 4}}
{"id": 14, "metrics": {"accuracy": 0.8264462809917356, "0.0": {"precision": 0.8253968253968254, "recall": 0.6265060240963856, "f1": 0.7123287671232876, "support": 83}, "1.0": {"precision": 0.8268156424581006, "recall": 0.9308176100628931, "f1": 0.8757396449704142, "support": 159}, "macro_avg": {"precision": 0.826106233927463, "recall": 0.7786618170796393, "f1": 0.7940342060468509, "support": 242}, "macro_auc": 0.8833825869515799, "macro_aupoc": 0.9323221794608871, "doa": 0.6,