{"id": 1, "metrics": {"theta": {"delta": 39258.74609375, "delta_ave": 0.20552273094654083, "support": 1553}, "a": {"delta": 26980.421875, "delta_ave": 0.054255012422800064, "support": 4043}, "b": {"delta": 935.3486328125, "delta_ave": 0.2313501536846161, "support": 4043}, "user": {"delta": 39258.74609375, "delta_ave": 0.20552273094654083, "support": 1553}, "item": {"delta": 27915.7705078125, "delta_ave": 0.05568319904587923, "support": 4043}, "macro_ave": 0.13060296499621002, "micro_ave": 0.09726661452867542}}
{"id": 2, "metrics": {"theta": {"delta": 44491.015625, "delta_ave": 0.18222446739673615, "support": 1985}, "a": {"delta": 35134.6484375, "delta_ave": 0.043623633682727814, "support": 6548}, "b": {"delta": 1305.71240234375, "delta_ave": 0.19940629601478577, "support": 6548}, "user": {"delta": 44491.015625, "delta_ave": 0.18222446739673615, "support": 1985}, "item": {"delta": 36440.36083984375, "delta_ave": 0.04487994547572828, "support": 6548}, "macro_ave": 0.1135522064362322, "micro_ave": 0.07682988992823041}}
{"id": 3, "metrics": {"theta": {"delta": 33031.71484375, "delta_ave": 0.12240224331617355, "support": 2194}, "a": {"delta": 18849.453125, "delta_ave": 0.018397068604826927, "support": 8330}, "b": {"delta": 957.2640380859375, "delta_ave": 0.11491765081882477, "support": 8330}, "user": {"delta": 33031.71484375, "delta_ave": 0.12240224331617355, "support": 2194}, "item": {"delta": 19806.717163085938, "delta_ave": 0.0191754603968753, "support": 8330}, "macro_ave": 0.07078885185652442, "micro_ave": 0.04069575322516686}}
{"id": 4, "metrics": {"theta": {"delta": 23114.212890625, "delta_ave": 0.08149194717407227, "support": 2306}, "a": {"delta": 7572.68017578125, "delta_ave": 0.006421204190701246, "support": 9588}, "b": {"delta": 606.2987060546875, "delta_ave": 0.06323516368865967, "support": 9588}, "user": {"delta": 23114.212890625, "delta_ave": 0.08149194717407227, "support": 2306}, "item": {"delta": 8178.9788818359375, "delta_ave": 0.006879381283426717, "support": 9588}, "macro_ave": 0.04418566422874949, "micro_ave": 0.02134521085664251}}
{"id": 5, "metrics": {"theta": {"delta": 17158.318359375, "delta_ave": 0.05866212025284767, "support": 2378}, "a": {"delta": 4376.23974609375, "delta_ave": 0.003369879210367799, "support": 10558}, "b": {"delta": 427.74810791015625, "delta_ave": 0.04051412269473076, "support": 10558}, "user": {"delta": 17158.318359375, "delta_ave": 0.05866212025284767, "support": 2378}, "item": {"delta": 4803.987854003906, "delta_ave": 0.003669429561048145, "support": 10558}, "macro_ave": 0.03116577490694791, "micro_ave": 0.013778630122666826}}
{"id": 6, "metrics": {"theta": {"delta": 13985.708984375, "delta_ave": 0.04698551818728447, "support": 2420}, "a": {"delta": 3519.143310546875, "delta_ave": 0.002512815874069929, "support": 11386}, "b": {"delta": 344.317626953125, "delta_ave": 0.030240437015891075, "support": 11386}, "user": {"delta": 13985.708984375, "delta_ave": 0.04698551818728447, "support": 2420}, "item": {"delta": 3863.4609375, "delta_ave": 0.0027364257219878417, "support": 11386}, "macro_ave": 0.024860971954636157, "micro_ave": 0.010492676900172533}}
{"id": 7, "metrics": {"theta": {"delta": 11703.556640625, "delta_ave": 0.03874221071600914, "support": 2456}, "a": {"delta": 3287.399169921875, "delta_ave": 0.0022190986201167107, "support": 12044}, "b": {"delta": 298.8056640625, "delta_ave": 0.02480950392782688, "support": 12044}, "user": {"delta": 11703.556640625, "delta_ave": 0.03874221071600914, "support": 2456}, "item": {"delta": 3586.204833984375, "delta_ave": 0.0024012793080821155, "support": 12044}, "macro_ave": 0.020571745012045627, "micro_ave": 0.00855668120724548}}
{"id": 8, "metrics": {"theta": {"delta": 10123.09375, "delta_ave": 0.033333972096443176, "support": 2469}, "a": {"delta": 3126.85498046875, "delta_ave": 0.00201934901997447, "support": 12589}, "b": {"delta": 263.5986328125, "delta_ave": 0.020938808098435402, "support": 12589}, "user": {"delta": 10123.09375, "delta_ave": 0.033333972096443176, "support": 2469}, "item": {"delta": 3390.45361328125, "delta_ave": 0.002171925302865284, "support": 12589}, "macro_ave": 0.01775294869965423, "micro_ave": 0.007281441409475977}}
{"id": 9, "metrics": {"theta": {"delta": 8827.4560546875, "delta_ave": 0.028973732143640518, "support": 2477}, "a": {"delta": 2995.89453125, "delta_ave": 0.001865140162408352, "support": 13059}, "b": {"delta": 241.54202270507812, "delta_ave": 0.018496209755539894, "support": 13059}, "user": {"delta": 8827.4560546875, "delta_ave": 0.028973732143640518, "support": 2477}, "item": {"delta": 3237.436553955078, "delta_ave": 0.001999261691385219, "support": 13059}, "macro_ave": 0.015486496917512868, "micro_ave": 0.006299967362744409}}
{"id": 10, "metrics": {"theta": {"delta": 8034.31787109375, "delta_ave": 0.02632795460522175, "support": 2481}, "a": {"delta": 2923.59130859375, "delta_ave": 0.0017653770046308637, "support": 13464}, "b": {"delta": 233.5396728515625, "delta_ave": 0.0173454899340868, "support": 13464}, "user": {"delta": 8034.31787109375, "delta_ave": 0.02632795460522175, "support": 2481}, "item": {"delta": 3157.1309814453125, "delta_ave": 0.0018910230766426052, "support": 13464}, "macro_ave": 0.014109488840932176, "micro_ave": 0.005693345254278532}}
{"id": 11, "metrics": {"theta": {"delta": 7269.64306640625, "delta_ave": 0.023755140602588654, "support": 2488}, "a": {"delta": 2698.82763671875, "delta_ave": 0.0015898621641099453, "support": 13801}, "b": {"delta": 218.806396484375, "delta_ave": 0.01585438661277294, "support": 13801}, "user": {"delta": 7269.64306640625, "delta_ave": 0.023755140602588654, "support": 2488}, "item": {"delta": 2917.634033203125, "delta_ave": 0.001704898651599163, "support": 13801}, "macro_ave": 0.012730019627093908, "micro_ave": 0.005072877163113796}}
{"id": 12, "metrics": {"theta": {"delta": 6973.05908203125, "delta_ave": 0.02276768535375595, "support": 2490}, "a": {"delta": 2545.2666015625, "delta_ave": 0.0014656296698376536, "support": 14119}, "b": {"delta": 220.71498107910156, "delta_ave": 0.015632478520274162, "support": 14119}, "user": {"delta": 6973.05908203125, "delta_ave": 0.02276768535375595, "support": 2490}, "item": {"delta": 2765.9815826416016, "delta_ave": 0.001579878450889561, "support": 14119}, "macro_ave": 0.012173781902322756, "micro_ave": 0.004756327315248481}}
{"id": 13, "metrics": {"theta": {"delta": 6422.23291015625, "delta_ave": 0.020960768684744835, "support": 2491}, "a": {"delta": 2339.8134765625, "delta_ave": 0.0013195667415857315, "support": 14416}, "b": {"delta": 223.29173278808594, "delta_ave": 0.015489161014556885, "support": 14416}, "user": {"delta": 6422.23291015625, "delta_ave": 0.020960768684744835, "support": 2491}, "item": {"delta": 2563.105209350586, "delta_ave": 0.0014338376631419505, "support": 14416}, "macro_ave": 0.011197303173943393, "micro_ave": 0.004310846308958049}}
{"id": 14, "metrics": {"theta": {"delta": 6090.466796875, "delta_ave": 0.019869979470968246, "support": 2492}, "a": {"delta": 2198.45556640625, "delta_ave": 0.0012175492011010647, "support": 14680}, "b": {"delta": 221.11651611328125, "delta_ave": 0.015062433667480946, "support": 14680}, "user": {"delta": 6090.466796875, "delta_ave": 0.019869979470968246, "support": 2492}, "item": {"delta": 2419.5720825195312, "delta_ave": 0.0013292014951847733, "support": 14680}, "macro_ave": 0.01059959048307651, "micro_ave": 0.004019838504016151}}
