{"id": 48, "metrics": {"theta": {"delta": 1918.764892578125, "delta_ave": 0.58552485704422, "support": 3277}, "a": {"delta": 88.67224884033203, "delta_ave": 0.08068448305130005, "support": 1099}, "b": {"delta": 382.32806396484375, "delta_ave": 0.34788721799850464, "support": 1099}, "user": {"delta": 1918.764892578125, "delta_ave": 0.58552485704422, "support": 3277}, "item": {"delta": 471.0003128051758, "delta_ave": 0.08092739462852477, "support": 1099}, "macro_ave": 0.33322612583637234, "micro_ave": 0.4587989404091996}}
