{"id": 48, "metrics": {"accuracy": 0.7318840579710145, "0.0": {"precision": 0.0, "recall": 0.0, "f1": 0.0, "support": 1258}, "1.0": {"precision": 0.7318840579710145, "recall": 1.0, "f1": 0.8451882845188284, "support": 3434}, "macro_avg": {"precision": 0.36594202898550726, "recall": 0.5, "f1": 0.4225941422594142, "support": 4692}, "macro_auc": 0.7270900135463841, "macro_aupoc": 0.8677248504033517, "doa": 0.5729289815124194, "doa_know_support": 261, "doa_z_support": 5618}}
