{"id": 48, "metrics": {"theta": {"delta": 2386.99951171875, "delta_ave": 0.5035864114761353, "support": 4740}, "a": {"delta": 93.56202697753906, "delta_ave": 0.08135828375816345, "support": 1150}, "b": {"delta": 426.060302734375, "delta_ave": 0.3704872131347656, "support": 1150}, "user": {"delta": 2386.99951171875, "delta_ave": 0.5035864114761353, "support": 4740}, "item": {"delta": 519.6223297119141, "delta_ave": 0.08160948178542375, "support": 1150}, "macro_ave": 0.2925979466307795, "micro_ave": 0.42119702792022384}}
