{"id": 48, "metrics": {"accuracy": 0.7001690775878264, "0.0": {"precision": 0.5738744451490171, "recall": 0.49480590486604703, "f1": 0.5314151497357604, "support": 1829}, "1.0": {"precision": 0.7533368926855313, "recall": 0.8076702919290212, "f1": 0.7795580110497238, "support": 3494}, "macro_avg": {"precision": 0.6636056689172742, "recall": 0.6512380983975341, "f1": 0.6554865803927421, "support": 5323}, "macro_auc": 0.6899843612247255, "macro_aupoc": 0.7713326627014382, "doa": 0.7265146832664678, "doa_know_support": 54, "doa_z_support": 651}}
