{"id": 48, "metrics": {"theta": {"delta": 5492.32568359375, "delta_ave": 0.01791137270629406, "support": 2493}, "a": {"delta": 36635.99609375, "delta_ave": 0.016915813088417053, "support": 17608}, "b": {"delta": 18741.091796875, "delta_ave": 0.008653259836137295, "support": 17608}, "user": {"delta": 5492.32568359375, "delta_ave": 0.01791137270629406, "support": 2493}, "item": {"delta": 55377.087890625, "delta_ave": 0.012784536462277174, "support": 17608}, "macro_ave": 0.015347954584285617, "micro_ave": 0.013420385562139574}}
