{"id": 48, "metrics": {"accuracy": 0.7990512333965845, "0.0": {"precision": 0.72751677852349, "recall": 0.3876967095851216, "f1": 0.5058329444703686, "support": 1398}, "1.0": {"precision": 0.810828729281768, "recall": 0.9475723140495868, "f1": 0.873883529832083, "support": 3872}, "macro_avg": {"precision": 0.769172753902629, "recall": 0.6676345118173541, "f1": 0.6898582371512259, "support": 5270}, "macro_auc": 0.7908751544414099, "macro_aupoc": 0.8873470272224618, "doa": 0.5938768286228387, "doa_know_support": 269, "doa_z_support": 6887}}
}}
