{"id": 0, "metrics": {"accuracy": 0.6245631552670994, "0.0": {"precision": 0.45141065830721006, "recall": 0.41739130434782606, "f1": 0.4337349397590362, "support": 690}, "1.0": {"precision": 0.7054945054945055, "recall": 0.7334348819497334, "f1": 0.7191934279312922, "support": 1313}, "macro_avg": {"precision": 0.5784525819008578, "recall": 0.5754130931487798, "f1": 0.5764641838451642, "support": 2003}, "macro_auc": 0.587429495457907, "macro_aupoc": 0.7072556397152747, "doa": 0.4701309847695032, "doa_know_support": 52, "doa_z_support": 420}}
{"id": 1, "metrics": {"accuracy": 0.6233090530697191, "0.0": {"precision": 0.46567164179104475, "recall": 0.46017699115044247, "f1": 0.4629080118694362, "support": 339}, "1.0": {"precision": 0.707667731629393, "recall": 0.7122186495176849, "f1": 0.7099358974358975, "support": 622}, "macro_avg": {"precision": 0.5866696867102189, "recall": 0.5861978203340636, "f1": 0.5864219546526668, "support": 961}, "macro_auc": 0.6230757192043934, "macro_aupoc": 0.737432931035442, "doa": 0.5285599501508593, "doa_know_support": 44, "doa_z_support": 173}}
{"id": 2, "metrics": {"accuracy": 0.6060606060606061, "0.0": {"precision": 0.42857142857142855, "recall": 0.3826530612244898, "f1": 0.40431266846361186, "support": 196}, "1.0": {"precision": 0.6865284974093264, "recall": 0.726027397260274, "f1": 0.7057256990679095, "support": 365}, "macro_avg": {"precision": 0.5575499629903775, "recall": 0.5543402292423819, "f1": 0.5550191837657606, "support": 561}, "macro_auc": 0.6006989097008667, "macro_aupoc": 0.7444529454116496, "doa": 0.5214285714285715, "doa_know_support": 28, "doa_z_support": 58}}
{"id": 3, "metrics": {"accuracy": 0.6334310850439883, "0.0": {"precision": 0.375, "recall": 0.3939393939393939, "f1": 0.3842364532019704, "support": 99}, "1.0": {"precision": 0.7468354430379747, "recall": 0.731404958677686, "f1": 0.7390396659707723, "support": 242}, "macro_avg": {"precision": 0.5609177215189873, "recall": 0.5626721763085399, "f1": 0.5616380595863714, "support": 341}, "macro_auc": 0.6031805659904834, "macro_aupoc": 0.7590588796962332, "doa": 0.66, "doa_know_support": 15, "doa_z_support": 21}}
{"id": 4, "metrics": {"accuracy": 0.6126482213438735, "0.0": {"precision": 0.3875, "recall": 0.3875, "f1": 0.3875, "support": 80}, "1.0": {"precision": 0.7167630057803468, "recall": 0.7167630057803468, "f1": 0.7167630057803468, "support": 173}, "macro_avg": {"precision": 0.5521315028901734, "recall": 0.5521315028901734, "f1": 0.5521315028901734, "support": 253}, "macro_auc": 0.5339595375722543, "macro_aupoc": 0.6870023190020058, "doa": 0.6363636363636364, "doa_know_support": 11, "doa_z_support": 12}}
{"id": 5, "metrics": {"accuracy": 0.65, "0.0": {"precision": 0.5227272727272727, "recall": 0.35384615384615387, "f1": 0.4220183486238532, "support": 65}, "1.0": {"precision": 0.6911764705882353, "recall": 0.8173913043478261, "f1": 0.7490039840637451, "support": 115}, "macro_avg": {"precision": 0.606951871657754, "recall": 0.58561872909699, "f1": 0.5855111663437992, "support": 180}, "macro_auc": 0.5836789297658863, "macro_aupoc": 0.7043255470059604, "doa": 0.5833333333333334, "doa_know_support": 6, "doa_z_support": 10}}
{"id": 6, "metrics": {"accuracy": 0.6451612903225806, "0.0": {"precision": 0.4146341463414634, "recall": 0.4594594594594595, "f1": 0.4358974358974359, "support": 37}, "1.0": {"precision": 0.7590361445783133, "recall": 0.7241379310344828, "f1": 0.7411764705882353, "support": 87}, "macro_avg": {"precision": 0.5868351454598884, "recall": 0.5917986952469712, "f1": 0.5885369532428356, "support": 124}, "macro_auc": 0.6138552345448897, "macro_aupoc": 0.7836668011377886, "doa": 0.38888888888888884, "doa_know_support": 6, "doa_z_support": 10}}
{"id": 7, "metrics": {"accuracy": 0.631578947368421, "0.0": {"precision": 0.4473684210526316, "recall": 0.5483870967741935, "f1": 0.49275362318840576, "support": 31}, "1.0": {"precision": 0.7543859649122807, "recall": 0.671875, "f1": 0.7107438016528924, "support": 64}, "macro_avg": {"precision": 0.6008771929824561, "recall": 0.6101310483870968, "f1": 0.6017487124206491, "support": 95}, "macro_auc": 0.6275201612903226, "macro_aupoc": 0.7981843794458007, "doa": 0.625, "doa_know_support": 4, "doa_z_support": 6}}
{"id": 8, "metrics": {"accuracy": 0.6612903225806451, "0.0": {"precision": 0.4666666666666667, "recall": 0.35, "f1": 0.4, "support": 20}, "1.0": {"precision": 0.723404255319149, "recall": 0.8095238095238095, "f1": 0.7640449438202246, "support": 42}, "macro_avg": {"precision": 0.5950354609929078, "recall": 0.5797619047619047, "f1": 0.5820224719101124, "support": 62}, "macro_auc": 0.6630952380952381, "macro_aupoc": 0.7959868614060968, "doa": 0.5, "doa_know_support": 3, "doa_z_support": 5}}
{"id": 9, "metrics": {"accuracy": 0.6730769230769231, "0.0": {"precision": 0.5714285714285714, "recall": 0.42105263157894735, "f1": 0.48484848484848486, "support": 19}, "1.0": {"precision": 0.7105263157894737, "recall": 0.8181818181818182, "f1": 0.7605633802816901, "support": 33}, "macro_avg": {"precision": 0.6409774436090225, "recall": 0.6196172248803828, "f1": 0.6227059325650874, "support": 52}, "macro_auc": 0.7161084529505582, "macro_aupoc": 0.8317783804171972, "doa": NaN, "doa_know_support": 0, "doa_z_support": 0}}
{"id": 10, "metrics": {"accuracy": 0.5416666666666666, "0.0": {"precision": 0.2222222222222222, "recall": 0.3333333333333333, "f1": 0.26666666666666666, "support": 12}, "1.0": {"precision": 0.7333333333333333, "recall": 0.6111111111111112, "f1": 0.6666666666666666, "support": 36}, "macro_avg": {"precision": 0.47777777777777775, "recall": 0.4722222222222222, "f1": 0.4666666666666667, "support": 48}, "macro_auc": 0.5023148148148148, "macro_aupoc": 0.8025527118117832, "doa": 0.0, "doa_know_support": 3, "doa_z_support": 5}}
{"id": 11, "metrics": {"accuracy": 0.6060606060606061, "0.0": {"precision": 0.2857142857142857, "recall": 0.2, "f1": 0.23529411764705882, "support": 10}, "1.0": {"precision": 0.6923076923076923, "recall": 0.782608695652174, "f1": 0.7346938775510203, "support": 23}, "macro_avg": {"precision": 0.489010989010989, "recall": 0.491304347826087, "f1": 0.4849939975990396, "support": 33}, "macro_auc": 0.5652173913043479, "macro_aupoc": 0.7832653186894123, "doa": 1.0, "doa_know_support": 2, "doa_z_support": 2}}
{"id": 12, "metrics": {"accuracy": 0.696969696969697, "0.0": {"precision": 0.6363636363636364, "recall": 0.5384615384615384, "f1": 0.5833333333333334, "support": 13}, "1.0": {"precision": 0.7272727272727273, "recall": 0.8, "f1": 0.761904761904762, "support": 20}, "macro_avg": {"precision": 0.6818181818181819, "recall": 0.6692307692307693, "f1": 0.6726190476190477, "support": 33}, "macro_auc": 0.6769230769230768, "macro_aupoc": 0.810753481948335, "doa": 0.5, "doa_know_support": 1, "doa_z_support": 2}}
{"id": 13, "metrics": {"accuracy": 0.5925925925925926, "0.0": {"precision": 0.3333333333333333, "recall": 0.375, "f1": 0.35294117647058826, "support": 8}, "1.0": {"precision": 0.7222222222222222, "recall": 0.6842105263157895, "f1": 0.7027027027027027, "support": 19}, "macro_avg": {"precision": 0.5277777777777778, "recall": 0.5296052631578947, "f1": 0.5278219395866455, "support": 27}, "macro_auc": 0.506578947368421, "macro_aupoc": 0.720968300106829, "doa": NaN, "doa_know_support": 0, "doa_z_support": 0}}
{"id": 14, "metrics": {"accuracy": 0.6153846153846154, "0.0": {"precision": 0.7, "recall": 0.5, "f1": 0.5833333333333334, "support": 14}, "1.0": {"precision": 0.5625, "recall": 0.75, "f1": 0.6428571428571429, "support": 12}, "macro_avg": {"precision": 0.63125, "recall": 0.625, "f1": 0.6130952380952381, "support": 26}, "macro_auc": 0.5833333333333334, "macro_aupoc": 0.5190393895556938, "doa": 0.0, "doa_know_support": 1, "doa_z_support": 2}}
{"id": 15, "metrics": {"accuracy": 0.42857142857142855, "0.0": {"precision": 0.14285714285714285, "recall": 0.14285714285714285, "f1": 0.14285714285714285, "support": 7}, "1.0": {"precision": 0.5714285714285714, "recall": 0.5714285714285714,