{"id": 48, "metrics": {"accuracy": 0.7026113094119857, "0.0": {"precision": 0.5915178571428571, "recall": 0.43466375068343355, "f1": 0.5011030570438071, "support": 1829}, "1.0": {"precision": 0.7401357124905755, "recall": 0.8428734974241557, "f1": 0.7881707480262278, "support": 3494}, "macro_avg": {"precision": 0.6658267848167163, "recall": 0.6387686240537946, "f1": 0.6446369025350174, "support": 5323}, "macro_auc": 0.6885360453896909, "macro_aupoc": 0.7731445117205702, "doa": 0.6992952843153452, "doa_know_support": 56, "doa_z_support": 655}}
