{"id": 48, "metrics": {"theta": {"delta": 9835.541015625, "delta_ave": 0.03207530826330185, "support": 2493}, "a": {"delta": 18494.505859375, "delta_ave": 0.008539404720067978, "support": 17608}, "b": {"delta": 43618.546875, "delta_ave": 0.020139841362833977, "support": 17608}, "user": {"delta": 9835.541015625, "delta_ave": 0.03207530826330185, "support": 2493}, "item": {"delta": 62113.052734375, "delta_ave": 0.014339623041450977, "support": 17608}, "macro_ave": 0.023207465652376413, "micro_ave": 0.016539267997327512}}
