{"id": 48, "metrics": {"accuracy": 0.7026113094119857, "0.0": {"precision": 0.5802872062663186, "recall": 0.4860579551667578, "f1": 0.5290092234454032, "support": 1829}, "1.0": {"precision": 0.7520443154840412, "recall": 0.8159702346880366, "f1": 0.782704186684969, "support": 3494}, "macro_avg": {"precision": 0.6661657608751799, "recall": 0.6510140949273973, "f1": 0.6558567050651861, "support": 5323}, "macro_auc": 0.7140413011385918, "macro_aupoc": 0.792942656129967, "doa": 0.6542619701244002, "doa_know_support": 61, "doa_z_support": 863}}
