{"id": 48, "metrics": {"theta": {"delta": 5972.4384765625, "delta_ave": 0.019477099180221558, "support": 2493}, "a": {"delta": 31449.107421875, "delta_ave": 0.014520888216793537, "support": 17608}, "b": {"delta": 34409.37890625, "delta_ave": 0.015887724235653877, "support": 17608}, "user": {"delta": 5972.4384765625, "delta_ave": 0.019477099180221558, "support": 2493}, "item": {"delta": 65858.486328125, "delta_ave": 0.015204306226223707, "support": 17608}, "macro_ave": 0.017340702703222632, "micro_ave": 0.015734233734025143}}
