{"id": 0, "metrics": {"accuracy": 0.5550646891763963, "0.0": {"precision": 0.30444282592862343, "recall": 0.47880870561282934, "f1": 0.3722172751558325, "support": 873}, "1.0": {"precision": 0.7466592427616926, "recall": 0.5840592334494773, "f1": 0.655425219941349, "support": 2296}, "macro_avg": {"precision": 0.525551034345158, "recall": 0.5314339695311533, "f1": 0.5138212475485907, "support": 3169}, "macro_auc": 0.5372259539973897, "macro_aupoc": 0.7415284993400385, "doa": 0.5201977574814138, "doa_know_support": 218, "doa_z_support": 2452}}
{"id": 1, "metrics": {"accuracy": 0.7, "0.0": {"precision": 0.4, "recall": 0.4, "f1": 0.4000000000000001, "support": 5}, "1.0": {"precision": 0.8, "recall": 0.8, "f1": 0.8000000000000002, "support": 15}, "macro_avg": {"precision": 0.6000000000000001, "recall": 0.6000000000000001, "f1": 0.6000000000000001, "support": 20}, "macro_auc": 0.64, "macro_aupoc": 0.8760407022171728, "doa": NaN, "doa_know_support": 0, "doa_z_support": 0}}
{"id": 2, "metrics": {"doa": NaN, "doa_know_support": 0, "doa_z_support": 0}}
{"id": 7, "metrics": {"accuracy": 0.45, "0.0": {"precision": 0.14285714285714285, "recall": 0.16666666666666666, "f1": 0.15384615384615383, "support": 6}, "1.0": {"precision": 0.6153846153846154, "recall": 0.5714285714285714, "f1": 0.5925925925925927, "support": 14}, "macro_avg": {"precision": 0.3791208791208791, "recall": 0.369047619047619, "f1": 0.37321937321937326, "support": 20}, "macro_auc": 0.4285714285714286, "macro_aupoc": 0.70748562245411, "doa": NaN, "doa_know_support": 0, "doa_z_support": 0}}
{"id": 8, "metrics": {"accuracy": 0.7222222222222222, "0.0": {"precision": 0.7142857142857143, "recall": 0.625, "f1": 0.6666666666666666, "support": 8}, "1.0": {"precision": 0.7272727272727273, "recall": 0.8, "f1": 0.761904761904762, "support": 10}, "macro_avg": {"precision": 0.7207792207792207, "recall": 0.7125, "f1": 0.7142857142857143, "support": 18}, "macro_auc": 0.775, "macro_aupoc": 0.8535593491475845, "doa": NaN, "doa_know_support": 0, "doa_z_support": 0}}
{"id": 9, "metrics": {"accuracy": 0.5, "0.0": {"precision": 0.0, "recall": 0.0, "f1": 0.0, "support": 1}, "1.0": {"precision": 0.8, "recall": 0.5714285714285714, "f1": 0.6666666666666666, "support": 7}, "macro_avg": {"precision": 0.4, "recall": 0.2857142857142857, "f1": 0.3333333333333333, "support": 8}, "macro_auc": 0.0, "macro_aupoc": 0.754591836734694, "doa": NaN, "doa_know_support": 0, "doa_z_support": 0}}
{"id": 10, "metrics": {"doa": NaN, "doa_know_support": 0, "doa_z_support": 0}}
{"id": 11, "metrics": {"accuracy": 0.5555555555555556, "0.0": {"precision": 0.0, "recall": 0.0, "f1": 0.0, "support": 1}, "1.0": {"precision": 0.8333333333333334, "recall": 0.625, "f1": 0.7142857142857143, "support": 8}, "macro_avg": {"precision": 0.4166666666666667, "recall": 0.3125, "f1": 0.35714285714285715, "support": 9}, "macro_auc": 0.625, "macro_aupoc": 0.9526289682539683, "doa": NaN, "doa_know_support": 0, "doa_z_support": 0}}
{"id": 12, "metrics": {"accuracy": 0.25, "0.0": {"precision": 0.3333333333333333, "recall": 0.5, "f1": 0.4, "support": 2}, "1.0": {"precision": 0.0, "recall": 0.0, "f1": 0.0, "support": 2}, "macro_avg": {"precision": 0.16666666666666666, "recall": 0.25, "f1": 0.2, "support": 4}, "macro_auc": 0.5, "macro_aupoc": 0.5833333333333333, "doa": NaN, "doa_know_support": 0, "doa_z_support": 0}}
{"id": 13, "metrics": {"accuracy": 0.25, "0.0": {"precision": 0.0, "recall": 0.0, "f1": 0.0, "support": 1}, "1.0": {"precision": 0.5, "recall": 0.3333333333333333, "f1": 0.4, "support": 3}, "macro_avg": {"precision": 0.25, "recall": 0.16666666666666666, "f1": 0.2, "support": 4}, "macro_auc": 0.0, "macro_aupoc": 0.6388888888888888, "doa": NaN, "doa_know_support": 0, "doa_z_support": 0}}
{"id": 14, "metrics": {"doa": NaN, "doa_know_support": 0, "doa_z_support": 0}}
{"id": 15, "metrics": {"accuracy": 0.0, "0.0": {"precision": 0.0, "recall": 0.0, "f1": 0.0, "support": 1.0}, "1.0": {"precision": 0.0, "recall": 0.0, "f1": 0.0, "support": 2.0}, "macro_avg": {"precision": 0.0, "recall": 0.0, "f1": 0.0, "support": 3.0}, "macro_auc": 0.0, "macro_aupoc": 0.5833333333333333, "doa": NaN, "doa_know_support": 0, "doa_z_support": 0}}
{"id": 17, "metrics": {"doa": NaN, "doa_know_support": 0, "doa_z_support": 0}}
{"id": 19, "metrics": {"doa": NaN, "doa_know_support": 0, "doa_z_support": 0}}
{"id": 22, "metrics": {"doa": NaN, "doa_know_support": 0, "doa_z_support": 0}}
{"id": 25, "metrics": {"accuracy": 0.3333333333333333, "0.0": {"precision": 0.0, "recall": 0.0, "f1": 0.0, "support": 1}, "1.0": {"precision": 0.5, "recall": 0.5, "f1": 0.5, "support": 2}, "macro_avg": {"precision": 0.25, "recall": 0.25, "f1": 0.25, "support": 3}, "macro_auc": 0.5, "macro_aupoc": 0.8333333333333333, "doa": NaN, "doa_know_support": 0, "doa_z_support": 0}}
{"id": 29, "metrics": {"accuracy": 0.6782872300113679, "0.0": {"precision": 0.3894195444526084, "recall": 0.3793843951324266, "f1": 0.38433647570703405, "support": 1397}, "1.0": {"precision": 0.7786571355629308, "recall": 0.785879927853646, "f1": 0.7822518594511413, "support": 3881}, "macro_avg": {"precision": 0.5840383400077696, "recall": 0.5826321614930363, "f1": 0.5832941675790877, "support": 5278}, "macro_auc": 0.5750192234731287, "macro_aupoc": 0.7797224476582442, "doa": 0.5089788206664636, "doa_know_support": 268, "doa_z_support": 6198}}
{"id": 34, "metrics": {"accuracy": 0.6896551724137931, "0.0": {"precision": 0.41275659824046923, "recall": 0.40214285714285714, "f1": 0.4073806078147612, "support": 1400}, "1.0": {"precision": 0.786152273888605, "recall": 0.7934502320783909, "f1": 0.7897843942505134, "support": 3878}, "macro_avg": {"precision": 0.5994544360645371, "recall": 0.597796544610624, "f1": 0.5985825010326373, "support": 5278}, "macro_auc": 0.5944774552420246, "macro_aupoc": 0.7885641958389271, "doa": 0.5449094008888374, "doa_know_support": 264, "doa_z_support": 6239}}
{"id": 47, "metrics": {"accuracy": 0.6913603637741569, "0.0": {"precision": 0.40264797507788164, "recall": 0.3749093546047861, "f1": 0.3882838903492302, "support": 1379}, "1.0": {"precision": 0.7841762643965949, "recall": 0.8032828930494998, "f1": 0.7936145952109463, "support": 3899}, "macro_avg": {"precision": 0.5934121197372383, "recall": 0.5890961238271429, "f1": 0.5909492427800883, "support": 5278}, "macro_auc": 0.599035824994453, "macro_aupoc": 0.7931167190189778, "doa": 0.5520028631192548, "doa_know_support": 281, "doa_z_support": 6148}}
