{"id": 0, "metrics": {"accuracy": 0.655516724912631, "0.0": {"precision": 0.0, "recall": 0.0, "f1": 0.0, "support": 690}, "1.0": {"precision": 0.655516724912631, "recall": 1.0, "f1": 0.7919179734620024, "support": 1313}, "macro_avg": {"precision": 0.3277583624563155, "recall": 0.5, "f1": 0.3959589867310012, "support": 2003}, "macro_auc": 0.5853587867147919, "macro_aupoc": 0.7016494901149619, "doa": 0.5943115563343002, "doa_know_support": 52, "doa_z_support": 420}}
{"id": 1, "metrics": {"accuracy": 0.6529680365296804, "0.0": {"precision": 0.0, "recall": 0.0, "f1": 0.0, "support": 1064}, "1.0": {"precision": 0.6529680365296804, "recall": 1.0, "f1": 0.7900552486187845, "support": 2002}, "macro_avg": {"precision": 0.3264840182648402, "recall": 0.5, "f1": 0.39502762430939226, "support": 3066}, "macro_auc": 0.6185686963412528, "macro_aupoc": 0.7414864827419464, "doa": 0.5588497423139238, "doa_know_support": 51, "doa_z_support": 603}}
{"id": 2, "metrics": {"accuracy": 0.6486272439281943, "0.0": {"precision": 0.0, "recall": 0.0, "f1": 0.0, "support": 1331}, "1.0": {"precision": 0.6486272439281943, "recall": 1.0, "f1": 0.7868694955964771, "support": 2457}, "macro_avg": {"precision": 0.32431362196409713, "recall": 0.5, "f1": 0.39343474779823856, "support": 3788}, "macro_auc": 0.624394583072269, "macro_aupoc": 0.7356297168059511, "doa": 0.5043026868371873, "doa_know_support": 57, "doa_z_support": 739}}
{"id": 3, "metrics": {"accuracy": 0.6455089820359281, "0.0": {"precision": 0.0, "recall": 0.0, "f1": 0.0, "support": 1480}, "1.0": {"precision": 0.6455089820359281, "recall": 1.0, "f1": 0.784570596797671, "support": 2695}, "macro_avg": {"precision": 0.32275449101796405, "recall": 0.5, "f1": 0.3922852983988355, "support": 4175}, "macro_auc": 0.6507394825251969, "macro_aupoc": 0.7531691187648019, "doa": 0.6461399369009355, "doa_know_support": 61, "doa_z_support": 847}}
{"id": 4, "metrics": {"accuracy": 0.6664383561643835, "0.0": {"precision": 0.0, "recall": 0.0, "f1": 0.0, "support": 1461}, "1.0": {"precision": 0.6664383561643835, "recall": 1.0, "f1": 0.7998355939169749, "support": 2919}, "macro_avg": {"precision": 0.33321917808219176, "recall": 0.5, "f1": 0.39991779695848745, "support": 4380}, "macro_auc": 0.6749184401378867, "macro_aupoc": 0.7816142188772547, "doa": 0.599311070474119, "doa_know_support": 54, "doa_z_support": 719}}
{"id": 5, "metrics": {"accuracy": 0.653056768558952, "0.0": {"precision": 0.0, "recall": 0.0, "f1": 0.0, "support": 1589}, "1.0": {"precision": 0.653056768558952, "recall": 1.0, "f1": 0.7901201954827632, "support": 2991}, "macro_avg": {"precision": 0.326528384279476, "recall": 0.5, "f1": 0.3950600977413816, "support": 4580}, "macro_auc": 0.671881282614363, "macro_aupoc": 0.7818243407760033, "doa": 0.6236776859014321, "doa_know_support": 62, "doa_z_support": 916}}
{"id": 6, "metrics": {"accuracy": 0.649208025343189, "0.0": {"precision": 0.0, "recall": 0.0, "f1": 0.0, "support": 1661}, "1.0": {"precision": 0.649208025343189, "recall": 1.0, "f1": 0.7872967089255986, "support": 3074}, "macro_avg": {"precision": 0.3246040126715945, "recall": 0.5, "f1": 0.3936483544627993, "support": 4735}, "macro_auc": 0.6666582124179922, "macro_aupoc": 0.7771430607619593, "doa": 0.6733961395569454, "doa_know_support": 60, "doa_z_support": 813}}
{"id": 7, "metrics": {"accuracy": 0.6525160488714019, "0.0": {"precision": 0.0, "recall": 0.0, "f1": 0.0, "support": 1678}, "1.0": {"precision": 0.6525160488714019, "recall": 1.0, "f1": 0.7897243107769424, "support": 3151}, "macro_avg": {"precision": 0.32625802443570096, "recall": 0.5, "f1": 0.3948621553884712, "support": 4829}, "macro_auc": 0.6788342917794037, "macro_aupoc": 0.782419036589015, "doa": 0.6581655833517696, "doa_know_support": 64, "doa_z_support": 888}}
{"id": 8, "metrics": {"accuracy": 0.6560717196414018, "0.0": {"precision": 0.0, "recall": 0.0, "f1": 0.0, "support": 1688}, "1.0": {"precision": 0.6560717196414018, "recall": 1.0, "f1": 0.7923228346456692, "support": 3220}, "macro_avg": {"precision": 0.3280358598207009, "recall": 0.5, "f1": 0.3961614173228346, "support": 4908}, "macro_auc": 0.6674728076889112, "macro_aupoc": 0.7790695363835878, "doa": 0.6565860555398644, "doa_know_support": 65, "doa_z_support": 839}}
{"id": 9, "metrics": {"accuracy": 0.6556291390728477, "0.0": {"precision": 0.0, "recall": 0.0, "f1": 0.0, "support": 1716}, "1.0": {"precision": 0.6556291390728477, "recall": 1.0, "f1": 0.792, "support": 3267}, "macro_avg": {"precision": 0.32781456953642385, "recall": 0.5, "f1": 0.396, "support": 4983}, "macro_auc": 0.690418792002814, "macro_aupoc": 0.7915665527892112, "doa": 0.6518661166826978, "doa_know_support": 65, "doa_z_support": 829}}
{"id": 10, "metrics": {"accuracy": 0.6527305461092219, "0.0": {"precision": 0.0, "recall": 0.0, "f1": 0.0, "support": 1736}, "1.0": {"precision": 0.6527305461092219, "recall": 1.0, "f1": 0.7898813846526265, "support": 3263}, "macro_avg": {"precision": 0.32636527305461094, "recall": 0.5, "f1": 0.39494069232631324, "support": 4999}, "macro_auc": 0.6752693232740784, "macro_aupoc": 0.7828325936406677, "doa": 0.5769525177682094, "doa_know_support": 70, "doa_z_support": 953}}
