{"id": 1, "metrics": {"theta": {"delta": 1317.3321533203125, "delta_ave": 0.8482499122619629, "support": 1553}, "a": {"delta": 563.4343872070312, "delta_ave": 0.1393604725599289, "support": 4043}, "b": {"delta": 2503.115966796875, "delta_ave": 0.6191233992576599, "support": 4043}, "user": {"delta": 1317.3321533203125, "delta_ave": 0.8482499122619629, "support": 1553}, "item": {"delta": 3066.5503540039062, "delta_ave": 0.13947910829847926, "support": 4043}, "macro_ave": 0.49386451028022105, "micro_ave": 0.3361769386335919}}
{"id": 2, "metrics": {"theta": {"delta": 929.7232055664062, "delta_ave": 0.4683744013309479, "support": 1985}, "a": {"delta": 689.7368774414062, "delta_ave": 0.10533550381660461, "support": 6548}, "b": {"delta": 2752.619384765625, "delta_ave": 0.4203755855560303, "support": 6548}, "user": {"delta": 929.7232055664062, "delta_ave": 0.4683744013309479, "support": 1985}, "item": {"delta": 3442.3562622070312, "delta_ave": 0.10538360888329257, "support": 6548}, "macro_ave": 0.2868790051071202, "micro_ave": 0.18982480459506987}}
{"id": 3, "metrics": {"theta": {"delta": 792.649658203125, "delta_ave": 0.361280620098114, "support": 2194}, "a": {"delta": 346.2494812011719, "delta_ave": 0.04156656563282013, "support": 8330}, "b": {"delta": 2782.2294921875, "delta_ave": 0.3340011537075043, "support": 8330}, "user": {"delta": 792.649658203125, "delta_ave": 0.361280620098114, "support": 2194}, "item": {"delta": 3128.478973388672, "delta_ave": 0.04160166761194325, "support": 8330}, "macro_ave": 0.20144114385502862, "micro_ave": 0.10824701365476523}}
{"id": 4, "metrics": {"theta": {"delta": 838.21044921875, "delta_ave": 0.36349108815193176, "support": 2306}, "a": {"delta": 88.3460464477539, "delta_ave": 0.009214230813086033, "support": 9588}, "b": {"delta": 2941.04833984375, "delta_ave": 0.3067426383495331, "support": 9588}, "user": {"delta": 838.21044921875, "delta_ave": 0.36349108815193176, "support": 2306}, "item": {"delta": 3029.394386291504, "delta_ave": 0.009245258908563814, "support": 9588}, "macro_ave": 0.1863681735302478, "micro_ave": 0.07792618056950265}}
{"id": 5, "metrics": {"theta": {"delta": 2547.27392578125, "delta_ave": 1.0711833238601685, "support": 2378}, "a": {"delta": 8.37670612335205, "delta_ave": 0.0007933989400044084, "support": 10558}, "b": {"delta": 8635.46875, "delta_ave": 0.8179076313972473, "support": 10558}, "user": {"delta": 2547.27392578125, "delta_ave": 1.0711833238601685, "support": 2378}, "item": {"delta": 8643.845456123352, "delta_ave": 0.0008707845098933413, "support": 10558}, "macro_ave": 0.5360270541850309, "micro_ave": 0.19762428007072777}}
{"id": 6, "metrics": {"theta": {"delta": 2348.32177734375, "delta_ave": 0.9703809022903442, "support": 2420}, "a": {"delta": 0.14453798532485962, "delta_ave": 1.2694360520981718e-05, "support": 11386}, "b": {"delta": 1630.250732421875, "delta_ave": 0.14318028092384338, "support": 11386}, "user": {"delta": 2348.32177734375, "delta_ave": 0.9703809022903442, "support": 2420}, "item": {"delta": 1630.3952704071999, "delta_ave": 2.526725826080102e-05, "support": 11386}, "macro_ave": 0.4852030847743025, "micro_ave": 0.170115129403534}}
{"id": 7, "metrics": {"theta": {"delta": 999.5035400390625, "delta_ave": 0.406963974237442, "support": 2456}, "a": {"delta": 243.2728271484375, "delta_ave": 0.020198673009872437, "support": 12044}, "b": {"delta": 4979.876953125, "delta_ave": 0.4134736657142639, "support": 12044}, "user": {"delta": 999.5035400390625, "delta_ave": 0.406963974237442, "support": 2456}, "item": {"delta": 5223.1497802734375, "delta_ave": 0.020231323486643246, "support": 12044}, "macro_ave": 0.21359764886204263, "micro_ave": 0.08573583315864061}}
{"id": 8, "metrics": {"theta": {"delta": 3994.415283203125, "delta_ave": 1.6178271770477295, "support": 2469}, "a": {"delta": 444.377197265625, "delta_ave": 0.035298846662044525, "support": 12589}, "b": {"delta": 1075.4002685546875, "delta_ave": 0.08542380481958389, "support": 12589}, "user": {"delta": 3994.415283203125, "delta_ave": 1.6178271770477295, "support": 2469}, "item": {"delta": 1519.7774658203125, "delta_ave": 0.035302827993113434, "support": 12589}, "macro_ave": 0.8265650025204214, "micro_ave": 0.29478301246753547}}
{"id": 9, "metrics": {"theta": {"delta": 6507.3935546875, "delta_ave": 2.627126932144165, "support": 2477}, "a": {"delta": 229.02337646484375, "delta_ave": 0.017537588253617287, "support": 13059}, "b": {"delta": 3575.1728515625, "delta_ave": 0.273770809173584, "support": 13059}, "user": {"delta": 6507.3935546875, "delta_ave": 2.627126932144165, "support": 2477}, "item": {"delta": 3804.1962280273438, "delta_ave": 0.017557207948940407, "support": 13059}, "macro_ave": 1.3223420700465527, "micro_ave": 0.4336169534968016}}
{"id": 10, "metrics": {"theta": {"delta": 3030.046875, "delta_ave": 1.2213006019592285, "support": 2481}, "a": {"delta": 245.8067626953125, "delta_ave": 0.018256593495607376, "support": 13464}, "b": {"delta": 1203.722900390625, "delta_ave": 0.08940307050943375, "support": 13464}, "user": {"delta": 3030.046875, "delta_ave": 1.2213006019592285, "support": 2481}, "item": {"delta": 1449.5296630859375, "delta_ave": 0.01826187730377773, "support": 13464}, "macro_ave": 0.6197812396315031, "micro_ave": 0.20545153399052427}}
