{"id": 0, "metrics": {"accuracy": 0.7651670074982958, "0.0": {"precision": 0.6482412060301508, "recall": 0.31970260223048325, "f1": 0.4282157676348548, "support": 807}, "1.0": {"precision": 0.7835173501577287, "recall": 0.9341795956746591, "f1": 0.8522410465365645, "support": 2127}, "macro_avg": {"precision": 0.7158792780939398, "recall": 0.6269410989525712, "f1": 0.6402284070857096, "support": 2934}, "macro_auc": 0.7314716260925646, "macro_aupoc": 0.8510067847031664, "doa": 0.46828703655756626, "doa_know_support": 203, "doa_z_support": 2439}}
{"id": 1, "metrics": {"accuracy": 0.7742675159235669, "0.0": {"precision": 0.6234756097560976, "recall": 0.3902671755725191, "f1": 0.4800469483568075, "support": 1048}, "1.0": {"precision": 0.8045273784031814, "recall": 0.9141466805700382, "f1": 0.8558411975268467, "support": 2877}, "macro_avg": {"precision": 0.7140014940796395, "recall": 0.6522069280712787, "f1": 0.6679440729418271, "support": 3925}, "macro_auc": 0.7615953190213512, "macro_aupoc": 0.8809065888130961, "doa": 0.5004627087002902, "doa_know_support": 253, "doa_z_support": 3981}}
{"id": 2, "metrics": {"accuracy": 0.7774432607688745, "0.0": {"precision": 0.65625, "recall": 0.40554156171284633, "f1": 0.5012973533990658, "support": 1191}, "1.0": {"precision": 0.8023450586264657, "recall": 0.9190917812599936, "f1": 0.8567595766880309, "support": 3127}, "macro_avg": {"precision": 0.7292975293132329, "recall": 0.6623166714864199, "f1": 0.6790284650435483, "support": 4318}, "macro_auc": 0.7697193024004519, "macro_aupoc": 0.8716000201502512, "doa": 0.5200049519271532, "doa_know_support": 243, "doa_z_support": 5219}}
{"id": 3, "metrics": {"accuracy": 0.7921235175654509, "0.0": {"precision": 0.6719706242350061, "recall": 0.4537190082644628, "f1": 0.5416872224962999, "support": 1210}, "1.0": {"precision": 0.8190032858707558, "recall": 0.9177661859466094, "f1": 0.8655766169874114, "support": 3259}, "macro_avg": {"precision": 0.7454869550528809, "recall": 0.6857425971055361, "f1": 0.7036319197418557, "support": 4469}, "macro_auc": 0.788335670577853, "macro_aupoc": 0.8852950793803568, "doa": 0.5239094129809958, "doa_know_support": 235, "doa_z_support": 5293}}
{"id": 4, "metrics": {"accuracy": 0.7878321985504063, "0.0": {"precision": 0.6475409836065574, "recall": 0.4540229885057471, "f1": 0.5337837837837839, "support": 1218}, "1.0": {"precision": 0.8202216815355502, "recall": 0.9097451274362819, "f1": 0.8626670457776514, "support": 3335}, "macro_avg": {"precision": 0.7338813325710538, "recall": 0.6818840579710145, "f1": 0.6982254147807176, "support": 4553}, "macro_auc": 0.7835380339386957, "macro_aupoc": 0.8878860719678116, "doa": 0.5618407484136536, "doa_know_support": 249, "doa_z_support": 5798}}
{"id": 5, "metrics": {"accuracy": 0.7994774657086872, "0.0": {"precision": 0.6693333333333333, "recall": 0.4272340425531915, "f1": 0.5215584415584416, "support": 1175}, "1.0": {"precision": 0.8248763986468904, "recall": 0.9274429490930368, "f1": 0.8731579672221457, "support": 3418}, "macro_avg": {"precision": 0.7471048659901118, "recall": 0.6773384958231141, "f1": 0.6973582043902936, "support": 4593}, "macro_auc": 0.7671081757404479, "macro_aupoc": 0.8756841274266053, "doa": 0.5181437087800352, "doa_know_support": 252, "doa_z_support": 5608}}
{"id": 6, "metrics": {"accuracy": 0.742875788557755, "0.0": {"precision": 0.5102702702702703, "recall": 0.3930058284762698, "f1": 0.4440263405456256, "support": 1201}, "1.0": {"precision": 0.8014705882352942, "recall": 0.8666077738515902, "f1": 0.83276740237691, "support": 3396}, "macro_avg": {"precision": 0.6558704292527822, "recall": 0.62980680116393, "f1": 0.6383968714612678, "support": 4597}, "macro_auc": 0.7056690586662666, "macro_aupoc": 0.8499951232471294, "doa": 0.5465244114038756, "doa_know_support": 243, "doa_z_support": 5517}}
{"id": 7, "metrics": {"accuracy": 0.7868141400997615, "0.0": {"precision": 0.6341789052069426, "recall": 0.40118243243243246, "f1": 0.4914640455250906, "support": 1184}, "1.0": {"precision": 0.8164163645779389, "recall": 0.9200466880653633, "f1": 0.8651392509260529, "support": 3427}, "macro_avg": {"precision": 0.7252976348924407, "recall": 0.6606145602488979, "f1": 0.6783016482255717, "support": 4611}, "macro_auc": 0.7673204737419066, "macro_aupoc": 0.8762732662139213, "doa": 0.5460988173851148, "doa_know_support": 257, "doa_z_support": 6082}}
{"id": 8, "metrics": {"accuracy": 0.7888912996311565, "0.0": {"precision": 0.635118306351183, "recall": 0.42857142857142855, "f1": 0.5117912694430506, "support": 1190}, "1.0": {"precision": 0.8213347346295323, "recall": 0.9143024276104124, "f1": 0.8653287197231834, "support": 3419}, "macro_avg": {"precision": 0.7282265204903577, "recall": 0.6714369280909205, "f1": 0.688559994583117, "support": 4609}, "macro_auc": 0.7891198714057136, "macro_aupoc": 0.899136507371254, "doa": 0.5562696788086372, "doa_know_support": 235, "doa_z_support": 5721}}
