{"id": 1, "metrics": {"theta": {"delta": 1207858.5, "delta_ave": 0.8872941732406616, "support": 2739}, "a": {"delta": 24.62348175048828, "delta_ave": 0.025254853069782257, "support": 975}, "b": {"delta": 26.929874420166016, "delta_ave": 0.027620384469628334, "support": 975}, "user": {"delta": 1207858.5, "delta_ave": 0.8872941732406616, "support": 2739}, "item": {"delta": 51.5533561706543, "delta_ave": 0.025257276769987017, "support": 975}, "macro_ave": 0.4562757250053243, "micro_ave": 0.6609920800637883}}
{"id": 2, "metrics": {"theta": {"delta": 1511550.125, "delta_ave": 0.8035266399383545, "support": 3785}, "a": {"delta": 17.83133888244629, "delta_ave": 0.017245007678866386, "support": 1034}, "b": {"delta": 25.80992889404297, "delta_ave": 0.02496124617755413, "support": 1034}, "user": {"delta": 1511550.125, "delta_ave": 0.8035266399383545, "support": 3785}, "item": {"delta": 43.64126777648926, "delta_ave": 0.01725246298176367, "support": 1034}, "macro_ave": 0.41038955146005907, "micro_ave": 0.6348178831479178}}
{"id": 3, "metrics": {"theta": {"delta": 1413499.25, "delta_ave": 0.6691912412643433, "support": 4250}, "a": {"delta": 18.71332550048828, "delta_ave": 0.01778833195567131, "support": 1052}, "b": {"delta": 19.15667724609375, "delta_ave": 0.01820976845920086, "support": 1052}, "user": {"delta": 1413499.25, "delta_ave": 0.6691912412643433, "support": 4250}, "item": {"delta": 37.87000274658203, "delta_ave": 0.017788732180271053, "support": 1052}, "macro_ave": 0.3434899867223072, "micro_ave": 0.5399427615290653}}
{"id": 4, "metrics": {"theta": {"delta": 1192523.625, "delta_ave": 0.5347546339035034, "support": 4487}, "a": {"delta": 18.37736701965332, "delta_ave": 0.017452390864491463, "support": 1053}, "b": {"delta": 18.09893035888672, "delta_ave": 0.017187967896461487, "support": 1053}, "user": {"delta": 1192523.625, "delta_ave": 0.5347546339035034, "support": 4487}, "item": {"delta": 36.47629737854004, "delta_ave": 0.01745213998881022, "support": 1053}, "macro_ave": 0.2761033869461568, "micro_ave": 0.4364298096991402}}
{"id": 5, "metrics": {"theta": {"delta": 567045.5625, "delta_ave": 0.24770663678646088, "support": 4606}, "a": {"delta": 4.347587585449219, "delta_ave": 0.004120936151593924, "support": 1055}, "b": {"delta": 7.002485275268555, "delta_ave": 0.006637427024543285, "support": 1055}, "user": {"delta": 567045.5625, "delta_ave": 0.24770663678646088, "support": 4606}, "item": {"delta": 11.350072860717773, "delta_ave": 0.0041233191921933076, "support": 1055}, "macro_ave": 0.1259149779893271, "micro_ave": 0.20231175954534583}}
{"id": 6, "metrics": {"theta": {"delta": 314805.375, "delta_ave": 0.13569220900535583, "support": 4668}, "a": {"delta": 3.114224433898926, "delta_ave": 0.0029518716037273407, "support": 1055}, "b": {"delta": 17.630531311035156, "delta_ave": 0.0167114045470953, "support": 1055}, "user": {"delta": 314805.375, "delta_ave": 0.13569220900535583, "support": 4668}, "item": {"delta": 20.744755744934082, "delta_ave": 0.0029649014644691665, "support": 1055}, "macro_ave": 0.0693285552349125, "micro_ave": 0.11122474273667937}}
{"id": 7, "metrics": {"theta": {"delta": 257755.6875, "delta_ave": 0.11015783995389938, "support": 4708}, "a": {"delta": 2.417363166809082, "delta_ave": 0.002291339449584484, "support": 1055}, "b": {"delta": 5.377102375030518, "delta_ave": 0.00509677967056632, "support": 1055}, "user": {"delta": 257755.6875, "delta_ave": 0.11015783995389938, "support": 4708}, "item": {"delta": 7.7944655418396, "delta_ave": 0.0022939961164604138, "support": 1055}, "macro_ave": 0.0562259180351799, "micro_ave": 0.0904118126680243}}
{"id": 8, "metrics": {"theta": {"delta": 227503.328125, "delta_ave": 0.09649097174406052, "support": 4744}, "a": {"delta": 4.639780521392822, "delta_ave": 0.004397896118462086, "support": 1055}, "b": {"delta": 8.785375595092773, "delta_ave": 0.008327370509505272, "support": 1055}, "user": {"delta": 227503.328125, "delta_ave": 0.09649097174406052, "support": 4744}, "item": {"delta": 13.425156116485596, "delta_ave": 0.004401617211635422, "support": 1055}, "macro_ave": 0.05044629447784797, "micro_ave": 0.07973734714814597}}
