{"id": 1, "metrics": {"theta": {"delta": 1835033.75, "delta_ave": 1.1280845403671265, "support": 3273}, "a": {"delta": 178.49783325195312, "delta_ave": 0.09769996255636215, "support": 1827}, "b": {"delta": 176.40087890625, "delta_ave": 0.09655220806598663, "support": 1827}, "user": {"delta": 1835033.75, "delta_ave": 1.1280845403671265, "support": 3273}, "item": {"delta": 354.8987121582031, "delta_ave": 0.09769933468191447, "support": 1827}, "macro_ave": 0.6128919375245204, "micro_ave": 0.7589641931540123}}
