{"id": 0, "metrics": {"accuracy": 0.45927261797415087, "0.0": {"precision": 0.3157894736842105, "recall": 0.6212847555129435, "f1": 0.4187399030694669, "support": 1043}, "1.0": {"precision": 0.6901960784313725, "recall": 0.38528896672504376, "f1": 0.4945209328463051, "support": 2284}, "macro_avg": {"precision": 0.5029927760577915, "recall": 0.5032868611189936, "f1": 0.456630417957886, "support": 3327}, "macro_auc": 0.5205363754359393, "macro_aupoc": 0.7015518240611984, "doa": 0.5210626548180779, "doa_know_support": 211, "doa_z_support": 2352}}
{"id": 1, "metrics": {"accuracy": 0.4630715123094959, "0.0": {"precision": 0.3101338432122371, "recall": 0.6252891287586738, "f1": 0.41462167689161555, "support": 1297}, "1.0": {"precision": 0.7054545454545454, "recall": 0.3921832884097035, "f1": 0.5041143352100477, "support": 2968}, "macro_avg": {"precision": 0.5077941943333912, "recall": 0.5087362085841887, "f1": 0.4593680060508316, "support": 4265}, "macro_auc": 0.5114928032137195, "macro_aupoc": 0.7027648774925079, "doa": 0.49762240574389055, "doa_know_support": 241, "doa_z_support": 3027}}
