{"id": 1, "metrics": {"theta": {"delta": 1814474.75, "delta_ave": 1.128548502922058, "support": 3235}, "a": {"delta": 178.75750732421875, "delta_ave": 0.09762834757566452, "support": 1831}, "b": {"delta": 177.97116088867188, "delta_ave": 0.09719888120889664, "support": 1831}, "user": {"delta": 1814474.75, "delta_ave": 1.128548502922058, "support": 3235}, "item": {"delta": 356.7286682128906, "delta_ave": 0.09762811315079183, "support": 1831}, "macro_ave": 0.613088308036425, "micro_ave": 0.7559438377678559}}
