{"id": 0, "metrics": {"accuracy": 0.6999053329125907, "0.0": {"precision": 0.44108761329305135, "recall": 0.3344788087056128, "f1": 0.3804560260586319, "support": 873}, "1.0": {"precision": 0.7682489030714, "recall": 0.8388501742160279, "f1": 0.801998750780762, "support": 2296}, "macro_avg": {"precision": 0.6046682581822257, "recall": 0.5866644914608203, "f1": 0.5912273884196969, "support": 3169}, "macro_auc": 0.6736637451057867, "macro_aupoc": 0.8366163176813015, "doa": 0.5572511645282224, "doa_know_support": 218, "doa_z_support": 2440}}
{"id": 1, "metrics": {"accuracy": 0.7038789025543992, "0.0": {"precision": 0.4139344262295082, "recall": 0.3726937269372694, "f1": 0.39223300970873787, "support": 271}, "1.0": {"precision": 0.7908979089790897, "recall": 0.8180661577608143, "f1": 0.8042526579111944, "support": 786}, "macro_avg": {"precision": 0.602416167604299, "recall": 0.5953799423490418, "f1": 0.5982428338099661, "support": 1057}, "macro_auc": 0.6944217533778392, "macro_aupoc": 0.8578680215347187, "doa": 0.5071310702498821, "doa_know_support": 101, "doa_z_support": 282}}
{"id": 2, "metrics": {"accuracy": 0.7107438016528925, "0.0": {"precision": 0.3333333333333333, "recall": 0.3592233009708738, "f1": 0.34579439252336447, "support": 103}, "1.0": {"precision": 0.8230563002680965, "recall": 0.8057742782152231, "f1": 0.8143236074270557, "support": 381}, "macro_avg": {"precision": 0.5781948168007149, "recall": 0.5824987895930485, "f1": 0.58005899997521, "support": 484}, "macro_auc": 0.6512244221899447, "macro_aupoc": 0.8486396541517426, "doa": 0.4487179487179488, "doa_know_support": 52, "doa_z_support": 83}}
{"id": 3, "metrics": {"accuracy": 0.7093596059113301, "0.0": {"precision": 0.225, "recall": 0.24324324324324326, "f1": 0.23376623376623376, "support": 37}, "1.0": {"precision": 0.8282208588957055, "recall": 0.8132530120481928, "f1": 0.8206686930091186, "support": 166}, "macro_avg": {"precision": 0.5266104294478527, "recall": 0.528248127645718, "f1": 0.5272174633876762, "support": 203}, "macro_auc": 0.6219472484532725, "macro_aupoc": 0.8722537147351435, "doa": 0.641025641025641, "doa_know_support": 13, "doa_z_support": 18}}
{"id": 4, "metrics": {"accuracy": 0.8120300751879699, "0.0": {"precision": 0.6363636363636364, "recall": 0.45161290322580644, "f1": 0.5283018867924528, "support": 31}, "1.0": {"precision": 0.8468468468468469, "recall": 0.9215686274509803, "f1": 0.8826291079812206, "support": 102}, "macro_avg": {"precision": 0.7416052416052417, "recall": 0.6865907653383934, "f1": 0.7054654973868367, "support": 133}, "macro_auc": 0.7536369386464262, "macro_aupoc": 0.8858811346410574, "doa": 0.4166666666666667, "doa_know_support": 6, "doa_z_support": 7}}
{"id": 5, "metrics": {"accuracy": 0.71875, "0.0": {"precision": 0.5, "recall": 0.2222222222222222, "f1": 0.30769230769230765, "support": 18}, "1.0": {"precision": 0.75, "recall": 0.9130434782608695, "f1": 0.8235294117647057, "support": 46}, "macro_avg": {"precision": 0.625, "recall": 0.5676328502415459, "f1": 0.5656108597285067, "support": 64}, "macro_auc": 0.752415458937198, "macro_aupoc": 0.8878759528341268, "doa": 0.0, "doa_know_support": 1, "doa_z_support": 2}}
{"id": 6, "metrics": {"accuracy": 0.6851851851851852, "0.0": {"precision": 0.4, "recall": 0.42857142857142855, "f1": 0.4137931034482759, "support": 14}, "1.0": {"precision": 0.7948717948717948, "recall": 0.775, "f1": 0.7848101265822786, "support": 40}, "macro_avg": {"precision": 0.5974358974358974, "recall": 0.6017857142857143, "f1": 0.5993016150152772, "support": 54}, "macro_auc": 0.7000000000000001, "macro_aupoc": 0.8671472863248624, "doa": NaN, "doa_know_support": 0, "doa_z_support": 0}}
{"id": 7, "metrics": {"accuracy": 0.55, "0.0": {"precision": 0.2857142857142857, "recall": 0.3333333333333333, "f1": 0.30769230769230765, "support": 6}, "1.0": {"precision": 0.6923076923076923, "recall": 0.6428571428571429, "f1": 0.6666666666666666, "support": 14}, "macro_avg": {"precision": 0.489010989010989, "recall": 0.48809523809523814, "f1": 0.4871794871794871, "support": 20}, "macro_auc": 0.5476190476190477, "macro_aupoc": 0.7880104391161445, "doa": NaN, "doa_know_support": 0, "doa_z_support": 0}}
{"id": 8, "metrics": {"accuracy": 0.7222222222222222, "0.0": {"precision": 0.7142857142857143, "recall": 0.625, "f1": 0.6666666666666666, "support": 8}, "1.0": {"precision": 0.7272727272727273, "recall": 0.8, "f1": 0.761904761904762, "support": 10}, "macro_avg": {"precision": 0.7207792207792207, "recall": 0.7125, "f1": 0.7142857142857143, "support": 18}, "macro_auc": 0.7875, "macro_aupoc": 0.7824281274281274, "doa": NaN, "doa_know_support": 0, "doa_z_support": 0}}
{"id": 9, "metrics": {"accuracy": 0.5, "0.0": {"precision": 0.0, "recall": 0.0, "f1": 0.0, "support": 1}, "1.0": {"precision": 0.8, "recall": 0.5714285714285714, "f1": 0.6666666666666666, "support": 7}, "macro_avg": {"precision": 0.4, "recall": 0.2857142857142857, "f1": 0.3333333333333333, "support": 8}, "macro_auc": 0.42857142857142855, "macro_aupoc": 0.9093537414965986, "doa": NaN, "doa_know_support": 0, "doa_z_support": 0}}
{"id": 10, "metrics": {"doa": NaN, "doa_know_support": 0, "doa_z_support": 0}}
{"id": 11, "metrics": {"accuracy": 0.6666666666666666, "0.0": {"precision": 0.0, "recall": 0.0, "f1": 0.0, "support": 1}, "1.0": {"precision": 0.8571428571428571, "recall": 0.75, "f1": 0.7999999999999999, "support": 8}, "macro_avg": {"precision": 0.42857142857142855, "recall": 0.375, "f1": 0.39999999999999997, "support": 9}, "macro_auc": 0.25, "macro_aupoc": 0.8755456349206349, "doa": NaN, "doa_know_support": 0, "doa_z_support": 0}}
{"id": 12, "metrics": {"accuracy": 0.5, "0.0": {"precision": 0.5, "recall": 0.5, "f1": 0.5, "support": 2}, "1.0": {"precision": 0.5, "recall": 0.5, "f1": 0.5, "support": 2}, "macro_avg": {"precision": 0.5, "recall": 0.5, "f1": 0.5, "support": 4}, "macro_auc": 0.5, "macro_aupoc": 0.5833333333333333, "doa": NaN, "doa_know_support": 0, "doa_z_support": 0}}
{"id": 13, "metrics": {"accuracy": 0.25, "0.0": {"precision": 0.0, "recall": 0.0, "f1": 0.0, "support": 1}, "1.0": {"precision": 0.5, "recall": 0.3333333333333333, "f1": 0.4, "support": 3}, "macro_avg": {"precision": 0.25, "recall": 0.16666666666666666, "f1": 0.2, "support": 4}, "macro_auc": 0.3333333333333333, "macro_aupoc": 0.8055555555555556, "doa": NaN, "doa_know_support": 0, "doa_z_support": 0}}
{"id": 14, "metrics": {"doa": NaN, "doa_know_support": 0, "doa_z_support": 0}}
{"id": 15, "metrics": {"accuracy": 0.0, "0.0": {"precision": 0.0, "recall": 0.0, "f1": 0.0, "support": 1.0}, "1.0": {"precision": 0.0, "recall": 0.0, "f1": 0.0, "support": 2.0}, "macro_avg": {"precision": 0.0, "recall": 0.0, "f1": 0.0, "support": 3.0}, "macro_auc": 0.0, "macro_aupoc": 0.5833333333333333, "doa": NaN, "doa_know_support": 0, "doa_z_support": 0}}
{"id": 16, "metrics": {"doa": NaN, "doa_know_support": 0, "doa_z_support": 0}}
{"id": 17, "metrics": {"doa": NaN, "doa_know_support": 0, "doa_z_support": 0}}
{"id": 18, "metrics": {"doa": NaN, "doa_know_support": 0, "doa_z_support": 0}}
{"id": 19, "metrics": {"doa": NaN, "doa_know_support": 0, "doa_z_support": 0}}
{"id": 20, "metrics": {"doa": NaN, "doa_know_support": 0, "doa_z_support": 0}}
{"id": 21, "metrics": {"doa": NaN, "doa_know_support": 0, "doa_z_support": 0}}
{"id": 22, "metrics": {"doa": NaN, "doa_know_support": 0, "doa_z_support": 0}}
{"id": 23, "metrics": {"doa": NaN, "doa_know_support": 0, "doa_z_support": 0}}
{"id": 24, "metrics": {"doa": NaN, "doa_know_support": 0, "doa_z_support": 0}}
{"id": 25, "metrics": {"accuracy": 0.3333333333333333, "0.0": {"precision": 0.0, "recall": 0.0, "f1": 0.0, "support": 1}, "1.0": {"precision": 0.5, "recall": 0.5, "f1": 0.5, "support": 2}, "macro_avg": {"precision": 0.25, "recall": 0.25, "f1": 0.25, "support": 3}, "macro_auc": 0.5, "macro_aupoc": 0.8333333333333333, "doa": NaN, "doa_know_support": 0, "doa_z_support": 0}}
{"id": 26, "metrics": {"doa": NaN, "doa_know_support": 0, "doa_z_support": 0}}
{"id": 27, "metrics": {"doa": NaN,