{"id": 1, "metrics": {"theta": {"delta": 92663.34375, "delta_ave": 0.055805254727602005, "support": 3341}, "a": {"delta": 1094.8812255859375, "delta_ave": 0.0020266608335077763, "support": 1087}, "b": {"delta": 644.4641723632812, "delta_ave": 0.5928833484649658, "support": 1087}, "user": {"delta": 92663.34375, "delta_ave": 0.055805254727602005, "support": 3341}, "item": {"delta": 1739.3453979492188, "delta_ave": 0.0032131200456191377, "support": 1087}, "macro_ave": 0.029509187386610573, "micro_ave": 0.04289476457418842}}
{"id": 2, "metrics": {"theta": {"delta": 85872.0625, "delta_ave": 0.036699406802654266, "support": 4708}, "a": {"delta": 1512.4091796875, "delta_ave": 0.002621082589030266, "support": 1161}, "b": {"delta": 445.2025146484375, "delta_ave": 0.3834646940231323, "support": 1161}, "user": {"delta": 85872.0625, "delta_ave": 0.036699406802654266, "support": 4708}, "item": {"delta": 1957.6116943359375, "delta_ave": 0.003385828796729266, "support": 1161}, "macro_ave": 0.020042617799691766, "micro_ave": 0.03010934647468035}}
{"id": 3, "metrics": {"theta": {"delta": 75913.21875, "delta_ave": 0.028036508709192276, "support": 5448}, "a": {"delta": 4402.20654296875, "delta_ave": 0.00748104602098465, "support": 1184}, "b": {"delta": 509.09613037109375, "delta_ave": 0.4299798309803009, "support": 1184}, "user": {"delta": 75913.21875, "delta_ave": 0.028036508709192276, "support": 5448}, "item": {"delta": 4911.302673339844, "delta_ave": 0.008329437155441108, "support": 1184}, "macro_ave": 0.01818297293231669, "micro_ave": 0.024518237792479164}}
{"id": 4, "metrics": {"theta": {"delta": 123053.421875, "delta_ave": 0.042410481721162796, "support": 5838}, "a": {"delta": 2890.86669921875, "delta_ave": 0.004887926857918501, "support": 1190}, "b": {"delta": 360.1001281738281, "delta_ave": 0.30260515213012695, "support": 1190}, "user": {"delta": 123053.421875, "delta_ave": 0.042410481721162796, "support": 5838}, "item": {"delta": 3250.966827392578, "delta_ave": 0.005485752611477153, "support": 1190}, "macro_ave": 0.023948117166319973, "micro_ave": 0.03615828655318814}}
{"id": 5, "metrics": {"theta": {"delta": 0.0, "delta_ave": 0.0, "support": 6146}, "a": {"delta": 0.0, "delta_ave": 0.0, "support": 1193}, "b": {"delta": 0.0, "delta_ave": 0.0, "support": 1193}, "user": {"delta": 0.0, "delta_ave": 0.0, "support": 6146}, "item": {"delta": 0.0, "delta_ave": 0.0, "support": 1193}, "macro_ave": 0.0, "micro_ave": 0.0}}
{"id": 6, "metrics": {"theta": {"delta": 0.0, "delta_ave": 0.0, "support": 6305}, "a": {"delta": 0.0, "delta_ave": 0.0, "support": 1194}, "b": {"delta": 0.0, "delta_ave": 0.0, "support": 1194}, "user": {"delta": 0.0, "delta_ave": 0.0, "support": 6305}, "item": {"delta": 0.0, "delta_ave": 0.0, "support": 1194}, "macro_ave": 0.0, "micro_ave": 0.0}}
{"id": 7, "metrics": {"theta": {"delta": 0.0, "delta_ave": 0.0, "support": 6422}, "a": {"delta": 0.0, "delta_ave": 0.0, "support": 1196}, "b": {"delta": 0.0, "delta_ave": 0.0, "support": 1196}, "user": {"delta": 0.0, "delta_ave": 0.0, "support": 6422}, "item": {"delta": 0.0, "delta_ave": 0.0, "support": 1196}, "macro_ave": 0.0, "micro_ave": 0.0}}
{"id": 8, "metrics": {"theta": {"delta": 0.0, "delta_ave": 0.0, "support": 6490}, "a": {"delta": 0.0, "delta_ave": 0.0, "support": 1196}, "b": {"delta": 0.0, "delta_ave": 0.0, "support": 1196}, "user": {"delta": 0.0, "delta_ave": 0.0, "support": 6490}, "item": {"delta": 0.0, "delta_ave": 0.0, "support": 1196}, "macro_ave": 0.0, "micro_ave": 0.0}}
{"id": 9, "metrics": {"theta": {"delta": 0.0, "delta_ave": 0.0, "support": 6552}, "a": {"delta": 0.0, "delta_ave": 0.0, "support": 1196}, "b": {"delta": 0.0, "delta_ave": 0.0, "support": 1196}, "user": {"delta": 0.0, "delta_ave": 0.0, "support": 6552}, "item": {"delta": 0.0, "delta_ave": 0.0, "support": 1196}, "macro_ave": 0.0, "micro_ave": 0.0}}
{"id": 10, "metrics": {"theta": {"delta": 0.0, "delta_ave": 0.0, "support": 6582}, "a": {"delta": 0.0, "delta_ave": 0.0, "support": 1196}, "b": {"delta": 0.0, "delta_ave": 0.0, "support": 1196}, "user": {"delta": 0.0, "delta_ave": 0.0, "support": 6582}, "item": {"delta": 0.0, "delta_ave": 0.0, "support": 1196}, "macro_ave": 0.0, "micro_ave": 0.0}}
{"id": 11, "metrics": {"theta": {"delta": 0.0, "delta_ave": 0.0, "support": 6630}, "a": {"delta": 0.0, "delta_ave": 0.0, "support": 1196}, "b": {"delta": 0.0, "delta_ave": 0.0, "support": 1196}, "user": {"delta": 0.0, "delta_ave": 0.0, "support": 6630}, "item": {"delta": 0.0, "delta_ave": 0.0, "support": 1196}, "macro_ave": 0.0, "micro_ave": 0.0}}
{"id": 12, "metrics": {"theta": {"delta": 0.0, "delta_ave": 0.0, "support": 6658}, "a": {"delta": 0.0, "delta_ave": 0.0, "support": 1196}, "b": {"delta": 0.0, "delta_ave": 0.0, "support": 1196}, "user": {"delta": 0.0, "delta_ave": 0.0, "support": 6658}, "item": {"delta": 0.0, "delta_ave": 0.0, "support": 1196}, "macro_ave": 0.0, "micro_ave": 0.0}}
{"id": 13, "metrics": {"theta": {"delta": 0.0, "delta_ave": 0.0, "support": 6678}, "a": {"delta": 0.0, "delta_ave": 0.0, "support": 1196}, "b": {"delta": 0.0, "delta_ave": 0.0, "support": 1196}, "user": {"delta": 0.0, "delta_ave": 0.0, "support": 6678}, "item": {"delta": 0.0, "delta_ave": 0.0, "support": 1196}, "macro_ave": 0.0, "micro_ave": 0.0}}
{"id": 14, "metrics": {"theta": {"delta": 0.0, "delta_ave": 0.0, "support": 6696}, "a": {"delta": 0.0, "delta_ave": 0.0, "support": 1196}, "b": {"delta": 0.0, "delta_ave": 0.0, "support": 1196}, "user": {"delta": 0.0, "delta_ave": 0.0, "support": 6696}, "item": {"delta": 0.0, "delta_ave": 0.0, "support": 1196}, "macro_ave": 0.0, "micro_ave": 0.0}}
{"id": 15, "metrics": {"theta": {"delta": 0.0, "delta_ave": 0.0, "support": 6711}, "a": {"delta": 0.0, "delta_ave": 0.0, "support": 1196}, "b": {"delta": 0.0, "delta_ave": 0.0, "support": 1196}, "user": {"delta": 0.0, "delta_ave": 0.0, "support": 6711}, "item": {"delta": 0.0, "delta_ave": 0.0, "support": 1196}, "macro_ave": 0.0, "micro_ave": 0.0}}
{"id": 16, "metrics": {"theta": {"delta": 0.0, "delta_ave": 0.0, "support": 6729}, "a": {"delta": 0.0, "delta_ave": 0.0, "support": 1196}, "b": {"delta": 0.0, "delta_ave": 0.0, "support": 1196}, "user": {"delta": 0.0, "delta_ave": 0.0, "support": 6729}, "item": {"delta": 0.0, "delta_ave": 0.0, "support": 1196}, "macro_ave": 0.0, "micro_ave": 0.0}}
{"id": 17, "metrics": {"theta": {"delta": 0.0, "delta_ave": 0.0, "support": 6735}, "a": {"delta": 0.0, "delta_ave": 0.0, "support": 1196}, "b": {"delta": 0.0, "delta_ave": 0.0, "support": 1196}, "user": {"delta": 0.0, "delta_ave": 0.0, "support": 6735}, "item": {"delta": 0.0, "delta_ave": 0.0, "support": 1196}, "macro_ave": 0.0, "micro_ave": 0.0}}
{"id": 18, "metrics": {"theta": {"delta": 0.0, "delta_ave": 0.0, "support": 6749}, "a": {"delta": 0.0, "delta_ave": 0.0, "support": 1196}, "b": {"delta": 0.0, "delta_ave": 0.0, "support": 1196}, "user": {"delta": 0.0, "delta_ave": 0.0, "support": 6749}, "item": {"delta": 0.0, "delta_ave": 0.0, "support": 1196}, "macro_ave": 0.0, "micro_ave": 0.0}}
{"id": 19, "metrics": {"theta": {"delta": 0.0, "delta_ave": 0.0, "support": 6756}, "a": {"delta": 0.0, "delta_ave": 0.0, "support": 1196}, "b": {"delta": 0.0, "delta_ave": 0.0, "support": 1196}, "user": {"delta": 0.0, "delta_ave": 0.0, "support": 6756}, "item": {"delta": 0.0, "delta_ave": 0.0, "support": 1196}, "macro_ave": 0.0, "micro_ave": 0.0}}
{"id": 20, "metrics": {"theta": {"delta": 0.0, "delta_ave": 0.0, "support": 6758}, "a": {"delta": 0.0, "delta_ave": 0.0, "support": 1196}, "b": {"delta": 0.0, "delta_ave": 0.0, "support": 1196}, "user": {"delta": 0.0, "delta_ave": 0.0, "support": 6758}, "item": {"delta": 0.0, "delta_ave": 0.0, "support": 1196}, "macro_ave": 0.0, "micro_ave": 0.0}}
{"id": 21, "metrics": {"theta": {"delta": 0.0, "delta_ave": 0.0, "support": 6763}, "a": {"delta": 0.0, "delta_ave": 0.0, "support": 1196}, "b": {"delta": 0.0, "delta_ave": 0.0, "support": 1196}, "user": {"delta": 0.0, "delta_ave": 0.0, "support": 6763}, "item": {"delta": 0.0, "delta_ave": 0.0,