{"id": 1, "metrics": {"theta": {"delta": 6932.267578125, "delta_ave": 0.036290984600782394, "support": 1553}, "a": {"delta": 18610.3203125, "delta_ave": 0.037423551082611084, "support": 4043}, "b": {"delta": 1597.013427734375, "delta_ave": 0.39500704407691956, "support": 4043}, "user": {"delta": 6932.267578125, "delta_ave": 0.036290984600782394, "support": 1553}, "item": {"delta": 20207.333740234375, "delta_ave": 0.04030728892933938, "support": 4043}, "macro_ave": 0.03829913676506089, "micro_ave": 0.03919268553008116}}
{"id": 2, "metrics": {"theta": {"delta": 7653.65966796875, "delta_ave": 0.03134754300117493, "support": 1985}, "a": {"delta": 30901.775390625, "delta_ave": 0.038368042558431625, "support": 6548}, "b": {"delta": 2414.501220703125, "delta_ave": 0.36873874068260193, "support": 6548}, "user": {"delta": 7653.65966796875, "delta_ave": 0.03134754300117493, "support": 1985}, "item": {"delta": 33316.276611328125, "delta_ave": 0.041032322382013646, "support": 6548}, "macro_ave": 0.03618993269159429, "micro_ave": 0.038779388235644856}}
{"id": 3, "metrics": {"theta": {"delta": 11706.4052734375, "delta_ave": 0.04337922856211662, "support": 2194}, "a": {"delta": 85631.3515625, "delta_ave": 0.08357620984315872, "support": 8330}, "b": {"delta": 2153.9287109375, "delta_ave": 0.25857487320899963, "support": 8330}, "user": {"delta": 11706.4052734375, "delta_ave": 0.04337922856211662, "support": 2194}, "item": {"delta": 87785.2802734375, "delta_ave": 0.08498748938643164, "support": 8330}, "macro_ave": 0.06418335897427413, "micro_ave": 0.07631317123282587}}
{"id": 4, "metrics": {"theta": {"delta": 15124.5341796875, "delta_ave": 0.05332336947321892, "support": 2306}, "a": {"delta": 157018.90625, "delta_ave": 0.13314314186573029, "support": 9588}, "b": {"delta": 2371.47119140625, "delta_ave": 0.24733741581439972, "support": 9588}, "user": {"delta": 15124.5341796875, "delta_ave": 0.05332336947321892, "support": 2306}, "item": {"delta": 159390.37744140625, "delta_ave": 0.13406406342983246, "support": 9588}, "macro_ave": 0.09369371645152569, "micro_ave": 0.11841011687997952}}
{"id": 5, "metrics": {"theta": {"delta": 0.0, "delta_ave": 0.0, "support": 2378}, "a": {"delta": 0.0, "delta_ave": 0.0, "support": 10558}, "b": {"delta": 0.0, "delta_ave": 0.0, "support": 10558}, "user": {"delta": 0.0, "delta_ave": 0.0, "support": 2378}, "item": {"delta": 0.0, "delta_ave": 0.0, "support": 10558}, "macro_ave": 0.0, "micro_ave": 0.0}}
{"id": 6, "metrics": {"theta": {"delta": 0.0, "delta_ave": 0.0, "support": 2420}, "a": {"delta": 0.0, "delta_ave": 0.0, "support": 11386}, "b": {"delta": 0.0, "delta_ave": 0.0, "support": 11386}, "user": {"delta": 0.0, "delta_ave": 0.0, "support": 2420}, "item": {"delta": 0.0, "delta_ave": 0.0, "support": 11386}, "macro_ave": 0.0, "micro_ave": 0.0}}
{"id": 7, "metrics": {"theta": {"delta": 0.0, "delta_ave": 0.0, "support": 2456}, "a": {"delta": 0.0, "delta_ave": 0.0, "support": 12044}, "b": {"delta": 0.0, "delta_ave": 0.0, "support": 12044}, "user": {"delta": 0.0, "delta_ave": 0.0, "support": 2456}, "item": {"delta": 0.0, "delta_ave": 0.0, "support": 12044}, "macro_ave": 0.0, "micro_ave": 0.0}}
{"id": 8, "metrics": {"theta": {"delta": 0.0, "delta_ave": 0.0, "support": 2469}, "a": {"delta": 0.0, "delta_ave": 0.0, "support": 12589}, "b": {"delta": 0.0, "delta_ave": 0.0, "support": 12589}, "user": {"delta": 0.0, "delta_ave": 0.0, "support": 2469}, "item": {"delta": 0.0, "delta_ave": 0.0, "support": 12589}, "macro_ave": 0.0, "micro_ave": 0.0}}
{"id": 9, "metrics": {"theta": {"delta": 0.0, "delta_ave": 0.0, "support": 2477}, "a": {"delta": 0.0, "delta_ave": 0.0, "support": 13059}, "b": {"delta": 0.0, "delta_ave": 0.0, "support": 13059}, "user": {"delta": 0.0, "delta_ave": 0.0, "support": 2477}, "item": {"delta": 0.0, "delta_ave": 0.0, "support": 13059}, "macro_ave": 0.0, "micro_ave": 0.0}}
{"id": 10, "metrics": {"theta": {"delta": 0.0, "delta_ave": 0.0, "support": 2481}, "a": {"delta": 0.0, "delta_ave": 0.0, "support": 13464}, "b": {"delta": 0.0, "delta_ave": 0.0, "support": 13464}, "user": {"delta": 0.0, "delta_ave": 0.0, "support": 2481}, "item": {"delta": 0.0, "delta_ave": 0.0, "support": 13464}, "macro_ave": 0.0, "micro_ave": 0.0}}
{"id": 11, "metrics": {"theta": {"delta": 0.0, "delta_ave": 0.0, "support": 2488}, "a": {"delta": 0.0, "delta_ave": 0.0, "support": 13801}, "b": {"delta": 0.0, "delta_ave": 0.0, "support": 13801}, "user": {"delta": 0.0, "delta_ave": 0.0, "support": 2488}, "item": {"delta": 0.0, "delta_ave": 0.0, "support": 13801}, "macro_ave": 0.0, "micro_ave": 0.0}}
{"id": 12, "metrics": {"theta": {"delta": 0.0, "delta_ave": 0.0, "support": 2490}, "a": {"delta": 0.0, "delta_ave": 0.0, "support": 14119}, "b": {"delta": 0.0, "delta_ave": 0.0, "support": 14119}, "user": {"delta": 0.0, "delta_ave": 0.0, "support": 2490}, "item": {"delta": 0.0, "delta_ave": 0.0, "support": 14119}, "macro_ave": 0.0, "micro_ave": 0.0}}
{"id": 13, "metrics": {"theta": {"delta": 0.0, "delta_ave": 0.0, "support": 2491}, "a": {"delta": 0.0, "delta_ave": 0.0, "support": 14416}, "b": {"delta": 0.0, "delta_ave": 0.0, "support": 14416}, "user": {"delta": 0.0, "delta_ave": 0.0, "support": 2491}, "item": {"delta": 0.0, "delta_ave": 0.0, "support": 14416}, "macro_ave": 0.0, "micro_ave": 0.0}}
{"id": 14, "metrics": {"theta": {"delta": 0.0, "delta_ave": 0.0, "support": 2492}, "a": {"delta": 0.0, "delta_ave": 0.0, "support": 14680}, "b": {"delta": 0.0, "delta_ave": 0.0, "support": 14680}, "user": {"delta": 0.0, "delta_ave": 0.0, "support": 2492}, "item": {"delta": 0.0, "delta_ave": 0.0, "support": 14680}, "macro_ave": 0.0, "micro_ave": 0.0}}
{"id": 15, "metrics": {"theta": {"delta": 0.0, "delta_ave": 0.0, "support": 2493}, "a": {"delta": 0.0, "delta_ave": 0.0, "support": 14905}, "b": {"delta": 0.0, "delta_ave": 0.0, "support": 14905}, "user": {"delta": 0.0, "delta_ave": 0.0, "support": 2493}, "item": {"delta": 0.0, "delta_ave": 0.0, "support": 14905}, "macro_ave": 0.0, "micro_ave": 0.0}}
{"id": 16, "metrics": {"theta": {"delta": 0.0, "delta_ave": 0.0, "support": 2493}, "a": {"delta": 0.0, "delta_ave": 0.0, "support": 15122}, "b": {"delta": 0.0, "delta_ave": 0.0, "support": 15122}, "user": {"delta": 0.0, "delta_ave": 0.0, "support": 2493}, "item": {"delta": 0.0, "delta_ave": 0.0, "support": 15122}, "macro_ave": 0.0, "micro_ave": 0.0}}
{"id": 17, "metrics": {"theta": {"delta": 0.0, "delta_ave": 0.0, "support": 2493}, "a": {"delta": 0.0, "delta_ave": 0.0, "support": 15303}, "b": {"delta": 0.0, "delta_ave": 0.0, "support": 15303}, "user": {"delta": 0.0, "delta_ave": 0.0, "support": 2493}, "item": {"delta": 0.0, "delta_ave": 0.0, "support": 15303}, "macro_ave": 0.0, "micro_ave": 0.0}}
{"id": 18, "metrics": {"theta": {"delta": 0.0, "delta_ave": 0.0, "support": 2493}, "a": {"delta": 0.0, "delta_ave": 0.0, "support": 15478}, "b": {"delta": 0.0, "delta_ave": 0.0, "support": 15478}, "user": {"delta": 0.0, "delta_ave": 0.0, "support": 2493}, "item": {"delta": 0.0, "delta_ave": 0.0, "support": 15478}, "macro_ave": 0.0, "micro_ave": 0.0}}
{"id": 19, "metrics": {"theta": {"delta": 0.0, "delta_ave": 0.0, "support": 2493}, "a": {"delta": 0.0, "delta_ave": 0.0, "support": 15644}, "b": {"delta": 0.0, "delta_ave": 0.0, "support": 15644}, "user": {"delta": 0.0, "delta_ave": 0.0, "support": 2493}, "item": {"delta": 0.0, "delta_ave": 0.0, "support": 15644}, "macro_ave": 0.0, "micro_ave": 0.0}}
{"id": 20, "metrics": {"theta": {"delta": 0.0, "delta_ave": 0.0, "support": 2493}, "a": {"delta": 0.0, "delta_ave": 0.0, "support": 15795}, "b": {"delta": 0.0, "delta_ave": 0.0, "support": 15795}, "user": {"delta": 0.0, "delta_ave": 0.0, "support": 2493}, "item": {"delta": 0.0, "delta_ave": 0.0, "support": 15795}, "macro_ave": 0.0, "micro_ave": 0.0}}
{"id": 21, "metrics": {"theta": {"delta": 0.0, "delta_ave": 0.0, "support": 2493}, "a": {"delta": 0.0, "delta_ave": 0.0, "support": 15924}, "b": {"delta": 0.0, "delta_ave": 0.0, "support": 15924}, "user": {"delta": 0.0, "delta_ave": 0.0, "support": 2493},