{"id": 0, "metrics": {"accuracy": 0.49725411882176734, "0.0": {"precision": 0.3322751322751323, "recall": 0.45507246376811594, "f1": 0.38409785932721713, "support": 690}, "1.0": {"precision": 0.6446124763705104, "recall": 0.5194211728865195, "f1": 0.5752846900042178, "support": 1313}, "macro_avg": {"precision": 0.48844380432282136, "recall": 0.4872468183273177, "f1": 0.4796912746657175, "support": 2003}, "macro_auc": 0.48682185944346945, "macro_aupoc": 0.6478446745727383, "doa": 0.375, "doa_know_support": 3, "doa_z_support": 13}}
