{"id": 48, "metrics": {"accuracy": 0.7067443171144092, "0.0": {"precision": 0.5902964959568733, "recall": 0.47895024603608527, "f1": 0.5288258376094174, "support": 1829}, "1.0": {"precision": 0.7517582703829122, "recall": 0.8259874069834001, "f1": 0.7871266875767081, "support": 3494}, "macro_avg": {"precision": 0.6710273831698927, "recall": 0.6524688265097427, "f1": 0.6579762625930627, "support": 5323}, "macro_auc": 0.6941801034844394, "macro_aupoc": 0.7750967275536433, "doa": 0.6871715293840677, "doa_know_support": 58, "doa_z_support": 679}}
