{"id": 0, "metrics": {"accuracy": 0.7387267904509284, "0.0": {"precision": 0.2641509433962264, "recall": 0.0103397341211226, "f1": 0.01990049751243781, "support": 1354}, "1.0": {"precision": 0.7435406698564593, "recall": 0.9900611620795107, "f1": 0.8492731446059677, "support": 3924}, "macro_avg": {"precision": 0.5038458066263428, "recall": 0.5002004481003166, "f1": 0.43458682105920277, "support": 5278}, "macro_auc": 0.5103630726792815, "macro_aupoc": 0.7521440568945112, "doa": 0.5195239555483913, "doa_know_support": 256, "doa_z_support": 6664}}
{"id": 1, "metrics": {"accuracy": 0.7617399901136925, "0.0": {"precision": 0.35714285714285715, "recall": 0.010460251046025104, "f1": 0.02032520325203252, "support": 478}, "1.0": {"precision": 0.7645594823295172, "recall": 0.9941747572815534, "f1": 0.8643781654473832, "support": 1545}, "macro_avg": {"precision": 0.5608511697361872, "recall": 0.5023175041637893, "f1": 0.44235168434970784, "support": 2023}, "macro_auc": 0.5221635455173255, "macro_aupoc": 0.7804702291656208, "doa": 0.46647180931569004, "doa_know_support": 164, "doa_z_support": 1290}}
{"id": 2, "metrics": {"accuracy": 0.7299703264094956, "0.0": {"precision": 0.4, "recall": 0.014760147601476014, "f1": 0.02846975088967971, "support": 271}, "1.0": {"precision": 0.7332667332667333, "recall": 0.9918918918918919, "f1": 0.8431935669155658, "support": 740}, "macro_avg": {"precision": 0.5666333666333667, "recall": 0.5033260197466839, "f1": 0.43583165890262276, "support": 1011}, "macro_auc": 0.49834446993118586, "macro_aupoc": 0.7384124507802867, "doa": 0.4578665056756293, "doa_know_support": 98, "doa_z_support": 494}}
{"id": 3, "metrics": {"accuracy": 0.7209302325581395, "0.0": {"precision": 0.25, "recall": 0.007042253521126761, "f1": 0.013698630136986302, "support": 142}, "1.0": {"precision": 0.724609375, "recall": 0.9919786096256684, "f1": 0.837471783295711, "support": 374}, "macro_avg": {"precision": 0.4873046875, "recall": 0.4995104315733976, "f1": 0.4255852067163487, "support": 516}, "macro_auc": 0.4776869774798524, "macro_aupoc": 0.7246494701370919, "doa": 0.5551148038952918, "doa_know_support": 41, "doa_z_support": 157}}
{"id": 4, "metrics": {"accuracy": 0.7555012224938875, "0.0": {"precision": 0.16666666666666666, "recall": 0.010416666666666666, "f1": 0.0196078431372549, "support": 96}, "1.0": {"precision": 0.7642679900744417, "recall": 0.9840255591054313, "f1": 0.8603351955307263, "support": 313}, "macro_avg": {"precision": 0.46546732837055416, "recall": 0.497221112886049, "f1": 0.43997151933399065, "support": 409}, "macro_auc": 0.5425985090521831, "macro_aupoc": 0.7954863002893131, "doa": 0.6200587606837606, "doa_know_support": 32, "doa_z_support": 108}}
{"id": 5, "metrics": {"accuracy": 0.746031746031746, "0.0": {"precision": 0.5, "recall": 0.020833333333333332, "f1": 0.039999999999999994, "support": 48}, "1.0": {"precision": 0.7486631016042781, "recall": 0.9929078014184397, "f1": 0.853658536585366, "support": 141}, "macro_avg": {"precision": 0.624331550802139, "recall": 0.5068705673758865, "f1": 0.446829268292683, "support": 189}, "macro_auc": 0.5313238770685579, "macro_aupoc": 0.7758823263583587, "doa": 0.603030303030303, "doa_know_support": 11, "doa_z_support": 22}}
{"id": 6, "metrics": {"accuracy": 0.7112676056338029, "0.0": {"precision": 0.3333333333333333, "recall": 0.025, "f1": 0.046511627906976744, "support": 40}, "1.0": {"precision": 0.7194244604316546, "recall": 0.9803921568627451, "f1": 0.829875518672199, "support": 102}, "macro_avg": {"precision": 0.526378896882494, "recall": 0.5026960784313725, "f1": 0.43819357328958786, "support": 142}, "macro_auc": 0.5693627450980393, "macro_aupoc": 0.7906309561363492, "doa": 0.5428571428571428, "doa_know_support": 7, "doa_z_support": 17}}
{"id": 7, "metrics": {"accuracy": 0.7159090909090909, "0.0": {"precision": 0.0, "recall": 0.0, "f1": 0.0, "support": 25}, "1.0": {"precision": 0.7159090909090909, "recall": 1.0, "f1": 0.8344370860927153, "support": 63}, "macro_avg": {"precision": 0.35795454545454547, "recall": 0.5, "f1": 0.41721854304635764, "support": 88}, "macro_auc": 0.544126984126984, "macro_aupoc": 0.7975732165190592, "doa": 0.36363636363636365, "doa_know_support": 11, "doa_z_support": 20}}
{"id": 8, "metrics": {"accuracy": 0.5857142857142857, "0.0": {"precision": 0.0, "recall": 0.0, "f1": 0.0, "support": 29}, "1.0": {"precision": 0.5857142857142857, "recall": 1.0, "f1": 0.7387387387387387, "support": 41}, "macro_avg": {"precision": 0.29285714285714287, "recall": 0.5, "f1": 0.36936936936936937, "support": 70}, "macro_auc": 0.6324642556770396, "macro_aupoc": 0.7375957472255866, "doa": 0.9090909090909091, "doa_know_support": 11, "doa_z_support": 12}}
{"id": 9, "metrics": {"accuracy": 0.5833333333333334, "0.0": {"precision": 0.0, "recall": 0.0, "f1": 0.0, "support": 14}, "1.0": {"precision": 0.6, "recall": 0.9545454545454546, "f1": 0.7368421052631579, "support": 22}, "macro_avg": {"precision": 0.3, "recall": 0.4772727272727273, "f1": 0.3684210526315789, "support": 36}, "macro_auc": 0.4642857142857143, "macro_aupoc": 0.6447094302077877, "doa": 0.8125, "doa_know_support": 4, "doa_z_support": 7}}
{"id": 10, "metrics": {"accuracy": 0.625, "0.0": {"precision": 0.0, "recall": 0.0, "f1": 0.0, "support": 19}, "1.0": {"precision": 0.6481481481481481, "recall": 0.9459459459459459, "f1": 0.7692307692307693, "support": 37}, "macro_avg": {"precision": 0.32407407407407407, "recall": 0.47297297297297297, "f1": 0.38461538461538464, "support": 56}, "macro_auc": 0.5206258890469417, "macro_aupoc": 0.7170890684933269, "doa": 0.3310185185185185, "doa_know_support": 9, "doa_z_support": 56}}
{"id": 11, "metrics": {"accuracy": 0.75, "0.0": {"precision": 0.0, "recall": 0.0, "f1": 0.0, "support": 8}, "1.0": {"precision": 0.75, "recall": 1.0, "f1": 0.8571428571428571, "support": 24}, "macro_avg": {"precision": 0.375, "recall": 0.5, "f1": 0.42857142857142855, "support": 32}, "macro_auc": 0.234375, "macro_aupoc": 0.6162270298381525, "doa": 0.0, "doa_know_support": 1, "doa_z_support": 2}}
{"id": 12, "metrics": {"accuracy": 0.5454545454545454, "0.0": {"precision": 0.0, "recall": 0.0, "f1": 0.0, "support": 10}, "1.0": {"precision": 0.5454545454545454, "recall": 1.0, "f1": 0.7058823529411764, "support": 12}, "macro_avg": {"precision": 0.2727272727272727, "recall": 0.5, "f1": 0.3529411764705882, "support": 22}, "macro_auc": 0.5666666666666667, "macro_aupoc": 0.578490055695938, "doa": 1.0, "doa_know_support": 1, "doa_z_support": 1}}
{"id": 13, "metrics": {"accuracy": 0.6111111111111112, "0.0": {"precision": 0.0, "recall": 0.0, "f1": 0.0, "support": 7}, "1.0": {"precision": 0.6111111111111112, "recall": 1.0, "f1": 0.7586206896551725, "support": 11}, "macro_avg": {"precision": 0.3055555555555556, "recall": 0.5, "f1": 0.37931034482758624, "support": 18}, "macro_auc": 0.6363636363636364, "macro_aupoc": 0.8066468884650704, "doa": NaN, "doa_know_support": 0, "doa_z_support": 0}}
{"id": 14, "metrics": {"accuracy": 0.7058823529411765, "0.0": {"precision": 0.0, "recall": 0.0, "f1": 0.0, "support": 5}, "1.0": {"precision": 0.7058823529411765, "recall": 1.0, "f1": 0.8275862068965517, "support": 12}, "macro_avg": {"precision": 0.35294117647058826, "recall": 0.5, "f1": 0.41379310344827586, "support": 17}, "macro_auc": 0.13333333333333333, "macro_aupoc": 0.6016745441377795, "doa": 0.0, "doa_know_support": 3, "doa_z_support": 3}}
{"id": 15, "metrics": {"accuracy": 0.5555555555555556, "0.0": {"precision": 0.0, "recall": 0.0, "f1": 0.0, "support": 8}, "1.0": {"precision": 0.5555555555555556, "recall": 1.0, "f1": 0.7142857142857143, "support": 10}, "macro_avg": {"precision": 0.2777777777777778, "recall": 0.5, "f1": 0.35714285714285715, "support": 18}, "macro_auc": 0.28750000000000003, "macro_aupoc": 0.5701051236345354, "doa": 0.1125, "doa_know_support": 5, "doa_z_support": 50}}
{"id": 16, "metrics": {"accuracy": 0.6666666666666666, "0.0": {"precision": 0.0, "recall": 0.0, "f1": 0.0, "support": 2}, "1.0": {"precision": 0.6666666666666666,