{"id": 0, "metrics": {"accuracy": 0.715683180814137, "0.0": {"precision": 0.16666666666666666, "recall": 0.008018327605956471, "f1": 0.01530054644808743, "support": 873}, "1.0": {"precision": 0.7230572433642469, "recall": 0.9847560975609756, "f1": 0.8338557993730408, "support": 2296}, "macro_avg": {"precision": 0.4448619550154568, "recall": 0.496387212583466, "f1": 0.4245781729105641, "support": 3169}, "macro_auc": 0.49752395719833487, "macro_aupoc": 0.7284159879334471, "doa": 0.5087178558900224, "doa_know_support": 218, "doa_z_support": 2452}}
{"id": 1, "metrics": {"accuracy": 0.7426679280983917, "0.0": {"precision": 0.4444444444444444, "recall": 0.014760147601476014, "f1": 0.02857142857142857, "support": 271}, "1.0": {"precision": 0.7452290076335878, "recall": 0.9936386768447837, "f1": 0.8516902944383861, "support": 786}, "macro_avg": {"precision": 0.5948367260390162, "recall": 0.5041994122231298, "f1": 0.4401308615049073, "support": 1057}, "macro_auc": 0.5288536473150991, "macro_aupoc": 0.7523918758974606, "doa": 0.47081993913677084, "doa_know_support": 101, "doa_z_support": 284}}
{"id": 2, "metrics": {"accuracy": 0.7830578512396694, "0.0": {"precision": 0.25, "recall": 0.009708737864077669, "f1": 0.018691588785046728, "support": 103}, "1.0": {"precision": 0.7875, "recall": 0.9921259842519685, "f1": 0.8780487804878048, "support": 381}, "macro_avg": {"precision": 0.51875, "recall": 0.5009173610580231, "f1": 0.44837018463642575, "support": 484}, "macro_auc": 0.5124990444155646, "macro_aupoc": 0.7938167121264219, "doa": 0.6330128205128206, "doa_know_support": 52, "doa_z_support": 83}}
{"id": 3, "metrics": {"accuracy": 0.8078817733990148, "0.0": {"precision": 0.0, "recall": 0.0, "f1": 0.0, "support": 37}, "1.0": {"precision": 0.8159203980099502, "recall": 0.9879518072289156, "f1": 0.8937329700272478, "support": 166}, "macro_avg": {"precision": 0.4079601990049751, "recall": 0.4939759036144578, "f1": 0.4468664850136239, "support": 203}, "macro_auc": 0.6042005861282969, "macro_aupoc": 0.8589742598106151, "doa": 0.38461538461538464, "doa_know_support": 13, "doa_z_support": 18}}
{"id": 4, "metrics": {"accuracy": 0.7669172932330827, "0.0": {"precision": 0.0, "recall": 0.0, "f1": 0.0, "support": 31}, "1.0": {"precision": 0.7669172932330827, "recall": 1.0, "f1": 0.8680851063829788, "support": 102}, "macro_avg": {"precision": 0.38345864661654133, "recall": 0.5, "f1": 0.4340425531914894, "support": 133}, "macro_auc": 0.4471853257432005, "macro_aupoc": 0.7693933293884505, "doa": 0.5833333333333334, "doa_know_support": 6, "doa_z_support": 7}}
{"id": 5, "metrics": {"accuracy": 0.703125, "0.0": {"precision": 0.0, "recall": 0.0, "f1": 0.0, "support": 18}, "1.0": {"precision": 0.7142857142857143, "recall": 0.9782608695652174, "f1": 0.8256880733944955, "support": 46}, "macro_avg": {"precision": 0.35714285714285715, "recall": 0.4891304347826087, "f1": 0.41284403669724773, "support": 64}, "macro_auc": 0.5144927536231885, "macro_aupoc": 0.7391078205895101, "doa": 0.5, "doa_know_support": 1, "doa_z_support": 2}}
{"id": 6, "metrics": {"accuracy": 0.7407407407407407, "0.0": {"precision": 0.0, "recall": 0.0, "f1": 0.0, "support": 14}, "1.0": {"precision": 0.7407407407407407, "recall": 1.0, "f1": 0.851063829787234, "support": 40}, "macro_avg": {"precision": 0.37037037037037035, "recall": 0.5, "f1": 0.425531914893617, "support": 54}, "macro_auc": 0.6107142857142858, "macro_aupoc": 0.7892986676413138, "doa": NaN, "doa_know_support": 0, "doa_z_support": 0}}
{"id": 7, "metrics": {"accuracy": 0.7, "0.0": {"precision": 0.0, "recall": 0.0, "f1": 0.0, "support": 6}, "1.0": {"precision": 0.7, "recall": 1.0, "f1": 0.8235294117647058, "support": 14}, "macro_avg": {"precision": 0.35, "recall": 0.5, "f1": 0.4117647058823529, "support": 20}, "macro_auc": 0.6071428571428572, "macro_aupoc": 0.7866350288121629, "doa": NaN, "doa_know_support": 0, "doa_z_support": 0}}
{"id": 8, "metrics": {"accuracy": 0.6111111111111112, "0.0": {"precision": 1.0, "recall": 0.125, "f1": 0.2222222222222222, "support": 8}, "1.0": {"precision": 0.5882352941176471, "recall": 1.0, "f1": 0.7407407407407407, "support": 10}, "macro_avg": {"precision": 0.7941176470588236, "recall": 0.5625, "f1": 0.48148148148148145, "support": 18}, "macro_auc": 0.8, "macro_aupoc": 0.874458041958042, "doa": NaN, "doa_know_support": 0, "doa_z_support": 0}}
{"id": 9, "metrics": {"accuracy": 0.875, "0.0": {"precision": 0.0, "recall": 0.0, "f1": 0.0, "support": 1}, "1.0": {"precision": 0.875, "recall": 1.0, "f1": 0.9333333333333333, "support": 7}, "macro_avg": {"precision": 0.4375, "recall": 0.5, "f1": 0.4666666666666667, "support": 8}, "macro_auc": 0.2857142857142857, "macro_aupoc": 0.8736394557823131, "doa": NaN, "doa_know_support": 0, "doa_z_support": 0}}
{"id": 10, "metrics": {"doa": NaN, "doa_know_support": 0, "doa_z_support": 0}}
{"id": 11, "metrics": {"accuracy": 0.8888888888888888, "0.0": {"precision": 0.0, "recall": 0.0, "f1": 0.0, "support": 1}, "1.0": {"precision": 0.8888888888888888, "recall": 1.0, "f1": 0.9411764705882353, "support": 8}, "macro_avg": {"precision": 0.4444444444444444, "recall": 0.5, "f1": 0.47058823529411764, "support": 9}, "macro_auc": 0.25, "macro_aupoc": 0.8755456349206349, "doa": NaN, "doa_know_support": 0, "doa_z_support": 0}}
{"id": 12, "metrics": {"accuracy": 0.5, "0.0": {"precision": 0.0, "recall": 0.0, "f1": 0.0, "support": 2}, "1.0": {"precision": 0.5, "recall": 1.0, "f1": 0.6666666666666666, "support": 2}, "macro_avg": {"precision": 0.25, "recall": 0.5, "f1": 0.3333333333333333, "support": 4}, "macro_auc": 0.25, "macro_aupoc": 0.5, "doa": NaN, "doa_know_support": 0, "doa_z_support": 0}}
{"id": 13, "metrics": {"accuracy": 0.75, "0.0": {"precision": 0.0, "recall": 0.0, "f1": 0.0, "support": 1}, "1.0": {"precision": 0.75, "recall": 1.0, "f1": 0.8571428571428571, "support": 3}, "macro_avg": {"precision": 0.375, "recall": 0.5, "f1": 0.42857142857142855, "support": 4}, "macro_auc": 1.0, "macro_aupoc": 1.0, "doa": NaN, "doa_know_support": 0, "doa_z_support": 0}}
{"id": 14, "metrics": {"doa": NaN, "doa_know_support": 0, "doa_z_support": 0}}
{"id": 15, "metrics": {"accuracy": 0.6666666666666666, "0.0": {"precision": 0.0, "recall": 0.0, "f1": 0.0, "support": 1}, "1.0": {"precision": 0.6666666666666666, "recall": 1.0, "f1": 0.8, "support": 2}, "macro_avg": {"precision": 0.3333333333333333, "recall": 0.5, "f1": 0.4, "support": 3}, "macro_auc": 1.0, "macro_aupoc": 1.0, "doa": NaN, "doa_know_support": 0, "doa_z_support": 0}}
{"id": 17, "metrics": {"doa": NaN, "doa_know_support": 0, "doa_z_support": 0}}
{"id": 19, "metrics": {"doa": NaN, "doa_know_support": 0, "doa_z_support": 0}}
{"id": 22, "metrics": {"doa": NaN, "doa_know_support": 0, "doa_z_support": 0}}
{"id": 25, "metrics": {"accuracy": 0.6666666666666666, "0.0": {"precision": 0.0, "recall": 0.0, "f1": 0.0, "support": 1}, "1.0": {"precision": 0.6666666666666666, "recall": 1.0, "f1": 0.8, "support": 2}, "macro_avg": {"precision": 0.3333333333333333, "recall": 0.5, "f1": 0.4, "support": 3}, "macro_auc": 1.0, "macro_aupoc": 1.0, "doa": NaN, "doa_know_support": 0, "doa_z_support": 0}}
{"id": 29, "metrics": {"accuracy": 0.7311481621826449, "0.0": {"precision": 0.28, "recall": 0.010021474588403722, "f1": 0.0193503800967519, "support": 1397}, "1.0": {"precision": 0.7354628921193573, "recall": 0.9907240401958258, "f1": 0.8442200021956309, "support": 3881}, "macro_avg": {"precision": 0.5077314460596787, "recall": 0.5003727573921147, "f1": 0.4317851911461914, "support": 5278}, "macro_auc": 0.49975930311889666, "macro_aupoc": 0.7403030140766393, "doa": 0.5245787299915694, "doa_know_support": 269, "doa_z_support": 6590}}
{"id": 34, "metrics": {"accuracy": 0.7302008336491095, "0.0": {"precision": 0.2777777777777778, "recall": 0.010714285714285714, "f1": 0.02063273727647868, "support": 1400}, "1.0": {"precision": 0.7348774885145483, "recall": 0.9899432697266632, "f1": 0.8435508679411119, "support": 3878}, "macro_avg": {"precision": 0.506327633146163,