{"id": 0, "metrics": {"accuracy": 0.715683180814137, "0.0": {"precision": 0.16666666666666666, "recall": 0.008018327605956471, "f1": 0.01530054644808743, "support": 873}, "1.0": {"precision": 0.7230572433642469, "recall": 0.9847560975609756, "f1": 0.8338557993730408, "support": 2296}, "macro_avg": {"precision": 0.4448619550154568, "recall": 0.496387212583466, "f1": 0.4245781729105641, "support": 3169}, "macro_auc": 0.49752395719833487, "macro_aupoc": 0.7284159879334471, "doa": 0.5087178558900224, "doa_know_support": 218, "doa_z_support": 2452}}
{"id": 1, "metrics": {"accuracy": 0.75, "0.0": {"precision": 0.0, "recall": 0.0, "f1": 0.0, "support": 5}, "1.0": {"precision": 0.75, "recall": 1.0, "f1": 0.8571428571428571, "support": 15}, "macro_avg": {"precision": 0.375, "recall": 0.5, "f1": 0.42857142857142855, "support": 20}, "macro_auc": 0.5733333333333333, "macro_aupoc": 0.8234529196293903, "doa": NaN, "doa_know_support": 0, "doa_z_support": 0}}
{"id": 2, "metrics": {"doa": NaN, "doa_know_support": 0, "doa_z_support": 0}}
{"id": 7, "metrics": {"accuracy": 0.7, "0.0": {"precision": 0.0, "recall": 0.0, "f1": 0.0, "support": 6}, "1.0": {"precision": 0.7, "recall": 1.0, "f1": 0.8235294117647058, "support": 14}, "macro_avg": {"precision": 0.35, "recall": 0.5, "f1": 0.4117647058823529, "support": 20}, "macro_auc": 0.6071428571428572, "macro_aupoc": 0.7866350288121629, "doa": NaN, "doa_know_support": 0, "doa_z_support": 0}}
{"id": 8, "metrics": {"accuracy": 0.6111111111111112, "0.0": {"precision": 1.0, "recall": 0.125, "f1": 0.2222222222222222, "support": 8}, "1.0": {"precision": 0.5882352941176471, "recall": 1.0, "f1": 0.7407407407407407, "support": 10}, "macro_avg": {"precision": 0.7941176470588236, "recall": 0.5625, "f1": 0.48148148148148145, "support": 18}, "macro_auc": 0.8, "macro_aupoc": 0.874458041958042, "doa": NaN, "doa_know_support": 0, "doa_z_support": 0}}
{"id": 9, "metrics": {"accuracy": 0.875, "0.0": {"precision": 0.0, "recall": 0.0, "f1": 0.0, "support": 1}, "1.0": {"precision": 0.875, "recall": 1.0, "f1": 0.9333333333333333, "support": 7}, "macro_avg": {"precision": 0.4375, "recall": 0.5, "f1": 0.4666666666666667, "support": 8}, "macro_auc": 0.2857142857142857, "macro_aupoc": 0.8736394557823131, "doa": NaN, "doa_know_support": 0, "doa_z_support": 0}}
{"id": 10, "metrics": {"doa": NaN, "doa_know_support": 0, "doa_z_support": 0}}
{"id": 11, "metrics": {"accuracy": 0.8888888888888888, "0.0": {"precision": 0.0, "recall": 0.0, "f1": 0.0, "support": 1}, "1.0": {"precision": 0.8888888888888888, "recall": 1.0, "f1": 0.9411764705882353, "support": 8}, "macro_avg": {"precision": 0.4444444444444444, "recall": 0.5, "f1": 0.47058823529411764, "support": 9}, "macro_auc": 0.25, "macro_aupoc": 0.8755456349206349, "doa": NaN, "doa_know_support": 0, "doa_z_support": 0}}
{"id": 12, "metrics": {"accuracy": 0.5, "0.0": {"precision": 0.0, "recall": 0.0, "f1": 0.0, "support": 2}, "1.0": {"precision": 0.5, "recall": 1.0, "f1": 0.6666666666666666, "support": 2}, "macro_avg": {"precision": 0.25, "recall": 0.5, "f1": 0.3333333333333333, "support": 4}, "macro_auc": 0.25, "macro_aupoc": 0.5, "doa": NaN, "doa_know_support": 0, "doa_z_support": 0}}
{"id": 13, "metrics": {"accuracy": 0.75, "0.0": {"precision": 0.0, "recall": 0.0, "f1": 0.0, "support": 1}, "1.0": {"precision": 0.75, "recall": 1.0, "f1": 0.8571428571428571, "support": 3}, "macro_avg": {"precision": 0.375, "recall": 0.5, "f1": 0.42857142857142855, "support": 4}, "macro_auc": 1.0, "macro_aupoc": 1.0, "doa": NaN, "doa_know_support": 0, "doa_z_support": 0}}
{"id": 14, "metrics": {"doa": NaN, "doa_know_support": 0, "doa_z_support": 0}}
{"id": 15, "metrics": {"accuracy": 0.6666666666666666, "0.0": {"precision": 0.0, "recall": 0.0, "f1": 0.0, "support": 1}, "1.0": {"precision": 0.6666666666666666, "recall": 1.0, "f1": 0.8, "support": 2}, "macro_avg": {"precision": 0.3333333333333333, "recall": 0.5, "f1": 0.4, "support": 3}, "macro_auc": 1.0, "macro_aupoc": 1.0, "doa": NaN, "doa_know_support": 0, "doa_z_support": 0}}
{"id": 17, "metrics": {"doa": NaN, "doa_know_support": 0, "doa_z_support": 0}}
{"id": 19, "metrics": {"doa": NaN, "doa_know_support": 0, "doa_z_support": 0}}
{"id": 22, "metrics": {"doa": NaN, "doa_know_support": 0, "doa_z_support": 0}}
{"id": 25, "metrics": {"accuracy": 0.6666666666666666, "0.0": {"precision": 0.0, "recall": 0.0, "f1": 0.0, "support": 1}, "1.0": {"precision": 0.6666666666666666, "recall": 1.0, "f1": 0.8, "support": 2}, "macro_avg": {"precision": 0.3333333333333333, "recall": 0.5, "f1": 0.4, "support": 3}, "macro_auc": 1.0, "macro_aupoc": 1.0, "doa": NaN, "doa_know_support": 0, "doa_z_support": 0}}
{"id": 29, "metrics": {"accuracy": 0.7311481621826449, "0.0": {"precision": 0.28, "recall": 0.010021474588403722, "f1": 0.0193503800967519, "support": 1397}, "1.0": {"precision": 0.7354628921193573, "recall": 0.9907240401958258, "f1": 0.8442200021956309, "support": 3881}, "macro_avg": {"precision": 0.5077314460596787, "recall": 0.5003727573921147, "f1": 0.4317851911461914, "support": 5278}, "macro_auc": 0.49975930311889666, "macro_aupoc": 0.7403030140766393, "doa": 0.5245787299915694, "doa_know_support": 269, "doa_z_support": 6590}}
{"id": 34, "metrics": {"accuracy": 0.7302008336491095, "0.0": {"precision": 0.2777777777777778, "recall": 0.010714285714285714, "f1": 0.02063273727647868, "support": 1400}, "1.0": {"precision": 0.7348774885145483, "recall": 0.9899432697266632, "f1": 0.8435508679411119, "support": 3878}, "macro_avg": {"precision": 0.506327633146163, "recall": 0.5003287777204745, "f1": 0.43209180260879526, "support": 5278}, "macro_auc": 0.5142558756354527, "macro_aupoc": 0.7479340910495637, "doa": 0.5363008708379565, "doa_know_support": 268, "doa_z_support": 6644}}
{"id": 47, "metrics": {"accuracy": 0.7339901477832512, "0.0": {"precision": 0.288135593220339, "recall": 0.012327773749093546, "f1": 0.02364394993045897, "support": 1379}, "1.0": {"precision": 0.739030465606438, "recall": 0.9892280071813285, "f1": 0.846018863785918, "support": 3899}, "macro_avg": {"precision": 0.5135830294133885, "recall": 0.500777890465211, "f1": 0.43483140685818844, "support": 5278}, "macro_auc": 0.5058557994733222, "macro_aupoc": 0.7426428164436638, "doa": 0.5063679602119961, "doa_know_support": 281, "doa_z_support": 6529}}
