{"id": 48, "metrics": {"accuracy": 0.700544805560774, "0.0": {"precision": 0.5741324921135647, "recall": 0.4975396391470749, "f1": 0.5330990041007615, "support": 1829}, "1.0": {"precision": 0.7541466024612092, "recall": 0.8068116771608471, "f1": 0.7795907079646016, "support": 3494}, "macro_avg": {"precision": 0.664139547287387, "recall": 0.6521756581539611, "f1": 0.6563448560326816, "support": 5323}, "macro_auc": 0.6925091142732226, "macro_aupoc": 0.7747741233030168, "doa": 0.7287693798885931, "doa_know_support": 55, "doa_z_support": 682}}
