{"id": 48, "metrics": {"theta": {"delta": 8665.03125, "delta_ave": 0.028258085250854492, "support": 2493}, "a": {"delta": 23982.705078125, "delta_ave": 0.011073452420532703, "support": 17608}, "b": {"delta": 27308.48046875, "delta_ave": 0.01260905060917139, "support": 17608}, "user": {"delta": 8665.03125, "delta_ave": 0.028258085250854492, "support": 2493}, "item": {"delta": 51291.185546875, "delta_ave": 0.011841251514852047, "support": 17608}, "macro_ave": 0.02004966838285327, "micro_ave": 0.013877327655534306}}
