{"id": 48, "metrics": {"accuracy": 0.7054292692090927, "0.0": {"precision": 0.5920959774170783, "recall": 0.45872061235647893, "f1": 0.5169439309919901, "support": 1829}, "1.0": {"precision": 0.7465437788018433, "recall": 0.8345735546651403, "f1": 0.7881081081081079, "support": 3494}, "macro_avg": {"precision": 0.6693198781094608, "recall": 0.6466470835108096, "f1": 0.6525260195500491, "support": 5323}, "macro_auc": 0.7000163992760534, "macro_aupoc": 0.7840157376754107, "doa": 0.7350256480105374, "doa_know_support": 59, "doa_z_support": 725}}
