{"id": 48, "metrics": {"theta": {"delta": 5501.87451171875, "delta_ave": 0.017942514270544052, "support": 2493}, "a": {"delta": 36616.72265625, "delta_ave": 0.016906913369894028, "support": 17608}, "b": {"delta": 41765.0078125, "delta_ave": 0.019284013658761978, "support": 17608}, "user": {"delta": 5501.87451171875, "delta_ave": 0.017942514270544052, "support": 2493}, "item": {"delta": 78381.73046875, "delta_ave": 0.018095463514328003, "support": 17608}, "macro_ave": 0.018018988892436028, "micro_ave": 0.018076494186197393}}
