{"id": 0, "metrics": {"accuracy": 0.6818870784388026, "0.0": {"precision": 0.42046010768477726, "recall": 0.6344165435745938, "f1": 0.5057403591404179, "support": 1354}, "1.0": {"precision": 0.8469860896445132, "recall": 0.6982670744138634, "f1": 0.7654700377147646, "support": 3924}, "macro_avg": {"precision": 0.6337230986646452, "recall": 0.6663418089942286, "f1": 0.6356051984275912, "support": 5278}, "macro_auc": 0.6912887514172528, "macro_aupoc": 0.8426050025787043, "doa": 0.508660528833947, "doa_know_support": 256, "doa_z_support": 6664}}
{"id": 1, "metrics": {"accuracy": 0.8803756796836382, "0.0": {"precision": 0.7234848484848485, "recall": 0.799163179916318, "f1": 0.7594433399602386, "support": 478}, "1.0": {"precision": 0.9357859531772575, "recall": 0.9055016181229774, "f1": 0.9203947368421052, "support": 1545}, "macro_avg": {"precision": 0.829635400831053, "recall": 0.8523323990196476, "f1": 0.8399190384011719, "support": 2023}, "macro_auc": 0.9363048570770877, "macro_aupoc": 0.9781499716856156, "doa": 0.5674070455813802, "doa_know_support": 164, "doa_z_support": 1290}}
{"id": 2, "metrics": {"accuracy": 0.9149357072205737, "0.0": {"precision": 0.8544061302681992, "recall": 0.8228782287822878, "f1": 0.8383458646616542, "support": 271}, "1.0": {"precision": 0.936, "recall": 0.9486486486486486, "f1": 0.9422818791946308, "support": 740}, "macro_avg": {"precision": 0.8952030651340996, "recall": 0.8857634387154683, "f1": 0.8903138719281425, "support": 1011}, "macro_auc": 0.9700982347661314, "macro_aupoc": 0.9880683855023598, "doa": 0.8581075208251079, "doa_know_support": 98, "doa_z_support": 494}}
{"id": 3, "metrics": {"accuracy": 0.9282945736434108, "0.0": {"precision": 0.8888888888888888, "recall": 0.8450704225352113, "f1": 0.8664259927797834, "support": 142}, "1.0": {"precision": 0.9422572178477691, "recall": 0.9598930481283422, "f1": 0.9509933774834438, "support": 374}, "macro_avg": {"precision": 0.915573053368329, "recall": 0.9024817353317767, "f1": 0.9087096851316137, "support": 516}, "macro_auc": 0.9786849438879265, "macro_aupoc": 0.992080752947321, "doa": 0.9024390243902439, "doa_know_support": 41, "doa_z_support": 157}}
{"id": 4, "metrics": {"accuracy": 0.921760391198044, "0.0": {"precision": 0.8478260869565217, "recall": 0.8125, "f1": 0.8297872340425533, "support": 96}, "1.0": {"precision": 0.943217665615142, "recall": 0.9552715654952076, "f1": 0.9492063492063492, "support": 313}, "macro_avg": {"precision": 0.8955218762858319, "recall": 0.8838857827476039, "f1": 0.8894967916244512, "support": 409}, "macro_auc": 0.9728268104366347, "macro_aupoc": 0.9904551831209532, "doa": 1.0, "doa_know_support": 32, "doa_z_support": 108}}
{"id": 5, "metrics": {"accuracy": 0.9523809523809523, "0.0": {"precision": 0.8679245283018868, "recall": 0.9583333333333334, "f1": 0.910891089108911, "support": 48}, "1.0": {"precision": 0.9852941176470589, "recall": 0.950354609929078, "f1": 0.9675090252707582, "support": 141}, "macro_avg": {"precision": 0.9266093229744728, "recall": 0.9543439716312057, "f1": 0.9392000571898347, "support": 189}, "macro_auc": 0.9946808510638299, "macro_aupoc": 0.9982390559711127, "doa": 0.9090909090909091, "doa_know_support": 11, "doa_z_support": 22}}
{"id": 6, "metrics": {"accuracy": 0.9647887323943662, "0.0": {"precision": 0.926829268292683, "recall": 0.95, "f1": 0.9382716049382716, "support": 40}, "1.0": {"precision": 0.9801980198019802, "recall": 0.9705882352941176, "f1": 0.9753694581280787, "support": 102}, "macro_avg": {"precision": 0.9535136440473315, "recall": 0.9602941176470587, "f1": 0.9568205315331751, "support": 142}, "macro_auc": 0.9941176470588236, "macro_aupoc": 0.9977566466089705, "doa": 1.0, "doa_know_support": 7, "doa_z_support": 17}}
{"id": 7, "metrics": {"accuracy": 0.9204545454545454, "0.0": {"precision": 0.875, "recall": 0.84, "f1": 0.8571428571428572, "support": 25}, "1.0": {"precision": 0.9375, "recall": 0.9523809523809523, "f1": 0.9448818897637795, "support": 63}, "macro_avg": {"precision": 0.90625, "recall": 0.8961904761904762, "f1": 0.9010123734533184, "support": 88}, "macro_auc": 0.9822222222222221, "macro_aupoc": 0.9928708916484043, "doa": 1.0, "doa_know_support": 11, "doa_z_support": 20}}
{"id": 8, "metrics": {"accuracy": 0.9571428571428572, "0.0": {"precision": 0.9333333333333333, "recall": 0.9655172413793104, "f1": 0.9491525423728815, "support": 29}, "1.0": {"precision": 0.975, "recall": 0.9512195121951219, "f1": 0.9629629629629629, "support": 41}, "macro_avg": {"precision": 0.9541666666666666, "recall": 0.9583683767872162, "f1": 0.9560577526679221, "support": 70}, "macro_auc": 0.9983179142136249, "macro_aupoc": 0.9988243959094643, "doa": 1.0, "doa_know_support": 11, "doa_z_support": 12}}
{"id": 9, "metrics": {"accuracy": 0.8888888888888888, "0.0": {"precision": 0.7777777777777778, "recall": 1.0, "f1": 0.8750000000000001, "support": 14}, "1.0": {"precision": 1.0, "recall": 0.8181818181818182, "f1": 0.9, "support": 22}, "macro_avg": {"precision": 0.8888888888888888, "recall": 0.9090909090909092, "f1": 0.8875000000000001, "support": 36}, "macro_auc": 0.9870129870129871, "macro_aupoc": 0.9922595520421608, "doa": 1.0, "doa_know_support": 4, "doa_z_support": 7}}
{"id": 10, "metrics": {"accuracy": 0.9464285714285714, "0.0": {"precision": 0.9, "recall": 0.9473684210526315, "f1": 0.9230769230769231, "support": 19}, "1.0": {"precision": 0.9722222222222222, "recall": 0.9459459459459459, "f1": 0.9589041095890412, "support": 37}, "macro_avg": {"precision": 0.9361111111111111, "recall": 0.9466571834992887, "f1": 0.9409905163329821, "support": 56}, "macro_auc": 0.9943100995732574, "macro_aupoc": 0.9972425127830533, "doa": 1.0, "doa_know_support": 9, "doa_z_support": 56}}
{"id": 11, "metrics": {"accuracy": 0.96875, "0.0": {"precision": 0.8888888888888888, "recall": 1.0, "f1": 0.9411764705882353, "support": 8}, "1.0": {"precision": 1.0, "recall": 0.9583333333333334, "f1": 0.9787234042553191, "support": 24}, "macro_avg": {"precision": 0.9444444444444444, "recall": 0.9791666666666667, "f1": 0.9599499374217773, "support": 32}, "macro_auc": 1.0, "macro_aupoc": 1.0, "doa": 1.0, "doa_know_support": 1, "doa_z_support": 2}}
{"id": 12, "metrics": {"accuracy": 0.9545454545454546, "0.0": {"precision": 1.0, "recall": 0.9, "f1": 0.9473684210526316, "support": 10}, "1.0": {"precision": 0.9230769230769231, "recall": 1.0, "f1": 0.9600000000000001, "support": 12}, "macro_avg": {"precision": 0.9615384615384616, "recall": 0.95, "f1": 0.9536842105263159, "support": 22}, "macro_auc": 1.0, "macro_aupoc": 1.0, "doa": 1.0, "doa_know_support": 1, "doa_z_support": 1}}
{"id": 13, "metrics": {"accuracy": 1.0, "0.0": {"precision": 1.0, "recall": 1.0, "f1": 1.0, "support": 7}, "1.0": {"precision": 1.0, "recall": 1.0, "f1": 1.0, "support": 11}, "macro_avg": {"precision": 1.0, "recall": 1.0, "f1": 1.0, "support": 18}, "macro_auc": 1.0, "macro_aupoc": 1.0, "doa": NaN, "doa_know_support": 0, "doa_z_support": 0}}
{"id": 14, "metrics": {"accuracy": 1.0, "0.0": {"precision": 1.0, "recall": 1.0, "f1": 1.0, "support": 5}, "1.0": {"precision": 1.0, "recall": 1.0, "f1": 1.0, "support": 12}, "macro_avg": {"precision": 1.0, "recall": 1.0, "f1": 1.0, "support": 17}, "macro_auc": 1.0, "macro_aupoc": 1.0, "doa": 1.0, "doa_know_support": 3, "doa_z_support": 3}}
{"id": 15, "metrics": {"accuracy": 1.0, "0.0": {"precision": 1.0, "recall": 1.0, "f1": 1.0, "support": 8}, "1.0": {"precision": 1.0, "recall": 1.0, "f1": 1.0, "support": 10}, "macro_avg": {"precision": 1.0, "recall": 1.0, "f1": 1.0, "support": 18}, "macro_auc": 1.0, "macro_aupoc": 1.0, "doa": 1.0, "doa_know_support": 5, "doa_z_support": 50}}
{"id": 16, "metrics": {"accuracy": 1.0, "0.0": {"precision": 1.0, "recall": 1.0, "f1": 1.0, "support": 2}, "1.0": {"precision": 1.0, "recall": 1.0, "f1": 1.0, "support": 4}, "macro_avg": {"precision": 1.0, "recall": 1.0, "f1": 1.0, "support": 6}, "macro_auc": 1.0, "macro_aupoc": 1.0, "doa": 1.0, "doa_know_support": 3, "doa_z_support": 3}}
{"id": 17,