{"id": 0, "metrics": {"accuracy": 0.5550646891763963, "0.0": {"precision": 0.30444282592862343, "recall": 0.47880870561282934, "f1": 0.3722172751558325, "support": 873}, "1.0": {"precision": 0.7466592427616926, "recall": 0.5840592334494773, "f1": 0.655425219941349, "support": 2296}, "macro_avg": {"precision": 0.525551034345158, "recall": 0.5314339695311533, "f1": 0.5138212475485907, "support": 3169}, "macro_auc": 0.5372259539973897, "macro_aupoc": 0.7415284993400385, "doa": 0.5201977574814138, "doa_know_support": 218, "doa_z_support": 2452}}
{"id": 1, "metrics": {"accuracy": 0.6385998107852412, "0.0": {"precision": 0.3215434083601286, "recall": 0.36900369003690037, "f1": 0.3436426116838488, "support": 271}, "1.0": {"precision": 0.7707774798927614, "recall": 0.7315521628498728, "f1": 0.7506527415143602, "support": 786}, "macro_avg": {"precision": 0.5461604441264449, "recall": 0.5502779264433866, "f1": 0.5471476765991046, "support": 1057}, "macro_auc": 0.5848027755086711, "macro_aupoc": 0.784679901022397, "doa": 0.5101185118511852, "doa_know_support": 101, "doa_z_support": 284}}
{"id": 2, "metrics": {"accuracy": 0.6735537190082644, "0.0": {"precision": 0.28, "recall": 0.33980582524271846, "f1": 0.3070175438596491, "support": 103}, "1.0": {"precision": 0.8105849582172702, "recall": 0.7637795275590551, "f1": 0.7864864864864864, "support": 381}, "macro_avg": {"precision": 0.5452924791086351, "recall": 0.5517926764008868, "f1": 0.5467520151730678, "support": 484}, "macro_auc": 0.5504548581912698, "macro_aupoc": 0.8027026039221652, "doa": 0.4262820512820512, "doa_know_support": 52, "doa_z_support": 83}}
{"id": 3, "metrics": {"accuracy": 0.6748768472906403, "0.0": {"precision": 0.16279069767441862, "recall": 0.1891891891891892, "f1": 0.17500000000000002, "support": 37}, "1.0": {"precision": 0.8125, "recall": 0.7831325301204819, "f1": 0.7975460122699387, "support": 166}, "macro_avg": {"precision": 0.48764534883720934, "recall": 0.4861608596548356, "f1": 0.4862730061349694, "support": 203}, "macro_auc": 0.5035004884402475, "macro_aupoc": 0.8307346439676196, "doa": 0.38461538461538464, "doa_know_support": 13, "doa_z_support": 18}}
{"id": 4, "metrics": {"accuracy": 0.7894736842105263, "0.0": {"precision": 0.5789473684210527, "recall": 0.3548387096774194, "f1": 0.44000000000000006, "support": 31}, "1.0": {"precision": 0.8245614035087719, "recall": 0.9215686274509803, "f1": 0.8703703703703703, "support": 102}, "macro_avg": {"precision": 0.7017543859649122, "recall": 0.6382036685641999, "f1": 0.6551851851851852, "support": 133}, "macro_auc": 0.7183744465528146, "macro_aupoc": 0.8719818528132521, "doa": 0.4166666666666667, "doa_know_support": 6, "doa_z_support": 7}}
{"id": 5, "metrics": {"accuracy": 0.6875, "0.0": {"precision": 0.42857142857142855, "recall": 0.3333333333333333, "f1": 0.375, "support": 18}, "1.0": {"precision": 0.76, "recall": 0.8260869565217391, "f1": 0.7916666666666667, "support": 46}, "macro_avg": {"precision": 0.5942857142857143, "recall": 0.5797101449275363, "f1": 0.5833333333333334, "support": 64}, "macro_auc": 0.588768115942029, "macro_aupoc": 0.7608831199020458, "doa": 0.0, "doa_know_support": 1, "doa_z_support": 2}}
{"id": 6, "metrics": {"accuracy": 0.6851851851851852, "0.0": {"precision": 0.4, "recall": 0.42857142857142855, "f1": 0.4137931034482759, "support": 14}, "1.0": {"precision": 0.7948717948717948, "recall": 0.775, "f1": 0.7848101265822786, "support": 40}, "macro_avg": {"precision": 0.5974358974358974, "recall": 0.6017857142857143, "f1": 0.5993016150152772, "support": 54}, "macro_auc": 0.6785714285714286, "macro_aupoc": 0.8313353219859243, "doa": NaN, "doa_know_support": 0, "doa_z_support": 0}}
{"id": 7, "metrics": {"accuracy": 0.45, "0.0": {"precision": 0.14285714285714285, "recall": 0.16666666666666666, "f1": 0.15384615384615383, "support": 6}, "1.0": {"precision": 0.6153846153846154, "recall": 0.5714285714285714, "f1": 0.5925925925925927, "support": 14}, "macro_avg": {"precision": 0.3791208791208791, "recall": 0.369047619047619, "f1": 0.37321937321937326, "support": 20}, "macro_auc": 0.38095238095238093, "macro_aupoc": 0.6613720055559948, "doa": NaN, "doa_know_support": 0, "doa_z_support": 0}}
{"id": 8, "metrics": {"accuracy": 0.7222222222222222, "0.0": {"precision": 0.7142857142857143, "recall": 0.625, "f1": 0.6666666666666666, "support": 8}, "1.0": {"precision": 0.7272727272727273, "recall": 0.8, "f1": 0.761904761904762, "support": 10}, "macro_avg": {"precision": 0.7207792207792207, "recall": 0.7125, "f1": 0.7142857142857143, "support": 18}, "macro_auc": 0.70625, "macro_aupoc": 0.694458041958042, "doa": NaN, "doa_know_support": 0, "doa_z_support": 0}}
{"id": 9, "metrics": {"accuracy": 0.375, "0.0": {"precision": 0.0, "recall": 0.0, "f1": 0.0, "support": 1}, "1.0": {"precision": 0.75, "recall": 0.42857142857142855, "f1": 0.5454545454545454, "support": 7}, "macro_avg": {"precision": 0.375, "recall": 0.21428571428571427, "f1": 0.2727272727272727, "support": 8}, "macro_auc": 0.21428571428571427, "macro_aupoc": 0.8022108843537414, "doa": NaN, "doa_know_support": 0, "doa_z_support": 0}}
{"id": 10, "metrics": {"doa": NaN, "doa_know_support": 0, "doa_z_support": 0}}
{"id": 11, "metrics": {"accuracy": 0.5555555555555556, "0.0": {"precision": 0.0, "recall": 0.0, "f1": 0.0, "support": 1}, "1.0": {"precision": 0.8333333333333334, "recall": 0.625, "f1": 0.7142857142857143, "support": 8}, "macro_avg": {"precision": 0.4166666666666667, "recall": 0.3125, "f1": 0.35714285714285715, "support": 9}, "macro_auc": 0.3125, "macro_aupoc": 0.8484623015873016, "doa": NaN, "doa_know_support": 0, "doa_z_support": 0}}
{"id": 12, "metrics": {"accuracy": 0.25, "0.0": {"precision": 0.3333333333333333, "recall": 0.5, "f1": 0.4, "support": 2}, "1.0": {"precision": 0.0, "recall": 0.0, "f1": 0.0, "support": 2}, "macro_avg": {"precision": 0.16666666666666666, "recall": 0.25, "f1": 0.2, "support": 4}, "macro_auc": 0.5, "macro_aupoc": 0.5833333333333333, "doa": NaN, "doa_know_support": 0, "doa_z_support": 0}}
{"id": 13, "metrics": {"accuracy": 0.25, "0.0": {"precision": 0.0, "recall": 0.0, "f1": 0.0, "support": 1}, "1.0": {"precision": 0.5, "recall": 0.3333333333333333, "f1": 0.4, "support": 3}, "macro_avg": {"precision": 0.25, "recall": 0.16666666666666666, "f1": 0.2, "support": 4}, "macro_auc": 0.16666666666666666, "macro_aupoc": 0.6388888888888888, "doa": NaN, "doa_know_support": 0, "doa_z_support": 0}}
{"id": 14, "metrics": {"doa": NaN, "doa_know_support": 0, "doa_z_support": 0}}
{"id": 15, "metrics": {"accuracy": 0.0, "0.0": {"precision": 0.0, "recall": 0.0, "f1": 0.0, "support": 1.0}, "1.0": {"precision": 0.0, "recall": 0.0, "f1": 0.0, "support": 2.0}, "macro_avg": {"precision": 0.0, "recall": 0.0, "f1": 0.0, "support": 3.0}, "macro_auc": 0.0, "macro_aupoc": 0.5833333333333333, "doa": NaN, "doa_know_support": 0, "doa_z_support": 0}}
{"id": 17, "metrics": {"doa": NaN, "doa_know_support": 0, "doa_z_support": 0}}
{"id": 19, "metrics": {"doa": NaN, "doa_know_support": 0, "doa_z_support": 0}}
{"id": 22, "metrics": {"doa": NaN, "doa_know_support": 0, "doa_z_support": 0}}
{"id": 25, "metrics": {"accuracy": 0.3333333333333333, "0.0": {"precision": 0.0, "recall": 0.0, "f1": 0.0, "support": 1}, "1.0": {"precision": 0.5, "recall": 0.5, "f1": 0.5, "support": 2}, "macro_avg": {"precision": 0.25, "recall": 0.25, "f1": 0.25, "support": 3}, "macro_auc": 0.25, "macro_aupoc": 0.5833333333333333, "doa": NaN, "doa_know_support": 0, "doa_z_support": 0}}
{"id": 29, "metrics": {"accuracy": 0.6354679802955665, "0.0": {"precision": 0.3235097119892833, "recall": 0.3457408732999284, "f1": 0.3342560553633218, "support": 1397}, "1.0": {"precision": 0.7585204755614267, "recall": 0.739757794382891, "f1": 0.7490216540568746, "support": 3881}, "macro_avg": {"precision": 0.541015093775355, "recall": 0.5427493338414098, "f1": 0.5416388547100982, "support": 5278}, "macro_auc": 0.6270899820851432, "macro_aupoc": 0.8165723921617491, "doa": 0.5223282473236366, "doa_know_support": 269,