{"id": 0, "metrics": {"accuracy": 0.5550646891763963, "0.0": {"precision": 0.30444282592862343, "recall": 0.47880870561282934, "f1": 0.3722172751558325, "support": 873}, "1.0": {"precision": 0.7466592427616926, "recall": 0.5840592334494773, "f1": 0.655425219941349, "support": 2296}, "macro_avg": {"precision": 0.525551034345158, "recall": 0.5314339695311533, "f1": 0.5138212475485907, "support": 3169}, "macro_auc": 0.5372259539973897, "macro_aupoc": 0.7415284993400385, "doa": 0.5201977574814138, "doa_know_support": 218, "doa_z_support": 2452}}
{"id": 1, "metrics": {"accuracy": 0.7, "0.0": {"precision": 0.4, "recall": 0.4, "f1": 0.4000000000000001, "support": 5}, "1.0": {"precision": 0.8, "recall": 0.8, "f1": 0.8000000000000002, "support": 15}, "macro_avg": {"precision": 0.6000000000000001, "recall": 0.6000000000000001, "f1": 0.6000000000000001, "support": 20}, "macro_auc": 0.64, "macro_aupoc": 0.8760407022171728, "doa": NaN, "doa_know_support": 0, "doa_z_support": 0}}
{"id": 2, "metrics": {"doa": NaN, "doa_know_support": 0, "doa_z_support": 0}}
{"id": 7, "metrics": {"accuracy": 0.45, "0.0": {"precision": 0.14285714285714285, "recall": 0.16666666666666666, "f1": 0.15384615384615383, "support": 6}, "1.0": {"precision": 0.6153846153846154, "recall": 0.5714285714285714, "f1": 0.5925925925925927, "support": 14}, "macro_avg": {"precision": 0.3791208791208791, "recall": 0.369047619047619, "f1": 0.37321937321937326, "support": 20}, "macro_auc": 0.38095238095238093, "macro_aupoc": 0.6613720055559948, "doa": NaN, "doa_know_support": 0, "doa_z_support": 0}}
{"id": 8, "metrics": {"accuracy": 0.7222222222222222, "0.0": {"precision": 0.7142857142857143, "recall": 0.625, "f1": 0.6666666666666666, "support": 8}, "1.0": {"precision": 0.7272727272727273, "recall": 0.8, "f1": 0.761904761904762, "support": 10}, "macro_avg": {"precision": 0.7207792207792207, "recall": 0.7125, "f1": 0.7142857142857143, "support": 18}, "macro_auc": 0.70625, "macro_aupoc": 0.694458041958042, "doa": NaN, "doa_know_support": 0, "doa_z_support": 0}}
{"id": 9, "metrics": {"accuracy": 0.375, "0.0": {"precision": 0.0, "recall": 0.0, "f1": 0.0, "support": 1}, "1.0": {"precision": 0.75, "recall": 0.42857142857142855, "f1": 0.5454545454545454, "support": 7}, "macro_avg": {"precision": 0.375, "recall": 0.21428571428571427, "f1": 0.2727272727272727, "support": 8}, "macro_auc": 0.21428571428571427, "macro_aupoc": 0.8022108843537414, "doa": NaN, "doa_know_support": 0, "doa_z_support": 0}}
{"id": 10, "metrics": {"doa": NaN, "doa_know_support": 0, "doa_z_support": 0}}
{"id": 11, "metrics": {"accuracy": 0.5555555555555556, "0.0": {"precision": 0.0, "recall": 0.0, "f1": 0.0, "support": 1}, "1.0": {"precision": 0.8333333333333334, "recall": 0.625, "f1": 0.7142857142857143, "support": 8}, "macro_avg": {"precision": 0.4166666666666667, "recall": 0.3125, "f1": 0.35714285714285715, "support": 9}, "macro_auc": 0.3125, "macro_aupoc": 0.8484623015873016, "doa": NaN, "doa_know_support": 0, "doa_z_support": 0}}
{"id": 12, "metrics": {"accuracy": 0.25, "0.0": {"precision": 0.3333333333333333, "recall": 0.5, "f1": 0.4, "support": 2}, "1.0": {"precision": 0.0, "recall": 0.0, "f1": 0.0, "support": 2}, "macro_avg": {"precision": 0.16666666666666666, "recall": 0.25, "f1": 0.2, "support": 4}, "macro_auc": 0.5, "macro_aupoc": 0.5833333333333333, "doa": NaN, "doa_know_support": 0, "doa_z_support": 0}}
{"id": 13, "metrics": {"accuracy": 0.25, "0.0": {"precision": 0.0, "recall": 0.0, "f1": 0.0, "support": 1}, "1.0": {"precision": 0.5, "recall": 0.3333333333333333, "f1": 0.4, "support": 3}, "macro_avg": {"precision": 0.25, "recall": 0.16666666666666666, "f1": 0.2, "support": 4}, "macro_auc": 0.16666666666666666, "macro_aupoc": 0.6388888888888888, "doa": NaN, "doa_know_support": 0, "doa_z_support": 0}}
{"id": 14, "metrics": {"doa": NaN, "doa_know_support": 0, "doa_z_support": 0}}
{"id": 15, "metrics": {"accuracy": 0.0, "0.0": {"precision": 0.0, "recall": 0.0, "f1": 0.0, "support": 1.0}, "1.0": {"precision": 0.0, "recall": 0.0, "f1": 0.0, "support": 2.0}, "macro_avg": {"precision": 0.0, "recall": 0.0, "f1": 0.0, "support": 3.0}, "macro_auc": 0.0, "macro_aupoc": 0.5833333333333333, "doa": NaN, "doa_know_support": 0, "doa_z_support": 0}}
{"id": 17, "metrics": {"doa": NaN, "doa_know_support": 0, "doa_z_support": 0}}
{"id": 19, "metrics": {"doa": NaN, "doa_know_support": 0, "doa_z_support": 0}}
{"id": 22, "metrics": {"doa": NaN, "doa_know_support": 0, "doa_z_support": 0}}
{"id": 25, "metrics": {"accuracy": 0.3333333333333333, "0.0": {"precision": 0.0, "recall": 0.0, "f1": 0.0, "support": 1}, "1.0": {"precision": 0.5, "recall": 0.5, "f1": 0.5, "support": 2}, "macro_avg": {"precision": 0.25, "recall": 0.25, "f1": 0.25, "support": 3}, "macro_auc": 0.25, "macro_aupoc": 0.5833333333333333, "doa": NaN, "doa_know_support": 0, "doa_z_support": 0}}
{"id": 29, "metrics": {"accuracy": 0.6354679802955665, "0.0": {"precision": 0.3235097119892833, "recall": 0.3457408732999284, "f1": 0.3342560553633218, "support": 1397}, "1.0": {"precision": 0.7585204755614267, "recall": 0.739757794382891, "f1": 0.7490216540568746, "support": 3881}, "macro_avg": {"precision": 0.541015093775355, "recall": 0.5427493338414098, "f1": 0.5416388547100982, "support": 5278}, "macro_auc": 0.6270899820851432, "macro_aupoc": 0.8165723921617491, "doa": 0.5223282473236366, "doa_know_support": 269, "doa_z_support": 6587}}
{"id": 34, "metrics": {"accuracy": 0.6407730200833649, "0.0": {"precision": 0.33265856950067474, "recall": 0.35214285714285715, "f1": 0.3421235253296322, "support": 1400}, "1.0": {"precision": 0.7610642781875658, "recall": 0.7449716348633316, "f1": 0.7529319781078969, "support": 3878}, "macro_avg": {"precision": 0.5468614238441203, "recall": 0.5485572460030944, "f1": 0.5475277517187646, "support": 5278}, "macro_auc": 0.6480510940838429, "macro_aupoc": 0.8267651632150698, "doa": 0.5359578797832921, "doa_know_support": 268, "doa_z_support": 6644}}
{"id": 47, "metrics": {"accuracy": 0.6405835543766578, "0.0": {"precision": 0.32710280373831774, "recall": 0.3553299492385787, "f1": 0.34063260340632606, "support": 1379}, "1.0": {"precision": 0.7648148148148148, "recall": 0.7414721723518851, "f1": 0.7529626253418414, "support": 3899}, "macro_avg": {"precision": 0.5459588092765663, "recall": 0.5484010607952319, "f1": 0.5467976143740838, "support": 5278}, "macro_auc": 0.6313012149970214, "macro_aupoc": 0.8206959400160985, "doa": 0.5179790263227487, "doa_know_support": 281, "doa_z_support": 6529}}
