{"id": 0, "metrics": {"accuracy": 0.5217174238642037, "0.0": {"precision": 0.3514412416851441, "recall": 0.45942028985507244, "f1": 0.3982412060301508, "support": 690}, "1.0": {"precision": 0.6612170753860127, "recall": 0.5544554455445545, "f1": 0.6031483015741508, "support": 1313}, "macro_avg": {"precision": 0.5063291585355785, "recall": 0.5069378676998135, "f1": 0.5006947538021508, "support": 2003}, "macro_auc": 0.5093645484949832, "macro_aupoc": 0.6638315244937607, "doa": 0.5402380689784781, "doa_know_support": 52, "doa_z_support": 420}}
{"id": 1, "metrics": {"accuracy": 0.6129032258064516, "0.0": {"precision": 0.4440677966101695, "recall": 0.3864306784660767, "f1": 0.41324921135646686, "support": 339}, "1.0": {"precision": 0.6876876876876877, "recall": 0.7363344051446945, "f1": 0.7111801242236024, "support": 622}, "macro_avg": {"precision": 0.5658777421489286, "recall": 0.5613825418053856, "f1": 0.5622146677900346, "support": 961}, "macro_auc": 0.5794515740450918, "macro_aupoc": 0.6990884623335086, "doa": 0.39927521972976515, "doa_know_support": 44, "doa_z_support": 173}}
{"id": 2, "metrics": {"accuracy": 0.64349376114082, "0.0": {"precision": 0.4852941176470588, "recall": 0.336734693877551, "f1": 0.39759036144578314, "support": 196}, "1.0": {"precision": 0.6941176470588235, "recall": 0.8082191780821918, "f1": 0.7468354430379747, "support": 365}, "macro_avg": {"precision": 0.5897058823529412, "recall": 0.5724769359798714, "f1": 0.5722129022418789, "support": 561}, "macro_auc": 0.6331562762091139, "macro_aupoc": 0.7446752764636808, "doa": 0.6345238095238095, "doa_know_support": 28, "doa_z_support": 58}}
{"id": 3, "metrics": {"accuracy": 0.6422287390029325, "0.0": {"precision": 0.3763440860215054, "recall": 0.35353535353535354, "f1": 0.3645833333333333, "support": 99}, "1.0": {"precision": 0.7419354838709677, "recall": 0.7603305785123967, "f1": 0.7510204081632653, "support": 242}, "macro_avg": {"precision": 0.5591397849462365, "recall": 0.5569329660238751, "f1": 0.5578018707482993, "support": 341}, "macro_auc": 0.5916186659988313, "macro_aupoc": 0.7592858245053059, "doa": 0.5133333333333333, "doa_know_support": 15, "doa_z_support": 21}}
{"id": 4, "metrics": {"accuracy": 0.6086956521739131, "0.0": {"precision": 0.3698630136986301, "recall": 0.3375, "f1": 0.3529411764705882, "support": 80}, "1.0": {"precision": 0.7055555555555556, "recall": 0.7341040462427746, "f1": 0.7195467422096319, "support": 173}, "macro_avg": {"precision": 0.5377092846270929, "recall": 0.5358020231213874, "f1": 0.53624395934011, "support": 253}, "macro_auc": 0.5377167630057804, "macro_aupoc": 0.6882072113842201, "doa": 0.5, "doa_know_support": 11, "doa_z_support": 12}}
{"id": 5, "metrics": {"accuracy": 0.6444444444444445, "0.0": {"precision": 0.5161290322580645, "recall": 0.24615384615384617, "f1": 0.3333333333333333, "support": 65}, "1.0": {"precision": 0.6711409395973155, "recall": 0.8695652173913043, "f1": 0.7575757575757576, "support": 115}, "macro_avg": {"precision": 0.5936349859276899, "recall": 0.5578595317725752, "f1": 0.5454545454545454, "support": 180}, "macro_auc": 0.5795317725752508, "macro_aupoc": 0.7009384251403836, "doa": 0.25, "doa_know_support": 6, "doa_z_support": 10}}
{"id": 6, "metrics": {"accuracy": 0.5887096774193549, "0.0": {"precision": 0.3055555555555556, "recall": 0.2972972972972973, "f1": 0.3013698630136986, "support": 37}, "1.0": {"precision": 0.7045454545454546, "recall": 0.7126436781609196, "f1": 0.7085714285714286, "support": 87}, "macro_avg": {"precision": 0.5050505050505051, "recall": 0.5049704877291085, "f1": 0.5049706457925636, "support": 124}, "macro_auc": 0.5392979186082634, "macro_aupoc": 0.7191016975711558, "doa": 0.1111111111111111, "doa_know_support": 6, "doa_z_support": 10}}
{"id": 7, "metrics": {"accuracy": 0.6421052631578947, "0.0": {"precision": 0.4444444444444444, "recall": 0.3870967741935484, "f1": 0.41379310344827586, "support": 31}, "1.0": {"precision": 0.7205882352941176, "recall": 0.765625, "f1": 0.7424242424242423, "support": 64}, "macro_avg": {"precision": 0.582516339869281, "recall": 0.5763608870967742, "f1": 0.5781086729362591, "support": 95}, "macro_auc": 0.6118951612903226, "macro_aupoc": 0.7409226523713277, "doa": 0.0, "doa_know_support": 4, "doa_z_support": 6}}
{"id": 8, "metrics": {"accuracy": 0.6129032258064516, "0.0": {"precision": 0.4, "recall": 0.4, "f1": 0.4000000000000001, "support": 20}, "1.0": {"precision": 0.7142857142857143, "recall": 0.7142857142857143, "f1": 0.7142857142857143, "support": 42}, "macro_avg": {"precision": 0.5571428571428572, "recall": 0.5571428571428572, "f1": 0.5571428571428572, "support": 62}, "macro_auc": 0.6797619047619047, "macro_aupoc": 0.7636072298843054, "doa": 0.16666666666666666, "doa_know_support": 3, "doa_z_support": 5}}
{"id": 9, "metrics": {"accuracy": 0.7115384615384616, "0.0": {"precision": 0.6428571428571429, "recall": 0.47368421052631576, "f1": 0.5454545454545454, "support": 19}, "1.0": {"precision": 0.7368421052631579, "recall": 0.8484848484848485, "f1": 0.7887323943661972, "support": 33}, "macro_avg": {"precision": 0.6898496240601504, "recall": 0.6610845295055822, "f1": 0.6670934699103713, "support": 52}, "macro_auc": 0.7065390749601276, "macro_aupoc": 0.7747230828173688, "doa": NaN, "doa_know_support": 0, "doa_z_support": 0}}
{"id": 10, "metrics": {"accuracy": 0.6666666666666666, "0.0": {"precision": 0.35714285714285715, "recall": 0.4166666666666667, "f1": 0.3846153846153846, "support": 12}, "1.0": {"precision": 0.7941176470588235, "recall": 0.75, "f1": 0.7714285714285715, "support": 36}, "macro_avg": {"precision": 0.5756302521008403, "recall": 0.5833333333333334, "f1": 0.578021978021978, "support": 48}, "macro_auc": 0.5648148148148149, "macro_aupoc": 0.790614305691948, "doa": 1.0, "doa_know_support": 3, "doa_z_support": 5}}
{"id": 11, "metrics": {"accuracy": 0.6363636363636364, "0.0": {"precision": 0.375, "recall": 0.3, "f1": 0.33333333333333326, "support": 10}, "1.0": {"precision": 0.72, "recall": 0.782608695652174, "f1": 0.7499999999999999, "support": 23}, "macro_avg": {"precision": 0.5475, "recall": 0.5413043478260869, "f1": 0.5416666666666665, "support": 33}, "macro_auc": 0.5652173913043479, "macro_aupoc": 0.7106305975222805, "doa": 0.0, "doa_know_support": 2, "doa_z_support": 2}}
{"id": 12, "metrics": {"accuracy": 0.48484848484848486, "0.0": {"precision": 0.3333333333333333, "recall": 0.3076923076923077, "f1": 0.32, "support": 13}, "1.0": {"precision": 0.5714285714285714, "recall": 0.6, "f1": 0.5853658536585366, "support": 20}, "macro_avg": {"precision": 0.45238095238095233, "recall": 0.45384615384615384, "f1": 0.45268292682926825, "support": 33}, "macro_auc": 0.46153846153846156, "macro_aupoc": 0.6331341525819747, "doa": 0.5, "doa_know_support": 1, "doa_z_support": 2}}
{"id": 13, "metrics": {"accuracy": 0.7777777777777778, "0.0": {"precision": 0.6666666666666666, "recall": 0.5, "f1": 0.5714285714285715, "support": 8}, "1.0": {"precision": 0.8095238095238095, "recall": 0.8947368421052632, "f1": 0.8500000000000001, "support": 19}, "macro_avg": {"precision": 0.7380952380952381, "recall": 0.6973684210526316, "f1": 0.7107142857142859, "support": 27}, "macro_auc": 0.7105263157894737, "macro_aupoc": 0.8008054381886129, "doa": NaN, "doa_know_support": 0, "doa_z_support": 0}}
{"id": 14, "metrics": {"accuracy": 0.6538461538461539, "0.0": {"precision": 0.7777777777777778, "recall": 0.5, "f1": 0.6086956521739131, "support": 14}, "1.0": {"precision": 0.5882352941176471, "recall": 0.8333333333333334, "f1": 0.6896551724137931, "support": 12}, "macro_avg": {"precision": 0.6830065359477124, "recall": 0.6666666666666667, "f1": 0.6491754122938531, "support": 26}, "macro_auc": 0.6785714285714285, "macro_aupoc": 0.6926253076988371, "doa": 1.0, "doa_know_support": 1, "doa_z_support": 2}}
{"id": 15, "metrics": {"accuracy": 0.6666666666666666, "0.0": {"precision": 0.5, "recall": 0.2857142857142857, "f1": 0.36363636363636365, "support": 7}, "1.0": {"precision": 0.7058823529411765,